Domain,Have_IP,Have_At,URL_Length,URL_Depth,Redirection,https_Domain,TinyURL,Prefix/Suffix,DNS_Record,Web_Traffic,Domain_Age,Domain_End,iFrame,Mouse_Over,Right_Click,Web_Forwards,Label
soundcloud.com,0,0,0,1,0,0,0,0,0,0,0,0,0,0,0,0,0
wellsfargo.com,0,0,0,4,0,0,0,0,0,0,0,0,0,0,0,0,0
www.adobe.com,0,0,0,1,0,0,0,0,0,0,0,0,0,0,0,0,0
www.golang.org,0,0,0,1,0,0,0,0,0,0,0,0,0,0,0,0,0
reuters.com,0,0,0,1,0,0,0,0,0,0,0,0,0,0,0,0,0
leetcode.com,0,0,0,1,0,0,0,0,0,0,0,0,0,0,0,0,0
vimeo.com,0,0,0,4,0,0,0,0,0,0,0,0,0,0,0,0,0
taobao.com,0,0,0,1,0,0,0,0,0,0,0,0,0,0,0,0,0
cam.ac.uk,0,0,0,1,0,0,0,0,0,0,0,0,0,0,0,0,0
cam.ac.uk,0,0,0,1,0,0,0,0,0,0,0,0,0,0,0,0,0
www.fidelity.com,0,0,0,3,0,0,0,0,0,0,0,0,0,0,0,0,0
craigslist.org,0,0,0,1,0,0,0,0,0,0,0,0,0,0,0,0,0
www.sony.com,0,0,0,3,0,0,0,0,0,0,0,0,0,0,0,0,0
www.dropbox.com,0,0,0,1,0,0,0,0,0,0,0,0,0,0,0,0,0
golang.org,0,0,0,3,0,0,0,0,0,0,0,0,0,0,0,0,0
www.php.net,0,0,0,1,0,0,0,0,0,0,0,0,0,0,0,0,0
samsung.com,0,0,0,1,0,0,0,0,0,0,0,0,0,0,0,0,0
www.forbes.com,0,0,0,3,0,0,0,0,0,0,0,0,0,0,0,0,0
oracle.com,0,0,0,1,0,0,0,0,0,0,0,0,0,0,0,0,0
nvidia.com,0,0,0,1,0,0,0,0,0,0,0,0,0,0,0,0,0
www.amd.com,0,0,0,1,0,0,0,0,0,0,0,0,0,0,0,0,0
www.adobe.com,0,0,0,1,0,0,0,0,0,0,0,0,0,0,0,0,0
www.berkeley.edu,0,0,0,4,0,0,0,0,0,0,0,0,0,0,0,0,0
apache.org,0,0,0,3,0,0,0,0,0,0,0,0,0,0,0,0,0
harvard.edu,0,0,0,3,0,0,0,0,0,0,0,0,0,0,0,0,0
ox.ac.uk,0,0,0,1,0,0,0,0,0,0,0,0,0,0,0,0,0
huawei.com,0,0,0,4,0,0,0,0,0,0,0,0,0,0,0,0,0
www.whatsapp.com,0,0,0,3,0,0,0,0,0,0,0,0,0,0,0,0,0
microsoft.com,0,0,0,3,0,0,0,0,0,0,0,0,0,0,0,0,0
nvidia.com,0,0,0,0,0,0,0,0,0,0,0,0,0,0,0,0,0
cisco.com,0,0,0,3,0,0,0,0,0,0,0,0,0,0,0,0,0
www.bing.com,0,0,0,1,0,0,0,0,0,0,0,0,0,0,0,0,0
quora.com,0,0,0,4,0,0,0,0,0,0,0,0,0,0,0,0,0
www.bloomberg.com,0,0,0,1,0,0,0,0,0,0,0,0,0,0,0,0,0
gitlab.com,0,0,0,1,0,0,0,0,0,0,0,0,0,0,0,0,0
bbc.com,0,0,0,1,0,0,0,0,0,0,0,0,0,0,0,0,0
www.bitfinex.com,0,0,0,0,0,0,0,0,0,0,0,0,0,0,0,0,0
www.oracle.com,0,0,0,1,0,0,0,0,0,0,0,0,0,0,0,0,0
www.office.com,0,0,0,1,0,0,0,0,0,0,0,0,0,0,0,0,0
www.digitalocean.com,0,0,1,1,0,0,0,0,0,0,0,0,0,0,0,0,0
www.spotify.com,0,0,0,1,0,0,0,0,0,0,0,0,0,0,0,0,0
www.square.com,0,0,0,1,0,0,0,0,0,0,0,0,0,0,0,0,0
tumblr.com,0,0,0,1,0,0,0,0,0,0,0,0,0,0,0,0,0
www.weather.com,0,0,0,0,0,0,0,0,0,0,0,0,0,0,0,0,0
www.americanexpress.com,0,0,0,1,0,0,0,0,0,0,0,0,0,0,0,0,0
kotlinlang.org,0,0,0,1,0,0,0,0,0,0,0,0,0,0,0,0,0
www.paypal.com,0,0,0,2,0,0,0,0,0,0,0,0,0,0,0,0,0
bankofamerica.com,0,0,0,1,0,0,0,0,0,0,0,0,0,0,0,0,0
www.digitalocean.com,0,0,0,1,0,0,0,0,0,0,0,0,0,0,0,0,0
stanford.edu,0,0,0,1,0,0,0,0,0,0,0,0,0,0,0,0,0
namecheap.com,0,0,0,4,0,0,0,0,0,0,0,0,0,0,0,0,0
www.harvard.edu,0,0,0,0,0,0,0,0,0,0,0,0,0,0,0,0,0
khanacademy.org,0,0,0,1,0,0,0,0,0,0,0,0,0,0,0,0,0
square.com,0,0,0,1,0,0,0,0,0,0,0,0,0,0,0,0,0
php.net,0,0,0,1,0,0,0,0,0,0,0,0,0,0,0,0,0
www.nasa.gov,0,0,0,1,0,0,0,0,0,0,0,0,0,0,0,0,0
flickr.com,0,0,0,1,0,0,0,0,0,0,0,0,0,0,0,0,0
www.taobao.com,0,0,0,1,0,0,0,0,0,0,0,0,0,0,0,0,0
www.trello.com,0,0,0,1,0,0,0,0,0,0,0,0,0,0,0,0,0
nodejs.org,0,0,0,4,0,0,0,0,0,0,0,0,0,0,0,0,0
www.hostgator.com,0,0,0,0,0,0,0,0,0,0,0,0,0,0,0,0,0
www.twitch.tv,0,0,0,3,0,0,0,0,0,0,0,0,0,0,0,0,0
www.qualcomm.com,0,0,0,1,0,0,0,0,0,0,0,0,0,0,0,0,0
cloud.google.com,0,0,0,4,0,0,0,0,0,0,0,0,0,0,0,0,0
www.kotlinlang.org,0,0,0,1,0,0,0,0,0,0,0,0,0,0,0,0,0
www.azure.microsoft.com,0,0,0,1,0,0,0,0,0,0,0,0,0,0,0,0,0
www.ruby-lang.org,0,0,0,1,0,0,0,1,0,0,0,0,0,0,0,0,0
tailwindcss.com,0,0,0,1,0,0,0,0,0,0,0,0,0,0,0,0,0
coinbase.com,0,0,0,3,0,0,0,0,0,0,0,0,0,0,0,0,0
www.yandex.ru,0,0,0,1,0,0,0,0,0,0,0,0,0,0,0,0,0
www.usa.gov,0,0,0,4,0,0,0,0,0,0,0,0,0,0,0,0,0
www.live.com,0,0,0,1,0,0,0,0,0,0,0,0,0,0,0,0,0
typescriptlang.org,0,0,0,2,0,0,0,0,0,0,0,0,0,0,0,0,0
qualcomm.com,0,0,0,3,0,0,0,0,0,0,0,0,0,0,0,0,0
mit.edu,0,0,0,1,0,0,0,0,0,0,0,0,0,0,0,0,0
www.wikipedia.org,0,0,0,4,0,0,0,0,0,0,0,0,0,0,0,0,0
www.mozilla.org,0,0,0,1,0,0,0,0,0,0,0,0,0,0,0,0,0
github.com,0,0,0,3,0,0,0,0,0,0,0,0,0,0,0,0,0
aws.amazon.com,0,0,0,3,0,0,0,0,0,0,0,0,0,0,0,0,0
reddit.com,0,0,0,4,0,0,0,0,0,0,0,0,0,0,0,0,0
trello.com,0,0,0,1,0,0,0,0,0,0,0,0,0,0,0,0,0
www.cam.ac.uk,0,0,0,4,0,0,0,0,0,0,0,0,0,0,0,0,0
linkedin.com,0,0,0,1,0,0,0,0,0,0,0,0,0,0,0,0,0
oneplus.com,0,0,0,0,0,0,0,0,0,0,0,0,0,0,0,0,0
ca.gov,0,0,0,1,0,0,0,0,0,0,0,0,0,0,0,0,0
www.twitter.com,0,0,0,0,0,0,0,0,0,0,0,0,0,0,0,0,0
www.imdb.com,0,0,0,0,0,0,0,0,0,0,0,0,0,0,0,0,0
www.w3schools.com,0,0,0,3,0,0,0,0,0,0,0,0,0,0,0,0,0
citi.com,0,0,0,1,0,0,0,0,0,0,0,0,0,0,0,0,0
linode.com,0,0,0,1,0,0,0,0,0,0,0,0,0,0,0,0,0
reactjs.org,0,0,0,3,0,0,0,0,0,0,0,0,0,0,0,0,0
bluehost.com,0,0,0,1,0,0,0,0,0,0,0,0,0,0,0,0,0
yandex.ru,0,0,0,1,0,0,0,0,0,0,0,0,0,0,0,0,0
www.jd.com,0,0,0,4,0,0,0,0,0,0,0,0,0,0,0,0,0
www.salesforce.com,0,0,0,1,0,0,0,0,0,0,0,0,0,0,0,0,0
www.usbank.com,0,0,0,1,0,0,0,0,0,0,0,0,0,0,0,0,0
www.google.com,0,0,0,4,0,0,0,0,0,0,0,0,0,0,0,0,0
mail.ru,0,0,0,4,0,0,0,0,0,0,0,0,0,0,0,0,0
www.stripe.com,0,0,0,1,0,0,0,0,0,0,0,0,0,0,0,0,0
telegram.org,0,0,0,1,0,0,0,0,0,0,0,0,0,0,0,0,0
tencent.com,0,0,0,1,0,0,0,0,0,0,0,0,0,0,0,0,0
www.mit.edu,0,0,0,3,0,0,0,0,0,0,0,0,0,0,0,0,0
www.canva.com,0,0,0,2,0,0,0,0,0,0,0,0,0,0,0,0,0
huawei.com,0,0,0,3,0,0,0,0,0,0,0,0,0,0,0,0,0
edx.org,0,0,0,1,0,0,0,0,0,0,0,0,0,0,0,0,0
www.python.org,0,0,0,1,0,0,0,0,0,0,0,0,0,0,0,0,0
imdb.com,0,0,0,1,0,0,0,0,0,0,0,0,0,0,0,0,0
www.vivo.com,0,0,0,1,0,0,0,0,0,0,0,0,0,0,0,0,0
www.cloud.google.com,0,0,0,2,0,0,0,0,0,0,0,0,0,0,0,0,0
www.theguardian.com,0,0,0,1,0,0,0,0,0,0,0,0,0,0,0,0,0
www.medium.com,0,0,0,2,0,0,0,0,0,0,0,0,0,0,0,0,0
www.wix.com,0,0,0,1,0,0,0,0,0,0,0,0,0,0,0,0,0
gemini.com,0,0,0,1,0,0,0,0,0,0,0,0,0,0,0,0,0
www.accuweather.com,0,0,0,1,0,0,0,0,0,0,0,0,0,0,0,0,0
berkeley.edu,0,0,0,1,0,0,0,0,0,0,0,0,0,0,0,0,0
www.facebook.com,0,0,0,2,0,0,0,0,0,0,0,0,0,0,0,0,0
www.amd.com,0,0,0,1,0,0,0,0,0,0,0,0,0,0,0,0,0
www.dropbox.com,0,0,0,1,0,0,0,0,0,0,0,0,0,0,0,0,0
www.nytimes.com,0,0,0,1,0,0,0,0,0,0,0,0,0,0,0,0,0
cdc.gov,0,0,0,1,0,0,0,0,0,0,0,0,0,0,0,0,0
www.facebook.com,0,0,0,1,0,0,0,0,0,0,0,0,0,0,0,0,0
pinterest.com,0,0,0,3,0,0,0,0,0,0,0,0,0,0,0,0,0
x.com,0,0,0,4,0,0,0,0,0,0,0,0,0,0,0,0,0
www.hp.com,0,0,0,1,0,0,0,0,0,0,0,0,0,0,0,0,0
un.org,0,0,0,1,0,0,0,0,0,0,0,0,0,0,0,0,0
www.ftx.com,0,0,0,4,0,0,0,0,0,0,0,0,0,0,0,0,0
imdb.com,0,0,0,1,0,0,0,0,0,0,0,0,0,0,0,0,0
leetcode.com,0,0,0,1,0,0,0,0,0,0,0,0,0,0,0,0,0
hackerrank.com,0,0,0,0,0,0,0,0,0,0,0,0,0,0,0,0,0
vanguard.com,0,0,0,1,0,0,0,0,0,0,0,0,0,0,0,0,0
www.medium.com,0,0,0,3,0,0,0,0,0,0,0,0,0,0,0,0,0
udacity.com,0,0,0,1,0,0,0,0,0,0,0,0,0,0,0,0,0
www.apache.org,0,0,0,3,0,0,0,0,0,0,0,0,0,0,0,0,0
europa.eu,0,0,0,1,0,0,0,0,0,0,0,0,0,0,0,0,0
www.wordpress.org,0,0,0,0,0,0,0,0,0,0,0,0,0,0,0,0,0
www.shopify.com,0,0,0,1,0,0,0,0,0,0,0,0,0,0,0,0,0
tumblr.com,0,0,0,4,0,0,0,0,0,0,0,0,0,0,0,0,0
www.jd.com,0,0,0,3,0,0,0,0,0,0,0,0,0,0,0,0,0
www.hackerrank.com,0,0,0,4,0,0,0,0,0,0,0,0,0,0,0,0,0
cdc.gov,0,0,0,1,0,0,0,0,0,0,0,0,0,0,0,0,0
www.nextjs.org,0,0,0,1,0,0,0,0,0,0,0,0,0,0,0,0,0
www.kraken.com,0,0,0,1,0,0,0,0,0,0,0,0,0,0,0,0,0
americanexpress.com,0,0,0,1,0,0,0,0,0,0,0,0,0,0,0,0,0
www.coursera.org,0,0,0,1,0,0,0,0,0,0,0,0,0,0,0,0,0
python.org,0,0,0,3,0,0,0,0,0,0,0,0,0,0,0,0,0
flickr.com,0,0,0,2,0,0,0,0,0,0,0,0,0,0,0,0,0
wordpress.org,0,0,0,1,0,0,0,0,0,0,0,0,0,0,0,0,0
www.nasa.gov,0,0,0,1,0,0,0,0,0,0,0,0,0,0,0,0,0
www.canva.com,0,0,0,3,0,0,0,0,0,0,0,0,0,0,0,0,0
www.dropbox.com,0,0,0,2,0,0,0,0,0,0,0,0,0,0,0,0,0
www.khanacademy.org,0,0,0,1,0,0,0,0,0,0,0,0,0,0,0,0,0
www.qualcomm.com,0,0,0,1,0,0,0,0,0,0,0,0,0,0,0,0,0
youtube.com,0,0,0,1,0,0,0,0,0,0,0,0,0,0,0,0,0
www.ftx.com,0,0,0,1,0,0,0,0,0,0,0,0,0,0,0,0,0
whatsapp.com,0,0,0,1,0,0,0,0,0,0,0,0,0,0,0,0,0
stripe.com,0,0,0,3,0,0,0,0,0,0,0,0,0,0,0,0,0
www.paypal.com,0,0,0,1,0,0,0,0,0,0,0,0,0,0,0,0,0
sina.com.cn,0,0,0,3,0,0,0,0,0,0,0,0,0,0,0,0,0
instagram.com,0,0,0,1,0,0,0,0,0,0,0,0,0,0,0,0,0
pinterest.com,0,0,0,4,0,0,0,0,0,0,0,0,0,0,0,0,0
bybit.com,0,0,0,4,0,0,0,0,0,0,0,0,0,0,0,0,0
coursera.org,0,0,0,4,0,0,0,0,0,0,0,0,0,0,0,0,0
www.quora.com,0,0,0,1,0,0,0,0,0,0,0,0,0,0,0,0,0
www.kraken.com,0,0,0,4,0,0,0,0,0,0,0,0,0,0,0,0,0
www.craigslist.org,0,0,0,1,0,0,0,0,0,0,0,0,0,0,0,0,0
nextjs.org,0,0,0,1,0,0,0,0,0,0,0,0,0,0,0,0,0
aliexpress.com,0,0,0,4,0,0,0,0,0,0,0,0,0,0,0,0,0
www.figma.com,0,0,0,0,0,0,0,0,0,0,0,0,0,0,0,0,0
tailwindcss.com,0,0,0,1,0,0,0,0,0,0,0,0,0,0,0,0,0
mail.ru,0,0,0,1,0,0,0,0,0,0,0,0,0,0,0,0,0
binance.com,0,0,0,3,0,0,0,0,0,0,0,0,0,0,0,0,0
www.craigslist.org,0,0,0,4,0,0,0,0,0,0,0,0,0,0,0,0,0
berkeley.edu,0,0,0,4,0,0,0,0,0,0,0,0,0,0,0,0,0
www.usa.gov,0,0,0,1,0,0,0,0,0,0,0,0,0,0,0,0,0
reactjs.org,0,0,0,1,0,0,0,0,0,0,0,0,0,0,0,0,0
amazon.com,0,0,0,3,0,0,0,0,0,0,0,0,0,0,0,0,0
www.cdc.gov,0,0,0,1,0,0,0,0,0,0,0,0,0,0,0,0,0
salesforce.com,0,0,0,1,0,0,0,0,0,0,0,0,0,0,0,0,0
www.php.net,0,0,0,1,0,0,0,0,0,0,0,0,0,0,0,0,0
www.squarespace.com,0,0,0,1,0,0,0,0,0,0,0,0,0,0,0,0,0
atlassian.com,0,0,0,1,0,0,0,0,0,0,0,0,0,0,0,0,0
render.com,0,0,0,1,0,0,0,0,0,0,0,0,0,0,0,0,0
bing.com,0,0,0,3,0,0,0,0,0,0,0,0,0,0,0,0,0
www.office.com,0,0,0,1,0,0,0,0,0,0,0,0,0,0,0,0,0
reuters.com,0,0,0,1,0,0,0,0,0,0,0,0,0,0,0,0,0
www.gitlab.com,0,0,0,4,0,0,0,0,0,0,0,0,0,0,0,0,0
www.jd.com,0,0,0,1,0,0,0,0,0,0,0,0,0,0,0,0,0
www.youtube.com,0,0,0,1,0,0,0,0,0,0,0,0,0,0,0,0,0
www.ibm.com,0,0,0,1,0,0,0,0,0,0,0,0,0,0,0,0,0
cnn.com,0,0,0,1,0,0,0,0,0,0,0,0,0,0,0,0,0
amd.com,0,0,0,1,0,0,0,0,0,0,0,0,0,0,0,0,0
ca.gov,0,0,0,4,0,0,0,0,0,0,0,0,0,0,0,0,0
www.oppo.com,0,0,0,1,0,0,0,0,0,0,0,0,0,0,0,0,0
www.oppo.com,0,0,0,1,0,0,0,0,0,0,0,0,0,0,0,0,0
www.bankofamerica.com,0,0,0,1,0,0,0,0,0,0,0,0,0,0,0,0,0
ebay.com,0,0,0,4,0,0,0,0,0,0,0,0,0,0,0,0,0
www.azure.microsoft.com,0,0,0,3,0,0,0,0,0,0,0,0,0,0,0,0,0
xiaomi.com,0,0,0,1,0,0,0,0,0,0,0,0,0,0,0,0,0
www.taobao.com,0,0,0,1,0,0,0,0,0,0,0,0,0,0,0,0,0
godaddy.com,0,0,0,1,0,0,0,0,0,0,0,0,0,0,0,0,0
linode.com,0,0,0,1,0,0,0,0,0,0,0,0,0,0,0,0,0
cisco.com,0,0,0,2,0,0,0,0,0,0,0,0,0,0,0,0,0
www.mastercard.com,0,0,0,1,0,0,0,0,0,0,0,0,0,0,0,0,0
www.sohu.com,0,0,0,2,0,0,0,0,0,0,0,0,0,0,0,0,0
vercel.com,0,0,0,4,0,0,0,0,0,0,0,0,0,0,0,0,0
www.bitfinex.com,0,0,0,1,0,0,0,0,0,0,0,0,0,0,0,0,0
www.spotify.com,0,0,0,1,0,0,0,0,0,0,0,0,0,0,0,0,0
flickr.com,0,0,0,4,0,0,0,0,0,0,0,0,0,0,0,0,0
apache.org,0,0,0,1,0,0,0,0,0,0,0,0,0,0,0,0,0
salesforce.com,0,0,0,1,0,0,0,0,0,0,0,0,0,0,0,0,0
www.amazon.com,0,0,0,2,0,0,0,0,0,0,0,0,0,0,0,0,0
www.nextjs.org,0,0,0,3,0,0,0,0,0,0,0,0,0,0,0,0,0
www.imdb.com,0,0,0,2,0,0,0,0,0,0,0,0,0,0,0,0,0
imdb.com,0,0,0,1,0,0,0,0,0,0,0,0,0,0,0,0,0
www.berkeley.edu,0,0,0,1,0,0,0,0,0,0,0,0,0,0,0,0,0
sohu.com,0,0,0,1,0,0,0,0,0,0,0,0,0,0,0,0,0
www.slack.com,0,0,0,0,0,0,0,0,0,0,0,0,0,0,0,0,0
www.xiaomi.com,0,0,0,1,0,0,0,0,0,0,0,0,0,0,0,0,0
www.google.com,0,0,0,1,0,0,0,0,0,0,0,0,0,0,0,0,0
reactjs.org,0,0,0,2,0,0,0,0,0,0,0,0,0,0,0,0,0
www.samsung.com,0,0,0,0,0,0,0,0,0,0,0,0,0,0,0,0,0
getbootstrap.com,0,0,0,1,0,0,0,0,0,0,0,0,0,0,0,0,0
leetcode.com,0,0,0,0,0,0,0,0,0,0,0,0,0,0,0,0,0
www.netflix.com,0,0,0,0,0,0,0,0,0,0,0,0,0,0,0,0,0
www.salesforce.com,0,0,0,1,0,0,0,0,0,0,0,0,0,0,0,0,0
capitalone.com,0,0,0,3,0,0,0,0,0,0,0,0,0,0,0,0,0
www.joomla.org,0,0,0,1,0,0,0,0,0,0,0,0,0,0,0,0,0
www.fidelity.com,0,0,0,1,0,0,0,0,0,0,0,0,0,0,0,0,0
www.tailwindcss.com,0,0,0,4,0,0,0,0,0,0,0,0,0,0,0,0,0
notion.so,0,0,0,1,0,0,0,0,0,0,0,0,0,0,0,0,0
telegram.org,0,0,0,1,0,0,0,0,0,0,0,0,0,0,0,0,0
www.reactjs.org,0,0,0,1,0,0,0,0,0,0,0,0,0,0,0,0,0
www.cdc.gov,0,0,0,1,0,0,0,0,0,0,0,0,0,0,0,0,0
www.wordpress.com,0,0,0,1,0,0,0,0,0,0,0,0,0,0,0,0,0
robinhood.com,0,0,0,2,0,0,0,0,0,0,0,0,0,0,0,0,0
un.org,0,0,0,2,0,0,0,0,0,0,0,0,0,0,0,0,0
apple.com,0,0,0,2,0,0,0,0,0,0,0,0,0,0,0,0,0
www.namecheap.com,0,0,0,3,0,0,0,0,0,0,0,0,0,0,0,0,0
www.linkedin.com,0,0,0,1,0,0,0,0,0,0,0,0,0,0,0,0,0
www.bbc.com,0,0,0,4,0,0,0,0,0,0,0,0,0,0,0,0,0
accuweather.com,0,0,0,3,0,0,0,0,0,0,0,0,0,0,0,0,0
google.com,0,0,0,2,0,0,0,0,0,0,0,0,0,0,0,0,0
www.flickr.com,0,0,0,1,0,0,0,0,0,0,0,0,0,0,0,0,0
bbc.com,0,0,0,4,0,0,0,0,0,0,0,0,0,0,0,0,0
linode.com,0,0,0,2,0,0,0,0,0,0,0,0,0,0,0,0,0
www.lg.com,0,0,0,4,0,0,0,0,0,0,0,0,0,0,0,0,0
www.square.com,0,0,0,1,0,0,0,0,0,0,0,0,0,0,0,0,0
office.com,0,0,0,1,0,0,0,0,0,0,0,0,0,0,0,0,0
nodejs.org,0,0,0,3,0,0,0,0,0,0,0,0,0,0,0,0,0
craigslist.org,0,0,0,1,0,0,0,0,0,0,0,0,0,0,0,0,0
www.panasonic.com,0,0,0,1,0,0,0,0,0,0,0,0,0,0,0,0,0
ftx.com,0,0,0,1,0,0,0,0,0,0,0,0,0,0,0,0,0
www.capitalone.com,0,0,0,4,0,0,0,0,0,0,0,0,0,0,0,0,0
www.canva.com,0,0,0,1,0,0,0,0,0,0,0,0,0,0,0,0,0
medium.com,0,0,0,2,0,0,0,0,0,0,0,0,0,0,0,0,0
www.bankofamerica.com,0,0,0,1,0,0,0,0,0,0,0,0,0,0,0,0,0
facebook.com,0,0,0,3,0,0,0,0,0,0,0,0,0,0,0,0,0
sina.com.cn,0,0,0,1,0,0,0,0,0,0,0,0,0,0,0,0,0
shopify.com,0,0,0,1,0,0,0,0,0,0,0,0,0,0,0,0,0
www.cam.ac.uk,0,0,0,1,0,0,0,0,0,0,0,0,0,0,0,0,0
www.telegram.org,0,0,0,1,0,0,0,0,0,0,0,0,0,0,0,0,0
www.w3schools.com,0,0,0,1,0,0,0,0,0,0,0,0,0,0,0,0,0
www.apache.org,0,0,0,1,0,0,0,0,0,0,0,0,0,0,0,0,0
www.vuejs.org,0,0,0,1,0,0,0,0,0,0,0,0,0,0,0,0,0
notion.so,0,0,0,1,0,0,0,0,0,0,0,0,0,0,0,0,0
bankofamerica.com,0,0,0,4,0,0,0,0,0,0,0,0,0,0,0,0,0
stanford.edu,0,0,0,1,0,0,0,0,0,0,0,0,0,0,0,0,0
nih.gov,0,0,0,1,0,0,0,0,0,0,0,0,0,0,0,0,0
azure.microsoft.com,0,0,0,1,0,0,0,0,0,0,0,0,0,0,0,0,0
www.huawei.com,0,0,0,1,0,0,0,0,0,0,0,0,0,0,0,0,0
www.coinbase.com,0,0,0,1,0,0,0,0,0,0,0,0,0,0,0,0,0
www.dropbox.com,0,0,0,4,0,0,0,0,0,0,0,0,0,0,0,0,0
www.bbc.com,0,0,0,0,0,0,0,0,0,0,0,0,0,0,0,0,0
gitlab.com,0,0,0,0,0,0,0,0,0,0,0,0,0,0,0,0,0
www.netlify.com,0,0,0,1,0,0,0,0,0,0,0,0,0,0,0,0,0
mozilla.org,0,0,0,1,0,0,0,0,0,0,0,0,0,0,0,0,0
hackerrank.com,0,0,0,1,0,0,0,0,0,0,0,0,0,0,0,0,0
pinterest.com,0,0,0,1,0,0,0,0,0,0,0,0,0,0,0,0,0
www.mastercard.com,0,0,0,1,0,0,0,0,0,0,0,0,0,0,0,0,0
americanexpress.com,0,0,0,1,0,0,0,0,0,0,0,0,0,0,0,0,0
rust-lang.org,0,0,0,1,0,0,0,1,0,0,0,0,0,0,0,0,0
www.craigslist.org,0,0,0,1,0,0,0,0,0,0,0,0,0,0,0,0,0
telegram.org,0,0,0,1,0,0,0,0,0,0,0,0,0,0,0,0,0
coinbase.com,0,0,0,1,0,0,0,0,0,0,0,0,0,0,0,0,0
nasa.gov,0,0,0,1,0,0,0,0,0,0,0,0,0,0,0,0,0
www.weibo.com,0,0,0,1,0,0,0,0,0,0,0,0,0,0,0,0,0
rust-lang.org,0,0,0,1,0,0,0,1,0,0,0,0,0,0,0,0,0
capitalone.com,0,0,0,1,0,0,0,0,0,0,0,0,0,0,0,0,0
www.forbes.com,0,0,0,1,0,0,0,0,0,0,0,0,0,0,0,0,0
fidelity.com,0,0,0,4,0,0,0,0,0,0,0,0,0,0,0,0,0
x.com,0,0,0,3,0,0,0,0,0,0,0,0,0,0,0,0,0
www.render.com,0,0,0,4,0,0,0,0,0,0,0,0,0,0,0,0,0
forbes.com,0,0,0,1,0,0,0,0,0,0,0,0,0,0,0,0,0
www.bluehost.com,0,0,0,3,0,0,0,0,0,0,0,0,0,0,0,0,0
codeforces.com,0,0,0,1,0,0,0,0,0,0,0,0,0,0,0,0,0
www.mozilla.org,0,0,0,1,0,0,0,0,0,0,0,0,0,0,0,0,0
codeforces.com,0,0,0,1,0,0,0,0,0,0,0,0,0,0,0,0,0
bitfinex.com,0,0,0,0,0,0,0,0,0,0,0,0,0,0,0,0,0
www.usa.gov,0,0,0,0,0,0,0,0,0,0,0,0,0,0,0,0,0
www.europa.eu,0,0,0,1,0,0,0,0,0,0,0,0,0,0,0,0,0
xiaomi.com,0,0,0,4,0,0,0,0,0,0,0,0,0,0,0,0,0
jira.com,0,0,0,1,0,0,0,0,0,0,0,0,0,0,0,0,0
www.slack.com,0,0,0,3,0,0,0,0,0,0,0,0,0,0,0,0,0
telegram.org,0,0,0,1,0,0,0,0,0,0,0,0,0,0,0,0,0
www.linkedin.com,0,0,0,0,0,0,0,0,0,0,0,0,0,0,0,0,0
aliexpress.com,0,0,0,1,0,0,0,0,0,0,0,0,0,0,0,0,0
www.edx.org,0,0,0,3,0,0,0,0,0,0,0,0,0,0,0,0,0
www.digitalocean.com,0,0,0,2,0,0,0,0,0,0,0,0,0,0,0,0,0
www.kotlinlang.org,0,0,0,1,0,0,0,0,0,0,0,0,0,0,0,0,0
www.namecheap.com,0,0,0,1,0,0,0,0,0,0,0,0,0,0,0,0,0
usa.gov,0,0,0,1,0,0,0,0,0,0,0,0,0,0,0,0,0
www.linkedin.com,0,0,0,1,0,0,0,0,0,0,0,0,0,0,0,0,0
netlify.com,0,0,0,1,0,0,0,0,0,0,0,0,0,0,0,0,0
www.udemy.com,0,0,0,2,0,0,0,0,0,0,0,0,0,0,0,0,0
www.google.com,0,0,0,1,0,0,0,0,0,0,0,0,0,0,0,0,0
squarespace.com,0,0,0,3,0,0,0,0,0,0,0,0,0,0,0,0,0
www.apache.org,0,0,0,0,0,0,0,0,0,0,0,0,0,0,0,0,0
www.tumblr.com,0,0,0,2,0,0,0,0,0,0,0,0,0,0,0,0,0
lg.com,0,0,0,1,0,0,0,0,0,0,0,0,0,0,0,0,0
udacity.com,0,0,0,1,0,0,0,0,0,0,0,0,0,0,0,0,0
www.reuters.com,0,0,0,1,0,0,0,0,0,0,0,0,0,0,0,0,0
telegram.org,0,0,0,2,0,0,0,0,0,0,0,0,0,0,0,0,0
www.twitter.com,0,0,0,1,0,0,0,0,0,0,0,0,0,0,0,0,0
huawei.com,0,0,0,4,0,0,0,0,0,0,0,0,0,0,0,0,0
www.hp.com,0,0,0,1,0,0,0,0,0,0,0,0,0,0,0,0,0
www.python.org,0,0,0,1,0,0,0,0,0,0,0,0,0,0,0,0,0
nih.gov,0,0,0,1,0,0,0,0,0,0,0,0,0,0,0,0,0
www.instagram.com,0,0,0,4,0,0,0,0,0,0,0,0,0,0,0,0,0
dell.com,0,0,0,4,0,0,0,0,0,0,0,0,0,0,0,0,0
www.intel.com,0,0,0,1,0,0,0,0,0,0,0,0,0,0,0,0,0
pinterest.com,0,0,0,1,0,0,0,0,0,0,0,0,0,0,0,0,0
www.wordpress.com,0,0,0,3,0,0,0,0,0,0,0,0,0,0,0,0,0
bluehost.com,0,0,0,1,0,0,0,0,0,0,0,0,0,0,0,0,0
www.dell.com,0,0,0,2,0,0,0,0,0,0,0,0,0,0,0,0,0
www.trello.com,0,0,0,4,0,0,0,0,0,0,0,0,0,0,0,0,0
aws.amazon.com,0,0,0,1,0,0,0,0,0,0,0,0,0,0,0,0,0
digitalocean.com,0,0,0,4,0,0,0,0,0,0,0,0,0,0,0,0,0
spotify.com,0,0,0,1,0,0,0,0,0,0,0,0,0,0,0,0,0
www.qualcomm.com,0,0,0,3,0,0,0,0,0,0,0,0,0,0,0,0,0
quora.com,0,0,0,1,0,0,0,0,0,0,0,0,0,0,0,0,0
vivo.com,0,0,0,1,0,0,0,0,0,0,0,0,0,0,0,0,0
www.stanford.edu,0,0,0,3,0,0,0,0,0,0,0,0,0,0,0,0,0
cloud.google.com,0,0,0,1,0,0,0,0,0,0,0,0,0,0,0,0,0
live.com,0,0,0,3,0,0,0,0,0,0,0,0,0,0,0,0,0
www.dell.com,0,0,0,1,0,0,0,0,0,0,0,0,0,0,0,0,0
www.facebook.com,0,0,0,1,0,0,0,0,0,0,0,0,0,0,0,0,0
qualcomm.com,0,0,0,1,0,0,0,0,0,0,0,0,0,0,0,0,0
www.imdb.com,0,0,0,4,0,0,0,0,0,0,0,0,0,0,0,0,0
oppo.com,0,0,0,1,0,0,0,0,0,0,0,0,0,0,0,0,0
www.hp.com,0,0,0,3,0,0,0,0,0,0,0,0,0,0,0,0,0
soundcloud.com,0,0,0,0,0,0,0,0,0,0,0,0,0,0,0,0,0
dell.com,0,0,0,4,0,0,0,0,0,0,0,0,0,0,0,0,0
www.bitfinex.com,0,0,0,1,0,0,0,0,0,0,0,0,0,0,0,0,0
www.trello.com,0,0,0,3,0,0,0,0,0,0,0,0,0,0,0,0,0
discord.com,0,0,0,3,0,0,0,0,0,0,0,0,0,0,0,0,0
www.wix.com,0,0,0,1,0,0,0,0,0,0,0,0,0,0,0,0,0
golang.org,0,0,0,1,0,0,0,0,0,0,0,0,0,0,0,0,0
www.netflix.com,0,0,0,1,0,0,0,0,0,0,0,0,0,0,0,0,0
www.netflix.com,0,0,0,4,0,0,0,0,0,0,0,0,0,0,0,0,0
www.craigslist.org,0,0,0,1,0,0,0,0,0,0,0,0,0,0,0,0,0
www.mozilla.org,0,0,0,2,0,0,0,0,0,0,0,0,0,0,0,0,0
huawei.com,0,0,0,1,0,0,0,0,0,0,0,0,0,0,0,0,0
schwab.com,0,0,0,1,0,0,0,0,0,0,0,0,0,0,0,0,0
microsoft.com,0,0,0,1,0,0,0,0,0,0,0,0,0,0,0,0,0
www.bybit.com,0,0,0,1,0,0,0,0,0,0,0,0,0,0,0,0,0
office.com,0,0,0,0,0,0,0,0,0,0,0,0,0,0,0,0,0
amd.com,0,0,0,1,0,0,0,0,0,0,0,0,0,0,0,0,0
vuejs.org,0,0,0,1,0,0,0,0,0,0,0,0,0,0,0,0,0
instagram.com,0,0,0,1,0,0,0,0,0,0,0,0,0,0,0,0,0
gov.uk,0,0,0,3,0,0,0,0,0,0,0,0,0,0,0,0,0
paypal.com,0,0,0,2,0,0,0,0,0,0,0,0,0,0,0,0,0
www.bankofamerica.com,0,0,0,1,0,0,0,0,0,0,0,0,0,0,0,0,0
www.ruby-lang.org,0,0,0,4,0,0,0,1,0,0,0,0,0,0,0,0,0
www.leetcode.com,0,0,0,1,0,0,0,0,0,0,0,0,0,0,0,0,0
telegram.org,0,0,0,1,0,0,0,0,0,0,0,0,0,0,0,0,0
vuejs.org,0,0,0,1,0,0,0,0,0,0,0,0,0,0,0,0,0
www.ca.gov,0,0,0,1,0,0,0,0,0,0,0,0,0,0,0,0,0
www.nodejs.org,0,0,0,1,0,0,0,0,0,0,0,0,0,0,0,0,0
www.craigslist.org,0,0,0,4,0,0,0,0,0,0,0,0,0,0,0,0,0
apache.org,0,0,0,1,0,0,0,0,0,0,0,0,0,0,0,0,0
www.ibm.com,0,0,0,1,0,0,0,0,0,0,0,0,0,0,0,0,0
aws.amazon.com,0,0,0,1,0,0,0,0,0,0,0,0,0,0,0,0,0
www.vanguard.com,0,0,0,1,0,0,0,0,0,0,0,0,0,0,0,0,0
rust-lang.org,0,0,0,4,0,0,0,1,0,0,0,0,0,0,0,0,0
vk.com,0,0,0,4,0,0,0,0,0,0,0,0,0,0,0,0,0
www.imdb.com,0,0,0,3,0,0,0,0,0,0,0,0,0,0,0,0,0
reddit.com,0,0,0,1,0,0,0,0,0,0,0,0,0,0,0,0,0
www.europa.eu,0,0,0,4,0,0,0,0,0,0,0,0,0,0,0,0,0
oracle.com,0,0,0,1,0,0,0,0,0,0,0,0,0,0,0,0,0
www.reuters.com,0,0,0,2,0,0,0,0,0,0,0,0,0,0,0,0,0
instagram.com,0,0,0,2,0,0,0,0,0,0,0,0,0,0,0,0,0
www.citi.com,0,0,0,4,0,0,0,0,0,0,0,0,0,0,0,0,0
baidu.com,0,0,0,1,0,0,0,0,0,0,0,0,0,0,0,0,0
x.com,0,0,0,1,0,0,0,0,0,0,0,0,0,0,0,0,0
www.alipay.com,0,0,0,4,0,0,0,0,0,0,0,0,0,0,0,0,0
www.getbootstrap.com,0,0,0,1,0,0,0,0,0,0,0,0,0,0,0,0,0
www.ok.ru,0,0,0,1,0,0,0,0,0,0,0,0,0,0,0,0,0
www.drupal.org,0,0,0,1,0,0,0,0,0,0,0,0,0,0,0,0,0
swift.org,0,0,0,3,0,0,0,0,0,0,0,0,0,0,0,0,0
www.wellsfargo.com,0,0,0,4,0,0,0,0,0,0,0,0,0,0,0,0,0
www.x.com,0,0,0,2,0,0,0,0,0,0,0,0,0,0,0,0,0
sina.com.cn,0,0,0,1,0,0,0,0,0,0,0,0,0,0,0,0,0
discord.com,0,0,0,1,0,0,0,0,0,0,0,0,0,0,0,0,0
mozilla.org,0,0,0,1,0,0,0,0,0,0,0,0,0,0,0,0,0
schwab.com,0,0,0,0,0,0,0,0,0,0,0,0,0,0,0,0,0
www.godaddy.com,0,0,0,1,0,0,0,0,0,0,0,0,0,0,0,0,0
www.wordpress.org,0,0,0,1,0,0,0,0,0,0,0,0,0,0,0,0,0
usbank.com,0,0,0,1,0,0,0,0,0,0,0,0,0,0,0,0,0
www.drupal.org,0,0,0,4,0,0,0,0,0,0,0,0,0,0,0,0,0
www.amazon.com,0,0,0,3,0,0,0,0,0,0,0,0,0,0,0,0,0
www.microsoft.com,0,0,0,1,0,0,0,0,0,0,0,0,0,0,0,0,0
www.vercel.com,0,0,0,1,0,0,0,0,0,0,0,0,0,0,0,0,0
www.lg.com,0,0,0,1,0,0,0,0,0,0,0,0,0,0,0,0,0
asus.com,0,0,0,1,0,0,0,0,0,0,0,0,0,0,0,0,0
google.com,0,0,0,1,0,0,0,0,0,0,0,0,0,0,0,0,0
www.imdb.com,0,0,0,1,0,0,0,0,0,0,0,0,0,0,0,0,0
www.w3schools.com,0,0,0,1,0,0,0,0,0,0,0,0,0,0,0,0,0
accuweather.com,0,0,0,1,0,0,0,0,0,0,0,0,0,0,0,0,0
www.ok.ru,0,0,0,4,0,0,0,0,0,0,0,0,0,0,0,0,0
coursera.org,0,0,0,2,0,0,0,0,0,0,0,0,0,0,0,0,0
udemy.com,0,0,0,1,0,0,0,0,0,0,0,0,0,0,0,0,0
www.netflix.com,0,0,0,3,0,0,0,0,0,0,0,0,0,0,0,0,0
zoom.us,0,0,0,3,0,0,0,0,0,0,0,0,0,0,0,0,0
www.spotify.com,0,0,0,3,0,0,0,0,0,0,0,0,0,0,0,0,0
www.bluehost.com,0,0,0,1,0,0,0,0,0,0,0,0,0,0,0,0,0
www.vercel.com,0,0,0,1,0,0,0,0,0,0,0,0,0,0,0,0,0
www.render.com,0,0,0,3,0,0,0,0,0,0,0,0,0,0,0,0,0
chase.com,0,0,0,1,0,0,0,0,0,0,0,0,0,0,0,0,0
www.zoom.us,0,0,0,3,0,0,0,0,0,0,0,0,0,0,0,0,0
kotlinlang.org,0,0,0,1,0,0,0,0,0,0,0,0,0,0,0,0,0
geeksforgeeks.org,0,0,0,1,0,0,0,0,0,0,0,0,0,0,0,0,0
gov.uk,0,0,0,1,0,0,0,0,0,0,0,0,0,0,0,0,0
www.namecheap.com,0,0,0,4,0,0,0,0,0,0,0,0,0,0,0,0,0
www.apache.org,0,0,0,3,0,0,0,0,0,0,0,0,0,0,0,0,0
www.lenovo.com,0,0,0,1,0,0,0,0,0,0,0,0,0,0,0,0,0
www.heroku.com,0,0,0,1,0,0,0,0,0,0,0,0,0,0,0,0,0
www.coursera.org,0,0,0,3,0,0,0,0,0,0,0,0,0,0,0,0,0
digitalocean.com,0,0,0,2,0,0,0,0,0,0,0,0,0,0,0,0,0
www.gitlab.com,0,0,0,1,0,0,0,0,0,0,0,0,0,0,0,0,0
facebook.com,0,0,0,4,0,0,0,0,0,0,0,0,0,0,0,0,0
www.nasa.gov,0,0,0,4,0,0,0,0,0,0,0,0,0,0,0,0,0
accuweather.com,0,0,0,3,0,0,0,0,0,0,0,0,0,0,0,0,0
www.drupal.org,0,0,0,1,0,0,0,0,0,0,0,0,0,0,0,0,0
binance.com,0,0,0,1,0,0,0,0,0,0,0,0,0,0,0,0,0
www.visa.com,0,0,0,1,0,0,0,0,0,0,0,0,0,0,0,0,0
www.lenovo.com,0,0,0,1,0,0,0,0,0,0,0,0,0,0,0,0,0
lg.com,0,0,0,1,0,0,0,0,0,0,0,0,0,0,0,0,0
www.angular.io,0,0,0,4,0,0,0,0,0,0,0,0,0,0,0,0,0
www.ruby-lang.org,0,0,0,1,0,0,0,1,0,0,0,0,0,0,0,0,0
www.squarespace.com,0,0,0,1,0,0,0,0,0,0,0,0,0,0,0,0,0
salesforce.com,0,0,0,4,0,0,0,0,0,0,0,0,0,0,0,0,0
wix.com,0,0,0,1,0,0,0,0,0,0,0,0,0,0,0,0,0
wellsfargo.com,0,0,0,1,0,0,0,0,0,0,0,0,0,0,0,0,0
www.atlassian.com,0,0,0,4,0,0,0,0,0,0,0,0,0,0,0,0,0
linode.com,0,0,0,0,0,0,0,0,0,0,0,0,0,0,0,0,0
apache.org,0,0,0,2,0,0,0,0,0,0,0,0,0,0,0,0,0
stackoverflow.com,0,0,0,1,0,0,0,0,0,0,0,0,0,0,0,0,0
www.reactjs.org,0,0,0,1,0,0,0,0,0,0,0,0,0,0,0,0,0
www.gemini.com,0,0,0,1,0,0,0,0,0,0,0,0,0,0,0,0,0
www.pinterest.com,0,0,0,1,0,0,0,0,0,0,0,0,0,0,0,0,0
europa.eu,0,0,0,1,0,0,0,0,0,0,0,0,0,0,0,0,0
canva.com,0,0,0,1,0,0,0,0,0,0,0,0,0,0,0,0,0
coursera.org,0,0,0,3,0,0,0,0,0,0,0,0,0,0,0,0,0
www.slack.com,0,0,0,4,0,0,0,0,0,0,0,0,0,0,0,0,0
www.typescriptlang.org,0,0,0,4,0,0,0,0,0,0,0,0,0,0,0,0,0
www.gemini.com,0,0,0,3,0,0,0,0,0,0,0,0,0,0,0,0,0
schwab.com,0,0,0,1,0,0,0,0,0,0,0,0,0,0,0,0,0
www.vuejs.org,0,0,0,2,0,0,0,0,0,0,0,0,0,0,0,0,0
rust-lang.org,0,0,0,1,0,0,0,1,0,0,0,0,0,0,0,0,0
codeforces.com,0,0,0,1,0,0,0,0,0,0,0,0,0,0,0,0,0
acer.com,0,0,0,4,0,0,0,0,0,0,0,0,0,0,0,0,0
www.tailwindcss.com,0,0,0,1,0,0,0,0,0,0,0,0,0,0,0,0,0
cnn.com,0,0,0,2,0,0,0,0,0,0,0,0,0,0,0,0,0
www.bing.com,0,0,0,1,0,0,0,0,0,0,0,0,0,0,0,0,0
heroku.com,0,0,0,3,0,0,0,0,0,0,0,0,0,0,0,0,0
lenovo.com,0,0,0,0,0,0,0,0,0,0,0,0,0,0,0,0,0
www.usbank.com,0,0,0,2,0,0,0,0,0,0,0,0,0,0,0,0,0
www.coursera.org,0,0,0,1,0,0,0,0,0,0,0,0,0,0,0,0,0
www.shopify.com,0,0,0,3,0,0,0,0,0,0,0,0,0,0,0,0,0
godaddy.com,0,0,0,1,0,0,0,0,0,0,0,0,0,0,0,0,0
visa.com,0,0,0,1,0,0,0,0,0,0,0,0,0,0,0,0,0
netlify.com,0,0,0,1,0,0,0,0,0,0,0,0,0,0,0,0,0
yandex.ru,0,0,0,2,0,0,0,0,0,0,0,0,0,0,0,0,0
www.harvard.edu,0,0,0,4,0,0,0,0,0,0,0,0,0,0,0,0,0
citi.com,0,0,0,4,0,0,0,0,0,0,0,0,0,0,0,0,0
www.wellsfargo.com,0,0,0,1,0,0,0,0,0,0,0,0,0,0,0,0,0
wordpress.org,0,0,0,0,0,0,0,0,0,0,0,0,0,0,0,0,0
www.godaddy.com,0,0,0,3,0,0,0,0,0,0,0,0,0,0,0,0,0
ibm.com,0,0,0,3,0,0,0,0,0,0,0,0,0,0,0,0,0
nasa.gov,0,0,0,1,0,0,0,0,0,0,0,0,0,0,0,0,0
panasonic.com,0,0,0,1,0,0,0,0,0,0,0,0,0,0,0,0,0
xiaomi.com,0,0,0,1,0,0,0,0,0,0,0,0,0,0,0,0,0
www.reuters.com,0,0,0,1,0,0,0,0,0,0,0,0,0,0,0,0,0
www.americanexpress.com,0,0,0,4,0,0,0,0,0,0,0,0,0,0,0,0,0
www.wellsfargo.com,0,0,0,1,0,0,0,0,0,0,0,0,0,0,0,0,0
oneplus.com,0,0,0,3,0,0,0,0,0,0,0,0,0,0,0,0,0
www.cloudflare.com,0,0,0,1,0,0,0,0,0,0,0,0,0,0,0,0,0
www.vercel.com,0,0,0,4,0,0,0,0,0,0,0,0,0,0,0,0,0
ok.ru,0,0,0,4,0,0,0,0,0,0,0,0,0,0,0,0,0
geeksforgeeks.org,0,0,0,0,0,0,0,0,0,0,0,0,0,0,0,0,0
gov.uk,0,0,0,4,0,0,0,0,0,0,0,0,0,0,0,0,0
www.soundcloud.com,0,0,0,4,0,0,0,0,0,0,0,0,0,0,0,0,0
hostgator.com,0,0,0,4,0,0,0,0,0,0,0,0,0,0,0,0,0
www.usa.gov,0,0,0,1,0,0,0,0,0,0,0,0,0,0,0,0,0
canva.com,0,0,0,1,0,0,0,0,0,0,0,0,0,0,0,0,0
gitlab.com,0,0,0,1,0,0,0,0,0,0,0,0,0,0,0,0,0
vivo.com,0,0,0,0,0,0,0,0,0,0,0,0,0,0,0,0,0
www.lenovo.com,0,0,0,1,0,0,0,0,0,0,0,0,0,0,0,0,0
swift.org,0,0,0,1,0,0,0,0,0,0,0,0,0,0,0,0,0
wellsfargo.com,0,0,0,3,0,0,0,0,0,0,0,0,0,0,0,0,0
usa.gov,0,0,0,1,0,0,0,0,0,0,0,0,0,0,0,0,0
www.binance.com,0,0,0,3,0,0,0,0,0,0,0,0,0,0,0,0,0
www.schwab.com,0,0,0,1,0,0,0,0,0,0,0,0,0,0,0,0,0
europa.eu,0,0,0,3,0,0,0,0,0,0,0,0,0,0,0,0,0
bing.com,0,0,0,1,0,0,0,0,0,0,0,0,0,0,0,0,0
nasa.gov,0,0,0,2,0,0,0,0,0,0,0,0,0,0,0,0,0
www.udemy.com,0,0,0,1,0,0,0,0,0,0,0,0,0,0,0,0,0
zoom.us,0,0,0,1,0,0,0,0,0,0,0,0,0,0,0,0,0
www.typescriptlang.org,0,0,1,1,0,0,0,0,0,0,0,0,0,0,0,0,0
ibm.com,0,0,0,1,0,0,0,0,0,0,0,0,0,0,0,0,0
www.vivo.com,0,0,0,1,0,0,0,0,0,0,0,0,0,0,0,0,0
oneplus.com,0,0,0,1,0,0,0,0,0,0,0,0,0,0,0,0,0
www.reddit.com,0,0,0,1,0,0,0,0,0,0,0,0,0,0,0,0,0
www.gitlab.com,0,0,0,1,0,0,0,0,0,0,0,0,0,0,0,0,0
figma.com,0,0,0,1,0,0,0,0,0,0,0,0,0,0,0,0,0
www.robinhood.com,0,0,0,0,0,0,0,0,0,0,0,0,0,0,0,0,0
bloomberg.com,0,0,0,1,0,0,0,0,0,0,0,0,0,0,0,0,0
namecheap.com,0,0,0,1,0,0,0,0,0,0,0,0,0,0,0,0,0
apple.com,0,0,0,1,0,0,0,0,0,0,0,0,0,0,0,0,0
www.microsoft.com,0,0,0,1,0,0,0,0,0,0,0,0,0,0,0,0,0
intel.com,0,0,0,2,0,0,0,0,0,0,0,0,0,0,0,0,0
www.kotlinlang.org,0,0,0,1,0,0,0,0,0,0,0,0,0,0,0,0,0
azure.microsoft.com,0,0,0,1,0,0,0,0,0,0,0,0,0,0,0,0,0
www.fidelity.com,0,0,0,1,0,0,0,0,0,0,0,0,0,0,0,0,0
who.int,0,0,0,1,0,0,0,0,0,0,0,0,0,0,0,0,0
bitfinex.com,0,0,0,1,0,0,0,0,0,0,0,0,0,0,0,0,0
aliexpress.com,0,0,0,4,0,0,0,0,0,0,0,0,0,0,0,0,0
www.europa.eu,0,0,0,1,0,0,0,0,0,0,0,0,0,0,0,0,0
www.lg.com,0,0,0,1,0,0,0,0,0,0,0,0,0,0,0,0,0
www.usbank.com,0,0,0,4,0,0,0,0,0,0,0,0,0,0,0,0,0
www.reddit.com,0,0,0,3,0,0,0,0,0,0,0,0,0,0,0,0,0
www.cdc.gov,0,0,0,1,0,0,0,0,0,0,0,0,0,0,0,0,0
godaddy.com,0,0,0,1,0,0,0,0,0,0,0,0,0,0,0,0,0
squarespace.com,0,0,0,1,0,0,0,0,0,0,0,0,0,0,0,0,0
www.discord.com,0,0,0,1,0,0,0,0,0,0,0,0,0,0,0,0,0
coinbase.com,0,0,0,1,0,0,0,0,0,0,0,0,0,0,0,0,0
www.wellsfargo.com,0,0,0,1,0,0,0,0,0,0,0,0,0,0,0,0,0
square.com,0,0,0,1,0,0,0,0,0,0,0,0,0,0,0,0,0
whatsapp.com,0,0,0,1,0,0,0,0,0,0,0,0,0,0,0,0,0
square.com,0,0,0,0,0,0,0,0,0,0,0,0,0,0,0,0,0
linode.com,0,0,0,4,0,0,0,0,0,0,0,0,0,0,0,0,0
heroku.com,0,0,0,0,0,0,0,0,0,0,0,0,0,0,0,0,0
nodejs.org,0,0,0,1,0,0,0,0,0,0,0,0,0,0,0,0,0
www.berkeley.edu,0,0,0,1,0,0,0,0,0,0,0,0,0,0,0,0,0
www.jira.com,0,0,0,1,0,0,0,0,0,0,0,0,0,0,0,0,0
rust-lang.org,0,0,0,3,0,0,0,1,0,0,0,0,0,0,0,0,0
reactjs.org,0,0,0,1,0,0,0,0,0,0,0,0,0,0,0,0,0
cnn.com,0,0,0,1,0,0,0,0,0,0,0,0,0,0,0,0,0
www.zoom.us,0,0,0,1,0,0,0,0,0,0,0,0,0,0,0,0,0
mail.ru,0,0,0,1,0,0,0,0,0,0,0,0,0,0,0,0,0
www.bluehost.com,0,0,0,4,0,0,0,0,0,0,0,0,0,0,0,0,0
www.bitfinex.com,0,0,0,1,0,0,0,0,0,0,0,0,0,0,0,0,0
geeksforgeeks.org,0,0,0,1,0,0,0,0,0,0,0,0,0,0,0,0,0
nasa.gov,0,0,0,4,0,0,0,0,0,0,0,0,0,0,0,0,0
www.europa.eu,0,0,0,1,0,0,0,0,0,0,0,0,0,0,0,0,0
oppo.com,0,0,0,4,0,0,0,0,0,0,0,0,0,0,0,0,0
www.tailwindcss.com,0,0,0,3,0,0,0,0,0,0,0,0,0,0,0,0,0
www.bitbucket.org,0,0,0,1,0,0,0,0,0,0,0,0,0,0,0,0,0
www.bitfinex.com,0,0,0,3,0,0,0,0,0,0,0,0,0,0,0,0,0
citi.com,0,0,0,1,0,0,0,0,0,0,0,0,0,0,0,0,0
www.apple.com,0,0,0,1,0,0,0,0,0,0,0,0,0,0,0,0,0
www.hackerrank.com,0,0,0,4,0,0,0,0,0,0,0,0,0,0,0,0,0
www.aws.amazon.com,0,0,0,1,0,0,0,0,0,0,0,0,0,0,0,0,0
udacity.com,0,0,0,4,0,0,0,0,0,0,0,0,0,0,0,0,0
sina.com.cn,0,0,0,1,0,0,0,0,0,0,0,0,0,0,0,0,0
bloomberg.com,0,0,0,2,0,0,0,0,0,0,0,0,0,0,0,0,0
www.flickr.com,0,0,0,0,0,0,0,0,0,0,0,0,0,0,0,0,0
amd.com,0,0,0,1,0,0,0,0,0,0,0,0,0,0,0,0,0
www.chase.com,0,0,0,1,0,0,0,0,0,0,0,0,0,0,0,0,0
sony.com,0,0,0,1,0,0,0,0,0,0,0,0,0,0,0,0,0
www.render.com,0,0,0,2,0,0,0,0,0,0,0,0,0,0,0,0,0
www.golang.org,0,0,0,1,0,0,0,0,0,0,0,0,0,0,0,0,0
www.schwab.com,0,0,0,2,0,0,0,0,0,0,0,0,0,0,0,0,0
www.squarespace.com,0,0,0,0,0,0,0,0,0,0,0,0,0,0,0,0,0
ca.gov,0,0,0,3,0,0,0,0,0,0,0,0,0,0,0,0,0
oracle.com,0,0,0,3,0,0,0,0,0,0,0,0,0,0,0,0,0
www.whatsapp.com,0,0,0,1,0,0,0,0,0,0,0,0,0,0,0,0,0
weather.com,0,0,0,4,0,0,0,0,0,0,0,0,0,0,0,0,0
telegram.org,0,0,0,4,0,0,0,0,0,0,0,0,0,0,0,0,0
square.com,0,0,0,3,0,0,0,0,0,0,0,0,0,0,0,0,0
www.quora.com,0,0,0,1,0,0,0,0,0,0,0,0,0,0,0,0,0
www.golang.org,0,0,0,3,0,0,0,0,0,0,0,0,0,0,0,0,0
namecheap.com,0,0,0,1,0,0,0,0,0,0,0,0,0,0,0,0,0
hp.com,0,0,0,1,0,0,0,0,0,0,0,0,0,0,0,0,0
www.mail.ru,0,0,0,1,0,0,0,0,0,0,0,0,0,0,0,0,0
alipay.com,0,0,0,4,0,0,0,0,0,0,0,0,0,0,0,0,0
www.tumblr.com,0,0,0,1,0,0,0,0,0,0,0,0,0,0,0,0,0
intel.com,0,0,0,3,0,0,0,0,0,0,0,0,0,0,0,0,0
robinhood.com,0,0,0,3,0,0,0,0,0,0,0,0,0,0,0,0,0
www.udacity.com,0,0,0,1,0,0,0,0,0,0,0,0,0,0,0,0,0
gitlab.com,0,0,0,2,0,0,0,0,0,0,0,0,0,0,0,0,0
wix.com,0,0,0,1,0,0,0,0,0,0,0,0,0,0,0,0,0
netlify.com,0,0,0,2,0,0,0,0,0,0,0,0,0,0,0,0,0
citi.com,0,0,0,1,0,0,0,0,0,0,0,0,0,0,0,0,0
www.amd.com,0,0,0,2,0,0,0,0,0,0,0,0,0,0,0,0,0
www.dell.com,0,0,0,1,0,0,0,0,0,0,0,0,0,0,0,0,0
robinhood.com,0,0,0,1,0,0,0,0,0,0,0,0,0,0,0,0,0
schwab.com,0,0,0,1,0,0,0,0,0,0,0,0,0,0,0,0,0
instagram.com,0,0,0,1,0,0,0,0,0,0,0,0,0,0,0,0,0
yahoo.com,0,0,0,0,0,0,0,0,0,0,0,0,0,0,0,0,0
www.ox.ac.uk,0,0,0,1,0,0,0,0,0,0,0,0,0,0,0,0,0
www.cisco.com,0,0,0,3,0,0,0,0,0,0,0,0,0,0,0,0,0
ruby-lang.org,0,0,0,1,0,0,0,1,0,0,0,0,0,0,0,0,0
www.rust-lang.org,0,0,0,1,0,0,0,1,0,0,0,0,0,0,0,0,0
www.telegram.org,0,0,0,0,0,0,0,0,0,0,0,0,0,0,0,0,0
godaddy.com,0,0,0,0,0,0,0,0,0,0,0,0,0,0,0,0,0
www.nodejs.org,0,0,0,1,0,0,0,0,0,0,0,0,0,0,0,0,0
digitalocean.com,0,0,0,3,0,0,0,0,0,0,0,0,0,0,0,0,0
www.khanacademy.org,0,0,0,1,0,0,0,0,0,0,0,0,0,0,0,0,0
www.sohu.com,0,0,0,1,0,0,0,0,0,0,0,0,0,0,0,0,0
www.lg.com,0,0,0,0,0,0,0,0,0,0,0,0,0,0,0,0,0
gov.uk,0,0,0,1,0,0,0,0,0,0,0,0,0,0,0,0,0
baidu.com,0,0,0,1,0,0,0,0,0,0,0,0,0,0,0,0,0
oppo.com,0,0,0,2,0,0,0,0,0,0,0,0,0,0,0,0,0
huawei.com,0,0,0,1,0,0,0,0,0,0,0,0,0,0,0,0,0
www.spotify.com,0,0,0,2,0,0,0,0,0,0,0,0,0,0,0,0,0
capitalone.com,0,0,0,1,0,0,0,0,0,0,0,0,0,0,0,0,0
www.wellsfargo.com,0,0,0,2,0,0,0,0,0,0,0,0,0,0,0,0,0
vk.com,0,0,0,3,0,0,0,0,0,0,0,0,0,0,0,0,0
www.udemy.com,0,0,0,1,0,0,0,0,0,0,0,0,0,0,0,0,0
www.huawei.com,0,0,0,4,0,0,0,0,0,0,0,0,0,0,0,0,0
www.gemini.com,0,0,0,1,0,0,0,0,0,0,0,0,0,0,0,0,0
www.drupal.org,0,0,0,1,0,0,0,0,0,0,0,0,0,0,0,0,0
weibo.com,0,0,0,4,0,0,0,0,0,0,0,0,0,0,0,0,0
www.live.com,0,0,0,4,0,0,0,0,0,0,0,0,0,0,0,0,0
www.samsung.com,0,0,0,3,0,0,0,0,0,0,0,0,0,0,0,0,0
gemini.com,0,0,0,1,0,0,0,0,0,0,0,0,0,0,0,0,0
www.shopify.com,0,0,0,2,0,0,0,0,0,0,0,0,0,0,0,0,0
www.nodejs.org,0,0,0,4,0,0,0,0,0,0,0,0,0,0,0,0,0
cnn.com,0,0,0,1,0,0,0,0,0,0,0,0,0,0,0,0,0
imdb.com,0,0,0,1,0,0,0,0,0,0,0,0,0,0,0,0,0
spotify.com,0,0,0,4,0,0,0,0,0,0,0,0,0,0,0,0,0
www.wikipedia.org,0,0,0,1,0,0,0,0,0,0,0,0,0,0,0,0,0
dropbox.com,0,0,0,1,0,0,0,0,0,0,0,0,0,0,0,0,0
www.square.com,0,0,0,4,0,0,0,0,0,0,0,0,0,0,0,0,0
www.medium.com,0,0,0,1,0,0,0,0,0,0,0,0,0,0,0,0,0
bbc.com,0,0,0,1,0,0,0,0,0,0,0,0,0,0,0,0,0
hackerrank.com,0,0,0,1,0,0,0,0,0,0,0,0,0,0,0,0,0
www.vanguard.com,0,0,0,1,0,0,0,0,0,0,0,0,0,0,0,0,0
www.joomla.org,0,0,0,3,0,0,0,0,0,0,0,0,0,0,0,0,0
un.org,0,0,0,3,0,0,0,0,0,0,0,0,0,0,0,0,0
www.usbank.com,0,0,0,1,0,0,0,0,0,0,0,0,0,0,0,0,0
gov.uk,0,0,0,1,0,0,0,0,0,0,0,0,0,0,0,0,0
www.citi.com,0,0,0,1,0,0,0,0,0,0,0,0,0,0,0,0,0
amd.com,0,0,0,1,0,0,0,0,0,0,0,0,0,0,0,0,0
codeforces.com,0,0,0,1,0,0,0,0,0,0,0,0,0,0,0,0,0
whatsapp.com,0,0,0,1,0,0,0,0,0,0,0,0,0,0,0,0,0
www.ox.ac.uk,0,0,0,4,0,0,0,0,0,0,0,0,0,0,0,0,0
vk.com,0,0,0,1,0,0,0,0,0,0,0,0,0,0,0,0,0
ibm.com,0,0,0,1,0,0,0,0,0,0,0,0,0,0,0,0,0
stackoverflow.com,0,0,0,1,0,0,0,0,0,0,0,0,0,0,0,0,0
huawei.com,0,0,0,0,0,0,0,0,0,0,0,0,0,0,0,0,0
www.azure.microsoft.com,0,0,0,4,0,0,0,0,0,0,0,0,0,0,0,0,0
www.forbes.com,0,0,0,0,0,0,0,0,0,0,0,0,0,0,0,0,0
cam.ac.uk,0,0,0,1,0,0,0,0,0,0,0,0,0,0,0,0,0
bloomberg.com,0,0,0,1,0,0,0,0,0,0,0,0,0,0,0,0,0
www.alipay.com,0,0,0,0,0,0,0,0,0,0,0,0,0,0,0,0,0
www.harvard.edu,0,0,0,3,0,0,0,0,0,0,0,0,0,0,0,0,0
joomla.org,0,0,0,1,0,0,0,0,0,0,0,0,0,0,0,0,0
ok.ru,0,0,0,4,0,0,0,0,0,0,0,0,0,0,0,0,0
vuejs.org,0,0,0,1,0,0,0,0,0,0,0,0,0,0,0,0,0
www.theguardian.com,0,0,0,4,0,0,0,0,0,0,0,0,0,0,0,0,0
weather.com,0,0,0,1,0,0,0,0,0,0,0,0,0,0,0,0,0
www.youtube.com,0,0,0,1,0,0,0,0,0,0,0,0,0,0,0,0,0
sohu.com,0,0,0,1,0,0,0,0,0,0,0,0,0,0,0,0,0
www.robinhood.com,0,0,0,3,0,0,0,0,0,0,0,0,0,0,0,0,0
aliexpress.com,0,0,0,0,0,0,0,0,0,0,0,0,0,0,0,0,0
www.squarespace.com,0,0,0,3,0,0,0,0,0,0,0,0,0,0,0,0,0
www.aws.amazon.com,0,0,0,1,0,0,0,0,0,0,0,0,0,0,0,0,0
microsoft.com,0,0,0,1,0,0,0,0,0,0,0,0,0,0,0,0,0
oneplus.com,0,0,0,1,0,0,0,0,0,0,0,0,0,0,0,0,0
www.vk.com,0,0,0,1,0,0,0,0,0,0,0,0,0,0,0,0,0
www.office.com,0,0,0,3,0,0,0,0,0,0,0,0,0,0,0,0,0
gitlab.com,0,0,0,1,0,0,0,0,0,0,0,0,0,0,0,0,0
www.github.com,0,0,0,1,0,0,0,0,0,0,0,0,0,0,0,0,0
sony.com,0,0,0,1,0,0,0,0,0,0,0,0,0,0,0,0,0
medium.com,0,0,0,1,0,0,0,0,0,0,0,0,0,0,0,0,0
www.telegram.org,0,0,0,1,0,0,0,0,0,0,0,0,0,0,0,0,0
www.microsoft.com,0,0,0,1,0,0,0,0,0,0,0,0,0,0,0,0,0
asus.com,0,0,0,0,0,0,0,0,0,0,0,0,0,0,0,0,0
www.quora.com,0,0,0,1,0,0,0,0,0,0,0,0,0,0,0,0,0
www.square.com,0,0,0,3,0,0,0,0,0,0,0,0,0,0,0,0,0
www.xiaomi.com,0,0,0,1,0,0,0,0,0,0,0,0,0,0,0,0,0
www.bankofamerica.com,0,0,0,4,0,0,0,0,0,0,0,0,0,0,0,0,0
huawei.com,0,0,0,1,0,0,0,0,0,0,0,0,0,0,0,0,0
vuejs.org,0,0,0,1,0,0,0,0,0,0,0,0,0,0,0,0,0
telegram.org,0,0,0,3,0,0,0,0,0,0,0,0,0,0,0,0,0
www.geeksforgeeks.org,0,0,0,2,0,0,0,0,0,0,0,0,0,0,0,0,0
heroku.com,0,0,0,4,0,0,0,0,0,0,0,0,0,0,0,0,0
www.yandex.ru,0,0,0,1,0,0,0,0,0,0,0,0,0,0,0,0,0
www.godaddy.com,0,0,0,1,0,0,0,0,0,0,0,0,0,0,0,0,0
www.codeforces.com,0,0,0,3,0,0,0,0,0,0,0,0,0,0,0,0,0
www.gov.uk,0,0,0,3,0,0,0,0,0,0,0,0,0,0,0,0,0
www.vivo.com,0,0,0,1,0,0,0,0,0,0,0,0,0,0,0,0,0
www.heroku.com,0,0,0,1,0,0,0,0,0,0,0,0,0,0,0,0,0
www.intel.com,0,0,0,3,0,0,0,0,0,0,0,0,0,0,0,0,0
www.oneplus.com,0,0,0,4,0,0,0,0,0,0,0,0,0,0,0,0,0
www.oneplus.com,0,0,0,1,0,0,0,0,0,0,0,0,0,0,0,0,0
reuters.com,0,0,0,4,0,0,0,0,0,0,0,0,0,0,0,0,0
www.getbootstrap.com,0,0,0,1,0,0,0,0,0,0,0,0,0,0,0,0,0
www.gemini.com,0,0,0,1,0,0,0,0,0,0,0,0,0,0,0,0,0
binance.com,0,0,0,1,0,0,0,0,0,0,0,0,0,0,0,0,0
www.chase.com,0,0,0,1,0,0,0,0,0,0,0,0,0,0,0,0,0
www.ruby-lang.org,0,0,0,2,0,0,0,1,0,0,0,0,0,0,0,0,0
www.golang.org,0,0,0,0,0,0,0,0,0,0,0,0,0,0,0,0,0
www.weather.com,0,0,0,1,0,0,0,0,0,0,0,0,0,0,0,0,0
who.int,0,0,0,1,0,0,0,0,0,0,0,0,0,0,0,0,0
www.europa.eu,0,0,0,1,0,0,0,0,0,0,0,0,0,0,0,0,0
www.geeksforgeeks.org,0,0,0,3,0,0,0,0,0,0,0,0,0,0,0,0,0
weather.com,0,0,0,2,0,0,0,0,0,0,0,0,0,0,0,0,0
cisco.com,0,0,0,1,0,0,0,0,0,0,0,0,0,0,0,0,0
paypal.com,0,0,0,0,0,0,0,0,0,0,0,0,0,0,0,0,0
www.qualcomm.com,0,0,0,4,0,0,0,0,0,0,0,0,0,0,0,0,0
aliexpress.com,0,0,0,1,0,0,0,0,0,0,0,0,0,0,0,0,0
www.berkeley.edu,0,0,0,1,0,0,0,0,0,0,0,0,0,0,0,0,0
www.acer.com,0,0,0,4,0,0,0,0,0,0,0,0,0,0,0,0,0
www.intel.com,0,0,0,0,0,0,0,0,0,0,0,0,0,0,0,0,0
www.salesforce.com,0,0,0,1,0,0,0,0,0,0,0,0,0,0,0,0,0
www.twitter.com,0,0,0,4,0,0,0,0,0,0,0,0,0,0,0,0,0
schwab.com,0,0,0,3,0,0,0,0,0,0,0,0,0,0,0,0,0
visa.com,0,0,0,4,0,0,0,0,0,0,0,0,0,0,0,0,0
tailwindcss.com,0,0,0,1,0,0,0,0,0,0,0,0,0,0,0,0,0
www.x.com,0,0,0,0,0,0,0,0,0,0,0,0,0,0,0,0,0
www.netlify.com,0,0,0,1,0,0,0,0,0,0,0,0,0,0,0,0,0
samsung.com,0,0,0,1,0,0,0,0,0,0,0,0,0,0,0,0,0
drupal.org,0,0,0,1,0,0,0,0,0,0,0,0,0,0,0,0,0
www.reactjs.org,0,0,0,1,0,0,0,0,0,0,0,0,0,0,0,0,0
slack.com,0,0,0,1,0,0,0,0,0,0,0,0,0,0,0,0,0
www.visa.com,0,0,0,0,0,0,0,0,0,0,0,0,0,0,0,0,0
europa.eu,0,0,0,1,0,0,0,0,0,0,0,0,0,0,0,0,0
nextjs.org,0,0,0,1,0,0,0,0,0,0,0,0,0,0,0,0,0
www.cam.ac.uk,0,0,0,1,0,0,0,0,0,0,0,0,0,0,0,0,0
vk.com,0,0,0,1,0,0,0,0,0,0,0,0,0,0,0,0,0
typescriptlang.org,0,0,0,1,0,0,0,0,0,0,0,0,0,0,0,0,0
www.adobe.com,0,0,0,1,0,0,0,0,0,0,0,0,0,0,0,0,0
theguardian.com,0,0,0,2,0,0,0,0,0,0,0,0,0,0,0,0,0
ox.ac.uk,0,0,0,1,0,0,0,0,0,0,0,0,0,0,0,0,0
vk.com,0,0,0,1,0,0,0,0,0,0,0,0,0,0,0,0,0
www.shopify.com,0,0,0,0,0,0,0,0,0,0,0,0,0,0,0,0,0
figma.com,0,0,0,1,0,0,0,0,0,0,0,0,0,0,0,0,0
who.int,0,0,0,1,0,0,0,0,0,0,0,0,0,0,0,0,0
cdc.gov,0,0,0,1,0,0,0,0,0,0,0,0,0,0,0,0,0
www.digitalocean.com,0,0,0,1,0,0,0,0,0,0,0,0,0,0,0,0,0
render.com,0,0,0,2,0,0,0,0,0,0,0,0,0,0,0,0,0
www.alipay.com,0,0,0,1,0,0,0,0,0,0,0,0,0,0,0,0,0
www.mastercard.com,0,0,0,1,0,0,0,0,0,0,0,0,0,0,0,0,0
dell.com,0,0,0,0,0,0,0,0,0,0,0,0,0,0,0,0,0
render.com,0,0,0,3,0,0,0,0,0,0,0,0,0,0,0,0,0
un.org,0,0,0,1,0,0,0,0,0,0,0,0,0,0,0,0,0
reddit.com,0,0,0,3,0,0,0,0,0,0,0,0,0,0,0,0,0
www.ebay.com,0,0,0,2,0,0,0,0,0,0,0,0,0,0,0,0,0
lg.com,0,0,0,1,0,0,0,0,0,0,0,0,0,0,0,0,0
www.getbootstrap.com,0,0,0,1,0,0,0,0,0,0,0,0,0,0,0,0,0
www.oppo.com,0,0,0,1,0,0,0,0,0,0,0,0,0,0,0,0,0
twitch.tv,0,0,0,0,0,0,0,0,0,0,0,0,0,0,0,0,0
www.bing.com,0,0,0,1,0,0,0,0,0,0,0,0,0,0,0,0,0
office.com,0,0,0,3,0,0,0,0,0,0,0,0,0,0,0,0,0
linkedin.com,0,0,0,1,0,0,0,0,0,0,0,0,0,0,0,0,0
www.sina.com.cn,0,0,0,1,0,0,0,0,0,0,0,0,0,0,0,0,0
www.vercel.com,0,0,0,3,0,0,0,0,0,0,0,0,0,0,0,0,0
www.bloomberg.com,0,0,0,1,0,0,0,0,0,0,0,0,0,0,0,0,0
www.wordpress.com,0,0,0,1,0,0,0,0,0,0,0,0,0,0,0,0,0
www.stanford.edu,0,0,0,1,0,0,0,0,0,0,0,0,0,0,0,0,0
amazon.com,0,0,0,1,0,0,0,0,0,0,0,0,0,0,0,0,0
www.ibm.com,0,0,0,4,0,0,0,0,0,0,0,0,0,0,0,0,0
www.sony.com,0,0,0,0,0,0,0,0,0,0,0,0,0,0,0,0,0
www.vercel.com,0,0,0,4,0,0,0,0,0,0,0,0,0,0,0,0,0
www.shopify.com,0,0,0,4,0,0,0,0,0,0,0,0,0,0,0,0,0
www.amazon.com,0,0,0,3,0,0,0,0,0,0,0,0,0,0,0,0,0
vivo.com,0,0,0,4,0,0,0,0,0,0,0,0,0,0,0,0,0
www.whatsapp.com,0,0,0,0,0,0,0,0,0,0,0,0,0,0,0,0,0
www.cdc.gov,0,0,0,3,0,0,0,0,0,0,0,0,0,0,0,0,0
www.github.com,0,0,0,1,0,0,0,0,0,0,0,0,0,0,0,0,0
quora.com,0,0,0,1,0,0,0,0,0,0,0,0,0,0,0,0,0
hp.com,0,0,0,1,0,0,0,0,0,0,0,0,0,0,0,0,0
udemy.com,0,0,0,1,0,0,0,0,0,0,0,0,0,0,0,0,0
weather.com,0,0,0,0,0,0,0,0,0,0,0,0,0,0,0,0,0
coursera.org,0,0,0,1,0,0,0,0,0,0,0,0,0,0,0,0,0
www.reactjs.org,0,0,0,3,0,0,0,0,0,0,0,0,0,0,0,0,0
www.ruby-lang.org,0,0,0,1,0,0,0,1,0,0,0,0,0,0,0,0,0
schwab.com,0,0,0,1,0,0,0,0,0,0,0,0,0,0,0,0,0
oneplus.com,0,0,0,1,0,0,0,0,0,0,0,0,0,0,0,0,0
lenovo.com,0,0,0,1,0,0,0,0,0,0,0,0,0,0,0,0,0
bing.com,0,0,0,4,0,0,0,0,0,0,0,0,0,0,0,0,0
figma.com,0,0,0,1,0,0,0,0,0,0,0,0,0,0,0,0,0
schwab.com,0,0,0,1,0,0,0,0,0,0,0,0,0,0,0,0,0
www.yahoo.com,0,0,0,4,0,0,0,0,0,0,0,0,0,0,0,0,0
www.kotlinlang.org,0,0,0,3,0,0,0,0,0,0,0,0,0,0,0,0,0
www.wikipedia.org,0,0,0,1,0,0,0,0,0,0,0,0,0,0,0,0,0
cdc.gov,0,0,0,1,0,0,0,0,0,0,0,0,0,0,0,0,0
www.golang.org,0,0,0,1,0,0,0,0,0,0,0,0,0,0,0,0,0
square.com,0,0,0,2,0,0,0,0,0,0,0,0,0,0,0,0,0
namecheap.com,0,0,0,3,0,0,0,0,0,0,0,0,0,0,0,0,0
geeksforgeeks.org,0,0,0,1,0,0,0,0,0,0,0,0,0,0,0,0,0
reuters.com,0,0,0,1,0,0,0,0,0,0,0,0,0,0,0,0,0
who.int,0,0,0,1,0,0,0,0,0,0,0,0,0,0,0,0,0
swift.org,0,0,0,2,0,0,0,0,0,0,0,0,0,0,0,0,0
www.figma.com,0,0,0,1,0,0,0,0,0,0,0,0,0,0,0,0,0
leetcode.com,0,0,0,1,0,0,0,0,0,0,0,0,0,0,0,0,0
soundcloud.com,0,0,0,2,0,0,0,0,0,0,0,0,0,0,0,0,0
www.aliexpress.com,0,0,0,1,0,0,0,0,0,0,0,0,0,0,0,0,0
www.accuweather.com,0,0,0,3,0,0,0,0,0,0,0,0,0,0,0,0,0
joomla.org,0,0,0,1,0,0,0,0,0,0,0,0,0,0,0,0,0
www.salesforce.com,0,0,0,4,0,0,0,0,0,0,0,0,0,0,0,0,0
www.digitalocean.com,0,0,0,4,0,0,0,0,0,0,0,0,0,0,0,0,0
vivo.com,0,0,0,1,0,0,0,0,0,0,0,0,0,0,0,0,0
vimeo.com,0,0,0,1,0,0,0,0,0,0,0,0,0,0,0,0,0
www.bybit.com,0,0,0,2,0,0,0,0,0,0,0,0,0,0,0,0,0
www.nextjs.org,0,0,0,1,0,0,0,0,0,0,0,0,0,0,0,0,0
www.yandex.ru,0,0,0,1,0,0,0,0,0,0,0,0,0,0,0,0,0
www.weather.com,0,0,0,4,0,0,0,0,0,0,0,0,0,0,0,0,0
www.azure.microsoft.com,0,0,0,1,0,0,0,0,0,0,0,0,0,0,0,0,0
www.render.com,0,0,0,3,0,0,0,0,0,0,0,0,0,0,0,0,0
salesforce.com,0,0,0,1,0,0,0,0,0,0,0,0,0,0,0,0,0
vuejs.org,0,0,0,1,0,0,0,0,0,0,0,0,0,0,0,0,0
apache.org,0,0,0,1,0,0,0,0,0,0,0,0,0,0,0,0,0
www.telegram.org,0,0,0,1,0,0,0,0,0,0,0,0,0,0,0,0,0
intel.com,0,0,0,4,0,0,0,0,0,0,0,0,0,0,0,0,0
bitfinex.com,0,0,0,1,0,0,0,0,0,0,0,0,0,0,0,0,0
instagram.com,0,0,0,1,0,0,0,0,0,0,0,0,0,0,0,0,0
www.zoom.us,0,0,0,1,0,0,0,0,0,0,0,0,0,0,0,0,0
nodejs.org,0,0,0,1,0,0,0,0,0,0,0,0,0,0,0,0,0
www.mastercard.com,0,0,0,1,0,0,0,0,0,0,0,0,0,0,0,0,0
www.jira.com,0,0,0,1,0,0,0,0,0,0,0,0,0,0,0,0,0
geeksforgeeks.org,0,0,0,3,0,0,0,0,0,0,0,0,0,0,0,0,0
jd.com,0,0,0,3,0,0,0,0,0,0,0,0,0,0,0,0,0
live.com,0,0,0,1,0,0,0,0,0,0,0,0,0,0,0,0,0
forbes.com,0,0,0,1,0,0,0,0,0,0,0,0,0,0,0,0,0
www.chase.com,0,0,0,1,0,0,0,0,0,0,0,0,0,0,0,0,0
samsung.com,0,0,0,1,0,0,0,0,0,0,0,0,0,0,0,0,0
www.bbc.com,0,0,0,2,0,0,0,0,0,0,0,0,0,0,0,0,0
www.nytimes.com,0,0,0,1,0,0,0,0,0,0,0,0,0,0,0,0,0
www.americanexpress.com,0,0,0,3,0,0,0,0,0,0,0,0,0,0,0,0,0
telegram.org,0,0,0,0,0,0,0,0,0,0,0,0,0,0,0,0,0
nytimes.com,0,0,0,3,0,0,0,0,0,0,0,0,0,0,0,0,0
godaddy.com,0,0,0,1,0,0,0,0,0,0,0,0,0,0,0,0,0
www.cloud.google.com,0,0,0,3,0,0,0,0,0,0,0,0,0,0,0,0,0
who.int,0,0,0,1,0,0,0,0,0,0,0,0,0,0,0,0,0
edx.org,0,0,0,3,0,0,0,0,0,0,0,0,0,0,0,0,0
w3schools.com,0,0,0,1,0,0,0,0,0,0,0,0,0,0,0,0,0
www.heroku.com,0,0,0,1,0,0,0,0,0,0,0,0,0,0,0,0,0
hp.com,0,0,0,3,0,0,0,0,0,0,0,0,0,0,0,0,0
www.acer.com,0,0,0,1,0,0,0,0,0,0,0,0,0,0,0,0,0
google.com,0,0,0,0,0,0,0,0,0,0,0,0,0,0,0,0,0
godaddy.com,0,0,0,4,0,0,0,0,0,0,0,0,0,0,0,0,0
twitter.com,0,0,0,1,0,0,0,0,0,0,0,0,0,0,0,0,0
joomla.org,0,0,0,3,0,0,0,0,0,0,0,0,0,0,0,0,0
stackoverflow.com,0,0,0,1,0,0,0,0,0,0,0,0,0,0,0,0,0
adobe.com,0,0,0,1,0,0,0,0,0,0,0,0,0,0,0,0,0
www.twitter.com,0,0,0,2,0,0,0,0,0,0,0,0,0,0,0,0,0
www.forbes.com,0,0,0,1,0,0,0,0,0,0,0,0,0,0,0,0,0
whatsapp.com,0,0,0,2,0,0,0,0,0,0,0,0,0,0,0,0,0
www.harvard.edu,0,0,0,3,0,0,0,0,0,0,0,0,0,0,0,0,0
www.vuejs.org,0,0,0,3,0,0,0,0,0,0,0,0,0,0,0,0,0
www.nih.gov,0,0,0,2,0,0,0,0,0,0,0,0,0,0,0,0,0
www.cnn.com,0,0,0,1,0,0,0,0,0,0,0,0,0,0,0,0,0
www.weibo.com,0,0,0,1,0,0,0,0,0,0,0,0,0,0,0,0,0
weibo.com,0,0,0,1,0,0,0,0,0,0,0,0,0,0,0,0,0
nvidia.com,0,0,0,3,0,0,0,0,0,0,0,0,0,0,0,0,0
apache.org,0,0,0,0,0,0,0,0,0,0,0,0,0,0,0,0,0
www.square.com,0,0,0,1,0,0,0,0,0,0,0,0,0,0,0,0,0
gitlab.com,0,0,0,3,0,0,0,0,0,0,0,0,0,0,0,0,0
www.nytimes.com,0,0,0,3,0,0,0,0,0,0,0,0,0,0,0,0,0
gov.uk,0,0,0,1,0,0,0,0,0,0,0,0,0,0,0,0,0
www.gov.uk,0,0,0,1,0,0,0,0,0,0,0,0,0,0,0,0,0
www.drupal.org,0,0,0,1,0,0,0,0,0,0,0,0,0,0,0,0,0
www.discord.com,0,0,0,1,0,0,0,0,0,0,0,0,0,0,0,0,0
nvidia.com,0,0,0,1,0,0,0,0,0,0,0,0,0,0,0,0,0
live.com,0,0,0,3,0,0,0,0,0,0,0,0,0,0,0,0,0
berkeley.edu,0,0,0,3,0,0,0,0,0,0,0,0,0,0,0,0,0
www.xiaomi.com,0,0,0,0,0,0,0,0,0,0,0,0,0,0,0,0,0
facebook.com,0,0,0,1,0,0,0,0,0,0,0,0,0,0,0,0,0
amazon.com,0,0,0,2,0,0,0,0,0,0,0,0,0,0,0,0,0
www.baidu.com,0,0,0,3,0,0,0,0,0,0,0,0,0,0,0,0,0
vimeo.com,0,0,0,0,0,0,0,0,0,0,0,0,0,0,0,0,0
harvard.edu,0,0,0,1,0,0,0,0,0,0,0,0,0,0,0,0,0
binance.com,0,0,0,0,0,0,0,0,0,0,0,0,0,0,0,0,0
www.udacity.com,0,0,0,1,0,0,0,0,0,0,0,0,0,0,0,0,0
nodejs.org,0,0,0,1,0,0,0,0,0,0,0,0,0,0,0,0,0
www.nodejs.org,0,0,0,1,0,0,0,0,0,0,0,0,0,0,0,0,0
cam.ac.uk,0,0,0,4,0,0,0,0,0,0,0,0,0,0,0,0,0
digitalocean.com,0,0,0,1,0,0,0,0,0,0,0,0,0,0,0,0,0
www.coinbase.com,0,0,0,1,0,0,0,0,0,0,0,0,0,0,0,0,0
www.cloudflare.com,0,0,0,3,0,0,0,0,0,0,0,0,0,0,0,0,0
www.leetcode.com,0,0,0,3,0,0,0,0,0,0,0,0,0,0,0,0,0
www.usbank.com,0,0,0,1,0,0,0,0,0,0,0,0,0,0,0,0,0
www.asus.com,0,0,0,4,0,0,0,0,0,0,0,0,0,0,0,0,0
www.netflix.com,0,0,0,1,0,0,0,0,0,0,0,0,0,0,0,0,0
www.nytimes.com,0,0,0,1,0,0,0,0,0,0,0,0,0,0,0,0,0
www.stackoverflow.com,0,0,1,1,0,0,0,0,0,0,0,0,0,0,0,0,0
nasa.gov,0,0,0,4,0,0,0,0,0,0,0,0,0,0,0,0,0
mail.ru,0,0,0,1,0,0,0,0,0,0,0,0,0,0,0,0,0
who.int,0,0,0,1,0,0,0,0,0,0,0,0,0,0,0,0,0
www.joomla.org,0,0,0,1,0,0,0,0,0,0,0,0,0,0,0,0,0
www.bloomberg.com,0,0,0,1,0,0,0,0,0,0,0,0,0,0,0,0,0
www.mail.ru,0,0,0,4,0,0,0,0,0,0,0,0,0,0,0,0,0
www.vuejs.org,0,0,0,1,0,0,0,0,0,0,0,0,0,0,0,0,0
www.cisco.com,0,0,0,0,0,0,0,0,0,0,0,0,0,0,0,0,0
paypal.com,0,0,0,4,0,0,0,0,0,0,0,0,0,0,0,0,0
www.flickr.com,0,0,0,1,0,0,0,0,0,0,0,0,0,0,0,0,0
www.harvard.edu,0,0,0,1,0,0,0,0,0,0,0,0,0,0,0,0,0
www.vimeo.com,0,0,0,3,0,0,0,0,0,0,0,0,0,0,0,0,0
netlify.com,0,0,0,1,0,0,0,0,0,0,0,0,0,0,0,0,0
www.godaddy.com,0,0,0,1,0,0,0,0,0,0,0,0,0,0,0,0,0
www.panasonic.com,0,0,0,1,0,0,0,0,0,0,0,0,0,0,0,0,0
www.angular.io,0,0,0,2,0,0,0,0,0,0,0,0,0,0,0,0,0
www.gov.uk,0,0,0,4,0,0,0,0,0,0,0,0,0,0,0,0,0
fidelity.com,0,0,0,1,0,0,0,0,0,0,0,0,0,0,0,0,0
wordpress.com,0,0,0,1,0,0,0,0,0,0,0,0,0,0,0,0,0
accuweather.com,0,0,0,4,0,0,0,0,0,0,0,0,0,0,0,0,0
apache.org,0,0,0,1,0,0,0,0,0,0,0,0,0,0,0,0,0
oracle.com,0,0,0,1,0,0,0,0,0,0,0,0,0,0,0,0,0
getbootstrap.com,0,0,0,3,0,0,0,0,0,0,0,0,0,0,0,0,0
weather.com,0,0,0,1,0,0,0,0,0,0,0,0,0,0,0,0,0
spotify.com,0,0,0,0,0,0,0,0,0,0,0,0,0,0,0,0,0
mail.ru,0,0,0,1,0,0,0,0,0,0,0,0,0,0,0,0,0
hp.com,0,0,0,1,0,0,0,0,0,0,0,0,0,0,0,0,0
coinbase.com,0,0,0,4,0,0,0,0,0,0,0,0,0,0,0,0,0
wix.com,0,0,0,3,0,0,0,0,0,0,0,0,0,0,0,0,0
www.coinbase.com,0,0,0,1,0,0,0,0,0,0,0,0,0,0,0,0,0
geeksforgeeks.org,0,0,0,4,0,0,0,0,0,0,0,0,0,0,0,0,0
www.ibm.com,0,0,0,0,0,0,0,0,0,0,0,0,0,0,0,0,0
acer.com,0,0,0,4,0,0,0,0,0,0,0,0,0,0,0,0,0
cisco.com,0,0,0,1,0,0,0,0,0,0,0,0,0,0,0,0,0
www.github.com,0,0,0,3,0,0,0,0,0,0,0,0,0,0,0,0,0
www.netflix.com,0,0,0,2,0,0,0,0,0,0,0,0,0,0,0,0,0
hostgator.com,0,0,0,1,0,0,0,0,0,0,0,0,0,0,0,0,0
www.cnn.com,0,0,0,2,0,0,0,0,0,0,0,0,0,0,0,0,0
edx.org,0,0,0,1,0,0,0,0,0,0,0,0,0,0,0,0,0
www.bbc.com,0,0,0,1,0,0,0,0,0,0,0,0,0,0,0,0,0
europa.eu,0,0,0,1,0,0,0,0,0,0,0,0,0,0,0,0,0
vk.com,0,0,0,1,0,0,0,0,0,0,0,0,0,0,0,0,0
wordpress.com,0,0,0,1,0,0,0,0,0,0,0,0,0,0,0,0,0
whatsapp.com,0,0,0,4,0,0,0,0,0,0,0,0,0,0,0,0,0
nih.gov,0,0,0,3,0,0,0,0,0,0,0,0,0,0,0,0,0
www.edx.org,0,0,0,4,0,0,0,0,0,0,0,0,0,0,0,0,0
www.slack.com,0,0,0,3,0,0,0,0,0,0,0,0,0,0,0,0,0
www.huawei.com,0,0,0,1,0,0,0,0,0,0,0,0,0,0,0,0,0
www.citi.com,0,0,0,1,0,0,0,0,0,0,0,0,0,0,0,0,0
www.zoom.us,0,0,0,1,0,0,0,0,0,0,0,0,0,0,0,0,0
www.tailwindcss.com,0,0,0,2,0,0,0,0,0,0,0,0,0,0,0,0,0
www.baidu.com,0,0,0,3,0,0,0,0,0,0,0,0,0,0,0,0,0
linkedin.com,0,0,0,1,0,0,0,0,0,0,0,0,0,0,0,0,0
usbank.com,0,0,0,1,0,0,0,0,0,0,0,0,0,0,0,0,0
www.php.net,0,0,0,4,0,0,0,0,0,0,0,0,0,0,0,0,0
www.live.com,0,0,0,1,0,0,0,0,0,0,0,0,0,0,0,0,0
www.typescriptlang.org,0,0,0,0,0,0,0,0,0,0,0,0,0,0,0,0,0
www.zoom.us,0,0,0,4,0,0,0,0,0,0,0,0,0,0,0,0,0
udacity.com,0,0,0,1,0,0,0,0,0,0,0,0,0,0,0,0,0
www.w3schools.com,0,0,0,1,0,0,0,0,0,0,0,0,0,0,0,0,0
www.swift.org,0,0,0,0,0,0,0,0,0,0,0,0,0,0,0,0,0
google.com,0,0,0,1,0,0,0,0,0,0,0,0,0,0,0,0,0
www.intel.com,0,0,0,1,0,0,0,0,0,0,0,0,0,0,0,0,0
www.soundcloud.com,0,0,0,3,0,0,0,0,0,0,0,0,0,0,0,0,0
www.namecheap.com,0,0,0,1,0,0,0,0,0,0,0,0,0,0,0,0,0
vercel.com,0,0,0,1,0,0,0,0,0,0,0,0,0,0,0,0,0
taobao.com,0,0,0,1,0,0,0,0,0,0,0,0,0,0,0,0,0
www.bybit.com,0,0,0,4,0,0,0,0,0,0,0,0,0,0,0,0,0
cnn.com,0,0,0,3,0,0,0,0,0,0,0,0,0,0,0,0,0
www.nvidia.com,0,0,0,1,0,0,0,0,0,0,0,0,0,0,0,0,0
www.robinhood.com,0,0,0,1,0,0,0,0,0,0,0,0,0,0,0,0,0
cisco.com,0,0,0,1,0,0,0,0,0,0,0,0,0,0,0,0,0
www.acer.com,0,0,0,1,0,0,0,0,0,0,0,0,0,0,0,0,0
notion.so,0,0,0,1,0,0,0,0,0,0,0,0,0,0,0,0,0
www.microsoft.com,0,0,0,3,0,0,0,0,0,0,0,0,0,0,0,0,0
www.gemini.com,0,0,0,1,0,0,0,0,0,0,0,0,0,0,0,0,0
www.drupal.org,0,0,0,1,0,0,0,0,0,0,0,0,0,0,0,0,0
www.twitch.tv,0,0,0,0,0,0,0,0,0,0,0,0,0,0,0,0,0
www.trello.com,0,0,0,3,0,0,0,0,0,0,0,0,0,0,0,0,0
www.x.com,0,0,0,1,0,0,0,0,0,0,0,0,0,0,0,0,0
canva.com,0,0,0,3,0,0,0,0,0,0,0,0,0,0,0,0,0
figma.com,0,0,0,0,0,0,0,0,0,0,0,0,0,0,0,0,0
chase.com,0,0,0,1,0,0,0,0,0,0,0,0,0,0,0,0,0
www.soundcloud.com,0,0,0,1,0,0,0,0,0,0,0,0,0,0,0,0,0
www.visa.com,0,0,0,4,0,0,0,0,0,0,0,0,0,0,0,0,0
www.stackoverflow.com,0,0,0,1,0,0,0,0,0,0,0,0,0,0,0,0,0
wikipedia.org,0,0,0,1,0,0,0,0,0,0,0,0,0,0,0,0,0
www.apple.com,0,0,0,1,0,0,0,0,0,0,0,0,0,0,0,0,0
www.samsung.com,0,0,0,1,0,0,0,0,0,0,0,0,0,0,0,0,0
www.kraken.com,0,0,0,2,0,0,0,0,0,0,0,0,0,0,0,0,0
robinhood.com,0,0,0,4,0,0,0,0,0,0,0,0,0,0,0,0,0
www.robinhood.com,0,0,0,1,0,0,0,0,0,0,0,0,0,0,0,0,0
berkeley.edu,0,0,0,1,0,0,0,0,0,0,0,0,0,0,0,0,0
craigslist.org,0,0,0,0,0,0,0,0,0,0,0,0,0,0,0,0,0
www.lg.com,0,0,0,4,0,0,0,0,0,0,0,0,0,0,0,0,0
soundcloud.com,0,0,0,3,0,0,0,0,0,0,0,0,0,0,0,0,0
www.bloomberg.com,0,0,0,3,0,0,0,0,0,0,0,0,0,0,0,0,0
www.bing.com,0,0,0,3,0,0,0,0,0,0,0,0,0,0,0,0,0
www.angular.io,0,0,0,1,0,0,0,0,0,0,0,0,0,0,0,0,0
rust-lang.org,0,0,0,1,0,0,0,1,0,0,0,0,0,0,0,0,0
cnn.com,0,0,0,4,0,0,0,0,0,0,0,0,0,0,0,0,0
dropbox.com,0,0,0,3,0,0,0,0,0,0,0,0,0,0,0,0,0
www.bitfinex.com,0,0,0,1,0,0,0,0,0,0,0,0,0,0,0,0,0
www.kotlinlang.org,0,0,0,1,0,0,0,0,0,0,0,0,0,0,0,0,0
nvidia.com,0,0,0,4,0,0,0,0,0,0,0,0,0,0,0,0,0
flickr.com,0,0,0,1,0,0,0,0,0,0,0,0,0,0,0,0,0
www.vultr.com,0,0,0,4,0,0,0,0,0,0,0,0,0,0,0,0,0
www.ebay.com,0,0,0,3,0,0,0,0,0,0,0,0,0,0,0,0,0
figma.com,0,0,0,1,0,0,0,0,0,0,0,0,0,0,0,0,0
www.intel.com,0,0,0,3,0,0,0,0,0,0,0,0,0,0,0,0,0
www.tencent.com,0,0,0,1,0,0,0,0,0,0,0,0,0,0,0,0,0
www.joomla.org,0,0,0,0,0,0,0,0,0,0,0,0,0,0,0,0,0
www.bankofamerica.com,0,0,0,1,0,0,0,0,0,0,0,0,0,0,0,0,0
ca.gov,0,0,0,2,0,0,0,0,0,0,0,0,0,0,0,0,0
un.org,0,0,0,1,0,0,0,0,0,0,0,0,0,0,0,0,0
www.hostgator.com,0,0,0,1,0,0,0,0,0,0,0,0,0,0,0,0,0
alipay.com,0,0,0,4,0,0,0,0,0,0,0,0,0,0,0,0,0
bankofamerica.com,0,0,0,1,0,0,0,0,0,0,0,0,0,0,0,0,0
www.heroku.com,0,0,0,4,0,0,0,0,0,0,0,0,0,0,0,0,0
www.stackoverflow.com,0,0,0,1,0,0,0,0,0,0,0,0,0,0,0,0,0
www.hostgator.com,0,0,0,4,0,0,0,0,0,0,0,0,0,0,0,0,0
www.bybit.com,0,0,0,1,0,0,0,0,0,0,0,0,0,0,0,0,0
www.aws.amazon.com,0,0,0,0,0,0,0,0,0,0,0,0,0,0,0,0,0
berkeley.edu,0,0,0,4,0,0,0,0,0,0,0,0,0,0,0,0,0
www.notion.so,0,0,0,2,0,0,0,0,0,0,0,0,0,0,0,0,0
gitlab.com,0,0,0,4,0,0,0,0,0,0,0,0,0,0,0,0,0
www.facebook.com,0,0,0,1,0,0,0,0,0,0,0,0,0,0,0,0,0
linkedin.com,0,0,0,1,0,0,0,0,0,0,0,0,0,0,0,0,0
cloud.google.com,0,0,0,1,0,0,0,0,0,0,0,0,0,0,0,0,0
imdb.com,0,0,0,1,0,0,0,0,0,0,0,0,0,0,0,0,0
www.wikipedia.org,0,0,0,1,0,0,0,0,0,0,0,0,0,0,0,0,0
www.americanexpress.com,0,0,0,1,0,0,0,0,0,0,0,0,0,0,0,0,0
paypal.com,0,0,0,1,0,0,0,0,0,0,0,0,0,0,0,0,0
reuters.com,0,0,0,0,0,0,0,0,0,0,0,0,0,0,0,0,0
instagram.com,0,0,0,4,0,0,0,0,0,0,0,0,0,0,0,0,0
canva.com,0,0,0,1,0,0,0,0,0,0,0,0,0,0,0,0,0
wordpress.com,0,0,0,4,0,0,0,0,0,0,0,0,0,0,0,0,0
www.usa.gov,0,0,0,4,0,0,0,0,0,0,0,0,0,0,0,0,0
angular.io,0,0,0,2,0,0,0,0,0,0,0,0,0,0,0,0,0
bybit.com,0,0,0,3,0,0,0,0,0,0,0,0,0,0,0,0,0
www.mail.ru,0,0,0,0,0,0,0,0,0,0,0,0,0,0,0,0,0
intel.com,0,0,0,1,0,0,0,0,0,0,0,0,0,0,0,0,0
kotlinlang.org,0,0,0,1,0,0,0,0,0,0,0,0,0,0,0,0,0
www.harvard.edu,0,0,0,1,0,0,0,0,0,0,0,0,0,0,0,0,0
www.bitbucket.org,0,0,0,2,0,0,0,0,0,0,0,0,0,0,0,0,0
www.lg.com,0,0,0,1,0,0,0,0,0,0,0,0,0,0,0,0,0
facebook.com,0,0,0,1,0,0,0,0,0,0,0,0,0,0,0,0,0
huawei.com,0,0,0,1,0,0,0,0,0,0,0,0,0,0,0,0,0
www.soundcloud.com,0,0,0,1,0,0,0,0,0,0,0,0,0,0,0,0,0
swift.org,0,0,0,4,0,0,0,0,0,0,0,0,0,0,0,0,0
www.zoom.us,0,0,0,1,0,0,0,0,0,0,0,0,0,0,0,0,0
vk.com,0,0,0,1,0,0,0,0,0,0,0,0,0,0,0,0,0
www.jira.com,0,0,0,0,0,0,0,0,0,0,0,0,0,0,0,0,0
www.asus.com,0,0,0,1,0,0,0,0,0,0,0,0,0,0,0,0,0
yahoo.com,0,0,0,1,0,0,0,0,0,0,0,0,0,0,0,0,0
www.x.com,0,0,0,1,0,0,0,0,0,0,0,0,0,0,0,0,0
gemini.com,0,0,0,4,0,0,0,0,0,0,0,0,0,0,0,0,0
www.weibo.com,0,0,0,1,0,0,0,0,0,0,0,0,0,0,0,0,0
www.samsung.com,0,0,0,1,0,0,0,0,0,0,0,0,0,0,0,0,0
cam.ac.uk,0,0,0,3,0,0,0,0,0,0,0,0,0,0,0,0,0
tencent.com,0,0,0,1,0,0,0,0,0,0,0,0,0,0,0,0,0
www.apache.org,0,0,0,4,0,0,0,0,0,0,0,0,0,0,0,0,0
www.ca.gov,0,0,0,1,0,0,0,0,0,0,0,0,0,0,0,0,0
coursera.org,0,0,0,1,0,0,0,0,0,0,0,0,0,0,0,0,0
ebay.com,0,0,0,1,0,0,0,0,0,0,0,0,0,0,0,0,0
www.cnn.com,0,0,0,4,0,0,0,0,0,0,0,0,0,0,0,0,0
apache.org,0,0,0,1,0,0,0,0,0,0,0,0,0,0,0,0,0
www.typescriptlang.org,0,0,0,1,0,0,0,0,0,0,0,0,0,0,0,0,0
lg.com,0,0,0,4,0,0,0,0,0,0,0,0,0,0,0,0,0
www.netlify.com,0,0,0,4,0,0,0,0,0,0,0,0,0,0,0,0,0
angular.io,0,0,0,4,0,0,0,0,0,0,0,0,0,0,0,0,0
www.x.com,0,0,0,1,0,0,0,0,0,0,0,0,0,0,0,0,0
www.nvidia.com,0,0,0,4,0,0,0,0,0,0,0,0,0,0,0,0,0
slack.com,0,0,0,4,0,0,0,0,0,0,0,0,0,0,0,0,0
www.cam.ac.uk,0,0,0,4,0,0,0,0,0,0,0,0,0,0,0,0,0
xiaomi.com,0,0,0,3,0,0,0,0,0,0,0,0,0,0,0,0,0
www.apache.org,0,0,0,4,0,0,0,0,0,0,0,0,0,0,0,0,0
www.yandex.ru,0,0,0,3,0,0,0,0,0,0,0,0,0,0,0,0,0
who.int,0,0,0,4,0,0,0,0,0,0,0,0,0,0,0,0,0
atlassian.com,0,0,0,0,0,0,0,0,0,0,0,0,0,0,0,0,0
www.linode.com,0,0,0,1,0,0,0,0,0,0,0,0,0,0,0,0,0
www.golang.org,0,0,0,1,0,0,0,0,0,0,0,0,0,0,0,0,0
harvard.edu,0,0,0,1,0,0,0,0,0,0,0,0,0,0,0,0,0
medium.com,0,0,0,1,0,0,0,0,0,0,0,0,0,0,0,0,0
www.nodejs.org,0,0,0,0,0,0,0,0,0,0,0,0,0,0,0,0,0
cnn.com,0,0,0,1,0,0,0,0,0,0,0,0,0,0,0,0,0
www.cdc.gov,0,0,0,1,0,0,0,0,0,0,0,0,0,0,0,0,0
www.oneplus.com,0,0,0,1,0,0,0,0,0,0,0,0,0,0,0,0,0
www.atlassian.com,0,0,0,1,0,0,0,0,0,0,0,0,0,0,0,0,0
www.dell.com,0,0,0,3,0,0,0,0,0,0,0,0,0,0,0,0,0
edx.org,0,0,0,1,0,0,0,0,0,0,0,0,0,0,0,0,0
www.soundcloud.com,0,0,0,1,0,0,0,0,0,0,0,0,0,0,0,0,0
www.tailwindcss.com,0,0,0,0,0,0,0,0,0,0,0,0,0,0,0,0,0
yandex.ru,0,0,0,1,0,0,0,0,0,0,0,0,0,0,0,0,0
slack.com,0,0,0,1,0,0,0,0,0,0,0,0,0,0,0,0,0
www.mit.edu,0,0,0,1,0,0,0,0,0,0,0,0,0,0,0,0,0
www.apache.org,0,0,0,1,0,0,0,0,0,0,0,0,0,0,0,0,0
netlify.com,0,0,0,1,0,0,0,0,0,0,0,0,0,0,0,0,0
ebay.com,0,0,0,1,0,0,0,0,0,0,0,0,0,0,0,0,0
reddit.com,0,0,0,2,0,0,0,0,0,0,0,0,0,0,0,0,0
forbes.com,0,0,0,2,0,0,0,0,0,0,0,0,0,0,0,0,0
www.schwab.com,0,0,0,1,0,0,0,0,0,0,0,0,0,0,0,0,0
www.yahoo.com,0,0,0,3,0,0,0,0,0,0,0,0,0,0,0,0,0
www.who.int,0,0,0,0,0,0,0,0,0,0,0,0,0,0,0,0,0
www.linode.com,0,0,0,2,0,0,0,0,0,0,0,0,0,0,0,0,0
nodejs.org,0,0,0,1,0,0,0,0,0,0,0,0,0,0,0,0,0
php.net,0,0,0,1,0,0,0,0,0,0,0,0,0,0,0,0,0
www.europa.eu,0,0,0,1,0,0,0,0,0,0,0,0,0,0,0,0,0
whatsapp.com,0,0,0,1,0,0,0,0,0,0,0,0,0,0,0,0,0
tailwindcss.com,0,0,0,1,0,0,0,0,0,0,0,0,0,0,0,0,0
youtube.com,0,0,0,4,0,0,0,0,0,0,0,0,0,0,0,0,0
www.ibm.com,0,0,0,1,0,0,0,0,0,0,0,0,0,0,0,0,0
golang.org,0,0,0,1,0,0,0,0,0,0,0,0,0,0,0,0,0
www.ibm.com,0,0,0,2,0,0,0,0,0,0,0,0,0,0,0,0,0
bybit.com,0,0,0,1,0,0,0,0,0,0,0,0,0,0,0,0,0
www.sony.com,0,0,0,1,0,0,0,0,0,0,0,0,0,0,0,0,0
www.office.com,0,0,0,1,0,0,0,0,0,0,0,0,0,0,0,0,0
wix.com,0,0,0,4,0,0,0,0,0,0,0,0,0,0,0,0,0
www.alipay.com,0,0,0,2,0,0,0,0,0,0,0,0,0,0,0,0,0
un.org,0,0,0,4,0,0,0,0,0,0,0,0,0,0,0,0,0
www.apple.com,0,0,0,1,0,0,0,0,0,0,0,0,0,0,0,0,0
www.khanacademy.org,0,0,0,4,0,0,0,0,0,0,0,0,0,0,0,0,0
www.jd.com,0,0,0,1,0,0,0,0,0,0,0,0,0,0,0,0,0
ca.gov,0,0,0,1,0,0,0,0,0,0,0,0,0,0,0,0,0
www.lg.com,0,0,0,1,0,0,0,0,0,0,0,0,0,0,0,0,0
www.square.com,0,0,0,4,0,0,0,0,0,0,0,0,0,0,0,0,0
github.com,0,0,0,1,0,0,0,0,0,0,0,0,0,0,0,0,0
www.citi.com,0,0,0,1,0,0,0,0,0,0,0,0,0,0,0,0,0
www.huawei.com,0,0,0,1,0,0,0,0,0,0,0,0,0,0,0,0,0
www.office.com,0,0,0,4,0,0,0,0,0,0,0,0,0,0,0,0,0
www.acer.com,0,0,0,1,0,0,0,0,0,0,0,0,0,0,0,0,0
www.namecheap.com,0,0,0,2,0,0,0,0,0,0,0,0,0,0,0,0,0
swift.org,0,0,0,1,0,0,0,0,0,0,0,0,0,0,0,0,0
www.aliexpress.com,0,0,0,1,0,0,0,0,0,0,0,0,0,0,0,0,0
hp.com,0,0,0,4,0,0,0,0,0,0,0,0,0,0,0,0,0
robinhood.com,0,0,0,1,0,0,0,0,0,0,0,0,0,0,0,0,0
chase.com,0,0,0,4,0,0,0,0,0,0,0,0,0,0,0,0,0
www.bloomberg.com,0,0,0,1,0,0,0,0,0,0,0,0,0,0,0,0,0
www.wix.com,0,0,0,1,0,0,0,0,0,0,0,0,0,0,0,0,0
netlify.com,0,0,0,3,0,0,0,0,0,0,0,0,0,0,0,0,0
www.binance.com,0,0,0,4,0,0,0,0,0,0,0,0,0,0,0,0,0
www.azure.microsoft.com,0,0,0,2,0,0,0,0,0,0,0,0,0,0,0,0,0
adobe.com,0,0,0,1,0,0,0,0,0,0,0,0,0,0,0,0,0
www.accuweather.com,0,0,0,4,0,0,0,0,0,0,0,0,0,0,0,0,0
www.nvidia.com,0,0,0,3,0,0,0,0,0,0,0,0,0,0,0,0,0
namecheap.com,0,0,0,1,0,0,0,0,0,0,0,0,0,0,0,0,0
ox.ac.uk,0,0,0,4,0,0,0,0,0,0,0,0,0,0,0,0,0
www.ox.ac.uk,0,0,0,1,0,0,0,0,0,0,0,0,0,0,0,0,0
www.live.com,0,0,0,1,0,0,0,0,0,0,0,0,0,0,0,0,0
www.visa.com,0,0,0,1,0,0,0,0,0,0,0,0,0,0,0,0,0
twitter.com,0,0,0,1,0,0,0,0,0,0,0,0,0,0,0,0,0
www.slack.com,0,0,0,1,0,0,0,0,0,0,0,0,0,0,0,0,0
www.baidu.com,0,0,0,1,0,0,0,0,0,0,0,0,0,0,0,0,0
aws.amazon.com,0,0,0,3,0,0,0,0,0,0,0,0,0,0,0,0,0
www.linode.com,0,0,0,1,0,0,0,0,0,0,0,0,0,0,0,0,0
www.swift.org,0,0,0,3,0,0,0,0,0,0,0,0,0,0,0,0,0
www.aws.amazon.com,0,0,0,1,0,0,0,0,0,0,0,0,0,0,0,0,0
www.pinterest.com,0,0,0,1,0,0,0,0,0,0,0,0,0,0,0,0,0
wix.com,0,0,0,1,0,0,0,0,0,0,0,0,0,0,0,0,0
intel.com,0,0,0,1,0,0,0,0,0,0,0,0,0,0,0,0,0
panasonic.com,0,0,0,1,0,0,0,0,0,0,0,0,0,0,0,0,0
www.oppo.com,0,0,0,1,0,0,0,0,0,0,0,0,0,0,0,0,0
www.linode.com,0,0,0,1,0,0,0,0,0,0,0,0,0,0,0,0,0
www.lenovo.com,0,0,0,1,0,0,0,0,0,0,0,0,0,0,0,0,0
www.vercel.com,0,0,0,1,0,0,0,0,0,0,0,0,0,0,0,0,0
slack.com,0,0,0,3,0,0,0,0,0,0,0,0,0,0,0,0,0
www.bankofamerica.com,0,0,0,4,0,0,0,0,0,0,0,0,0,0,0,0,0
www.instagram.com,0,0,0,1,0,0,0,0,0,0,0,0,0,0,0,0,0
alipay.com,0,0,0,1,0,0,0,0,0,0,0,0,0,0,0,0,0
kraken.com,0,0,0,1,0,0,0,0,0,0,0,0,0,0,0,0,0
www.flickr.com,0,0,0,4,0,0,0,0,0,0,0,0,0,0,0,0,0
lenovo.com,0,0,0,2,0,0,0,0,0,0,0,0,0,0,0,0,0
www.yahoo.com,0,0,0,1,0,0,0,0,0,0,0,0,0,0,0,0,0
www.gitlab.com,0,0,0,3,0,0,0,0,0,0,0,0,0,0,0,0,0
joomla.org,0,0,0,1,0,0,0,0,0,0,0,0,0,0,0,0,0
www.schwab.com,0,0,0,0,0,0,0,0,0,0,0,0,0,0,0,0,0
www.schwab.com,0,0,0,1,0,0,0,0,0,0,0,0,0,0,0,0,0
www.vanguard.com,0,0,0,3,0,0,0,0,0,0,0,0,0,0,0,0,0
heroku.com,0,0,0,2,0,0,0,0,0,0,0,0,0,0,0,0,0
www.slack.com,0,0,0,1,0,0,0,0,0,0,0,0,0,0,0,0,0
geeksforgeeks.org,0,0,0,2,0,0,0,0,0,0,0,0,0,0,0,0,0
www.netlify.com,0,0,0,3,0,0,0,0,0,0,0,0,0,0,0,0,0
namecheap.com,0,0,0,1,0,0,0,0,0,0,0,0,0,0,0,0,0
www.golang.org,0,0,0,1,0,0,0,0,0,0,0,0,0,0,0,0,0
www.qualcomm.com,0,0,0,1,0,0,0,0,0,0,0,0,0,0,0,0,0
wordpress.org,0,0,0,2,0,0,0,0,0,0,0,0,0,0,0,0,0
capitalone.com,0,0,0,4,0,0,0,0,0,0,0,0,0,0,0,0,0
www.discord.com,0,0,0,2,0,0,0,0,0,0,0,0,0,0,0,0,0
heroku.com,0,0,0,1,0,0,0,0,0,0,0,0,0,0,0,0,0
oppo.com,0,0,0,1,0,0,0,0,0,0,0,0,0,0,0,0,0
jira.com,0,0,0,3,0,0,0,0,0,0,0,0,0,0,0,0,0
www.forbes.com,0,0,0,1,0,0,0,0,0,0,0,0,0,0,0,0,0
www.kotlinlang.org,0,0,0,2,0,0,0,0,0,0,0,0,0,0,0,0,0
www.python.org,0,0,0,1,0,0,0,0,0,0,0,0,0,0,0,0,0
www.swift.org,0,0,0,1,0,0,0,0,0,0,0,0,0,0,0,0,0
nih.gov,0,0,0,1,0,0,0,0,0,0,0,0,0,0,0,0,0
www.chase.com,0,0,0,3,0,0,0,0,0,0,0,0,0,0,0,0,0
netflix.com,0,0,0,1,0,0,0,0,0,0,0,0,0,0,0,0,0
www.whatsapp.com,0,0,0,4,0,0,0,0,0,0,0,0,0,0,0,0,0
www.craigslist.org,0,0,0,3,0,0,0,0,0,0,0,0,0,0,0,0,0
ftx.com,0,0,0,3,0,0,0,0,0,0,0,0,0,0,0,0,0
www.ibm.com,0,0,0,3,0,0,0,0,0,0,0,0,0,0,0,0,0
weibo.com,0,0,0,1,0,0,0,0,0,0,0,0,0,0,0,0,0
discord.com,0,0,0,1,0,0,0,0,0,0,0,0,0,0,0,0,0
mozilla.org,0,0,0,4,0,0,0,0,0,0,0,0,0,0,0,0,0
www.square.com,0,0,0,3,0,0,0,0,0,0,0,0,0,0,0,0,0
stripe.com,0,0,0,4,0,0,0,0,0,0,0,0,0,0,0,0,0
ox.ac.uk,0,0,0,3,0,0,0,0,0,0,0,0,0,0,0,0,0
www.vuejs.org,0,0,0,1,0,0,0,0,0,0,0,0,0,0,0,0,0
wordpress.org,0,0,0,4,0,0,0,0,0,0,0,0,0,0,0,0,0
www.binance.com,0,0,0,1,0,0,0,0,0,0,0,0,0,0,0,0,0
samsung.com,0,0,0,1,0,0,0,0,0,0,0,0,0,0,0,0,0
www.cloud.google.com,0,0,0,4,0,0,0,0,0,0,0,0,0,0,0,0,0
nytimes.com,0,0,0,1,0,0,0,0,0,0,0,0,0,0,0,0,0
www.vk.com,0,0,0,1,0,0,0,0,0,0,0,0,0,0,0,0,0
www.ebay.com,0,0,0,4,0,0,0,0,0,0,0,0,0,0,0,0,0
oracle.com,0,0,0,1,0,0,0,0,0,0,0,0,0,0,0,0,0
discord.com,0,0,0,1,0,0,0,0,0,0,0,0,0,0,0,0,0
bitfinex.com,0,0,0,2,0,0,0,0,0,0,0,0,0,0,0,0,0
www.huawei.com,0,0,0,3,0,0,0,0,0,0,0,0,0,0,0,0,0
www.twitch.tv,0,0,0,3,0,0,0,0,0,0,0,0,0,0,0,0,0
reddit.com,0,0,0,1,0,0,0,0,0,0,0,0,0,0,0,0,0
www.amazon.com,0,0,0,0,0,0,0,0,0,0,0,0,0,0,0,0,0
www.yahoo.com,0,0,0,1,0,0,0,0,0,0,0,0,0,0,0,0,0
www.namecheap.com,0,0,0,1,0,0,0,0,0,0,0,0,0,0,0,0,0
bankofamerica.com,0,0,0,1,0,0,0,0,0,0,0,0,0,0,0,0,0
www.weibo.com,0,0,0,1,0,0,0,0,0,0,0,0,0,0,0,0,0
www.medium.com,0,0,0,1,0,0,0,0,0,0,0,0,0,0,0,0,0
usbank.com,0,0,0,3,0,0,0,0,0,0,0,0,0,0,0,0,0
weibo.com,0,0,0,1,0,0,0,0,0,0,0,0,0,0,0,0,0
www.lenovo.com,0,0,0,3,0,0,0,0,0,0,0,0,0,0,0,0,0
www.bankofamerica.com,0,0,0,1,0,0,0,0,0,0,0,0,0,0,0,0,0
www.capitalone.com,0,0,0,0,0,0,0,0,0,0,0,0,0,0,0,0,0
taobao.com,0,0,0,1,0,0,0,0,0,0,0,0,0,0,0,0,0
sony.com,0,0,0,1,0,0,0,0,0,0,0,0,0,0,0,0,0
ebay.com,0,0,0,3,0,0,0,0,0,0,0,0,0,0,0,0,0
render.com,0,0,0,1,0,0,0,0,0,0,0,0,0,0,0,0,0
fidelity.com,0,0,0,1,0,0,0,0,0,0,0,0,0,0,0,0,0
vimeo.com,0,0,0,2,0,0,0,0,0,0,0,0,0,0,0,0,0
visa.com,0,0,0,1,0,0,0,0,0,0,0,0,0,0,0,0,0
www.sina.com.cn,0,0,0,2,0,0,0,0,0,0,0,0,0,0,0,0,0
vk.com,0,0,0,1,0,0,0,0,0,0,0,0,0,0,0,0,0
www.nodejs.org,0,0,0,3,0,0,0,0,0,0,0,0,0,0,0,0,0
oneplus.com,0,0,0,1,0,0,0,0,0,0,0,0,0,0,0,0,0
netflix.com,0,0,0,1,0,0,0,0,0,0,0,0,0,0,0,0,0
nih.gov,0,0,0,1,0,0,0,0,0,0,0,0,0,0,0,0,0
www.vimeo.com,0,0,0,1,0,0,0,0,0,0,0,0,0,0,0,0,0
www.nih.gov,0,0,0,4,0,0,0,0,0,0,0,0,0,0,0,0,0
www.vk.com,0,0,0,1,0,0,0,0,0,0,0,0,0,0,0,0,0
www.apache.org,0,0,0,1,0,0,0,0,0,0,0,0,0,0,0,0,0
citi.com,0,0,0,1,0,0,0,0,0,0,0,0,0,0,0,0,0
www.khanacademy.org,0,0,1,1,0,0,0,0,0,0,0,0,0,0,0,0,0
www.quora.com,0,0,0,3,0,0,0,0,0,0,0,0,0,0,0,0,0
twitter.com,0,0,0,2,0,0,0,0,0,0,0,0,0,0,0,0,0
www.bitbucket.org,0,0,0,3,0,0,0,0,0,0,0,0,0,0,0,0,0
www.cisco.com,0,0,0,4,0,0,0,0,0,0,0,0,0,0,0,0,0
berkeley.edu,0,0,0,1,0,0,0,0,0,0,0,0,0,0,0,0,0
www.dell.com,0,0,0,1,0,0,0,0,0,0,0,0,0,0,0,0,0
lenovo.com,0,0,0,1,0,0,0,0,0,0,0,0,0,0,0,0,0
www.stanford.edu,0,0,0,1,0,0,0,0,0,0,0,0,0,0,0,0,0
www.angular.io,0,0,0,3,0,0,0,0,0,0,0,0,0,0,0,0,0
www.asus.com,0,0,0,4,0,0,0,0,0,0,0,0,0,0,0,0,0
paypal.com,0,0,0,1,0,0,0,0,0,0,0,0,0,0,0,0,0
nih.gov,0,0,0,4,0,0,0,0,0,0,0,0,0,0,0,0,0
www.coinbase.com,0,0,0,4,0,0,0,0,0,0,0,0,0,0,0,0,0
www.apple.com,0,0,0,1,0,0,0,0,0,0,0,0,0,0,0,0,0
mit.edu,0,0,0,4,0,0,0,0,0,0,0,0,0,0,0,0,0
www.w3schools.com,0,0,0,1,0,0,0,0,0,0,0,0,0,0,0,0,0
www.theguardian.com,0,0,0,1,0,0,0,0,0,0,0,0,0,0,0,0,0
dropbox.com,0,0,0,1,0,0,0,0,0,0,0,0,0,0,0,0,0
www.tumblr.com,0,0,0,1,0,0,0,0,0,0,0,0,0,0,0,0,0
www.drupal.org,0,0,0,0,0,0,0,0,0,0,0,0,0,0,0,0,0
www.taobao.com,0,0,0,1,0,0,0,0,0,0,0,0,0,0,0,0,0
chase.com,0,0,0,2,0,0,0,0,0,0,0,0,0,0,0,0,0
www.vimeo.com,0,0,0,1,0,0,0,0,0,0,0,0,0,0,0,0,0
www.nodejs.org,0,0,0,2,0,0,0,0,0,0,0,0,0,0,0,0,0
www.nvidia.com,0,0,0,1,0,0,0,0,0,0,0,0,0,0,0,0,0
godaddy.com,0,0,0,4,0,0,0,0,0,0,0,0,0,0,0,0,0
leetcode.com,0,0,0,4,0,0,0,0,0,0,0,0,0,0,0,0,0
www.mozilla.org,0,0,0,1,0,0,0,0,0,0,0,0,0,0,0,0,0
getbootstrap.com,0,0,0,1,0,0,0,0,0,0,0,0,0,0,0,0,0
coinbase.com,0,0,0,3,0,0,0,0,0,0,0,0,0,0,0,0,0
wellsfargo.com,0,0,0,1,0,0,0,0,0,0,0,0,0,0,0,0,0
khanacademy.org,0,0,0,4,0,0,0,0,0,0,0,0,0,0,0,0,0
www.taobao.com,0,0,0,4,0,0,0,0,0,0,0,0,0,0,0,0,0
ebay.com,0,0,0,1,0,0,0,0,0,0,0,0,0,0,0,0,0
ebay.com,0,0,0,4,0,0,0,0,0,0,0,0,0,0,0,0,0
oppo.com,0,0,0,1,0,0,0,0,0,0,0,0,0,0,0,0,0
ca.gov,0,0,0,1,0,0,0,0,0,0,0,0,0,0,0,0,0
render.com,0,0,0,0,0,0,0,0,0,0,0,0,0,0,0,0,0
getbootstrap.com,0,0,0,4,0,0,0,0,0,0,0,0,0,0,0,0,0
robinhood.com,0,0,0,1,0,0,0,0,0,0,0,0,0,0,0,0,0
www.wordpress.com,0,0,0,1,0,0,0,0,0,0,0,0,0,0,0,0,0
www.notion.so,0,0,0,1,0,0,0,0,0,0,0,0,0,0,0,0,0
www.cam.ac.uk,0,0,0,1,0,0,0,0,0,0,0,0,0,0,0,0,0
ibm.com,0,0,0,1,0,0,0,0,0,0,0,0,0,0,0,0,0
wordpress.org,0,0,0,1,0,0,0,0,0,0,0,0,0,0,0,0,0
www.ftx.com,0,0,0,0,0,0,0,0,0,0,0,0,0,0,0,0,0
ftx.com,0,0,0,1,0,0,0,0,0,0,0,0,0,0,0,0,0
nvidia.com,0,0,0,1,0,0,0,0,0,0,0,0,0,0,0,0,0
w3schools.com,0,0,0,3,0,0,0,0,0,0,0,0,0,0,0,0,0
whatsapp.com,0,0,0,1,0,0,0,0,0,0,0,0,0,0,0,0,0
www.alipay.com,0,0,0,1,0,0,0,0,0,0,0,0,0,0,0,0,0
www.cdc.gov,0,0,0,4,0,0,0,0,0,0,0,0,0,0,0,0,0
x.com,0,0,0,2,0,0,0,0,0,0,0,0,0,0,0,0,0
www.panasonic.com,0,0,0,1,0,0,0,0,0,0,0,0,0,0,0,0,0
tencent.com,0,0,0,4,0,0,0,0,0,0,0,0,0,0,0,0,0
www.cisco.com,0,0,0,1,0,0,0,0,0,0,0,0,0,0,0,0,0
digitalocean.com,0,0,0,1,0,0,0,0,0,0,0,0,0,0,0,0,0
robinhood.com,0,0,0,1,0,0,0,0,0,0,0,0,0,0,0,0,0
schwab.com,0,0,0,4,0,0,0,0,0,0,0,0,0,0,0,0,0
www.coursera.org,0,0,0,2,0,0,0,0,0,0,0,0,0,0,0,0,0
www.udacity.com,0,0,0,1,0,0,0,0,0,0,0,0,0,0,0,0,0
www.amazon.com,0,0,0,1,0,0,0,0,0,0,0,0,0,0,0,0,0
www.udacity.com,0,0,0,1,0,0,0,0,0,0,0,0,0,0,0,0,0
ox.ac.uk,0,0,0,0,0,0,0,0,0,0,0,0,0,0,0,0,0
figma.com,0,0,0,1,0,0,0,0,0,0,0,0,0,0,0,0,0
www.theguardian.com,0,0,0,1,0,0,0,0,0,0,0,0,0,0,0,0,0
imdb.com,0,0,0,1,0,0,0,0,0,0,0,0,0,0,0,0,0
www.panasonic.com,0,0,0,3,0,0,0,0,0,0,0,0,0,0,0,0,0
cnn.com,0,0,0,0,0,0,0,0,0,0,0,0,0,0,0,0,0
forbes.com,0,0,0,4,0,0,0,0,0,0,0,0,0,0,0,0,0
tencent.com,0,0,0,1,0,0,0,0,0,0,0,0,0,0,0,0,0
xiaomi.com,0,0,0,4,0,0,0,0,0,0,0,0,0,0,0,0,0
vercel.com,0,0,0,1,0,0,0,0,0,0,0,0,0,0,0,0,0
ibm.com,0,0,0,1,0,0,0,0,0,0,0,0,0,0,0,0,0
cloudflare.com,0,0,0,3,0,0,0,0,0,0,0,0,0,0,0,0,0
www.wikipedia.org,0,0,0,3,0,0,0,0,0,0,0,0,0,0,0,0,0
ebay.com,0,0,0,1,0,0,0,0,0,0,0,0,0,0,0,0,0
www.hostgator.com,0,0,0,1,0,0,0,0,0,0,0,0,0,0,0,0,0
www.rust-lang.org,0,0,0,1,0,0,0,1,0,0,0,0,0,0,0,0,0
www.quora.com,0,0,0,3,0,0,0,0,0,0,0,0,0,0,0,0,0
baidu.com,0,0,0,1,0,0,0,0,0,0,0,0,0,0,0,0,0
python.org,0,0,0,1,0,0,0,0,0,0,0,0,0,0,0,0,0
www.bluehost.com,0,0,0,1,0,0,0,0,0,0,0,0,0,0,0,0,0
accuweather.com,0,0,0,0,0,0,0,0,0,0,0,0,0,0,0,0,0
hp.com,0,0,0,3,0,0,0,0,0,0,0,0,0,0,0,0,0
www.hackerrank.com,0,0,0,1,0,0,0,0,0,0,0,0,0,0,0,0,0
www.usa.gov,0,0,0,2,0,0,0,0,0,0,0,0,0,0,0,0,0
www.youtube.com,0,0,0,1,0,0,0,0,0,0,0,0,0,0,0,0,0
www.rust-lang.org,0,0,0,3,0,0,0,1,0,0,0,0,0,0,0,0,0
www.x.com,0,0,0,1,0,0,0,0,0,0,0,0,0,0,0,0,0
www.facebook.com,0,0,0,1,0,0,0,0,0,0,0,0,0,0,0,0,0
mail.ru,0,0,0,3,0,0,0,0,0,0,0,0,0,0,0,0,0
www.wix.com,0,0,0,1,0,0,0,0,0,0,0,0,0,0,0,0,0
flickr.com,0,0,0,1,0,0,0,0,0,0,0,0,0,0,0,0,0
www.figma.com,0,0,0,3,0,0,0,0,0,0,0,0,0,0,0,0,0
quora.com,0,0,0,1,0,0,0,0,0,0,0,0,0,0,0,0,0
www.godaddy.com,0,0,0,1,0,0,0,0,0,0,0,0,0,0,0,0,0
www.netflix.com,0,0,0,1,0,0,0,0,0,0,0,0,0,0,0,0,0
www.typescriptlang.org,0,0,0,3,0,0,0,0,0,0,0,0,0,0,0,0,0
linkedin.com,0,0,0,3,0,0,0,0,0,0,0,0,0,0,0,0,0
www.instagram.com,0,0,0,1,0,0,0,0,0,0,0,0,0,0,0,0,0
www.leetcode.com,0,0,0,3,0,0,0,0,0,0,0,0,0,0,0,0,0
www.wikipedia.org,0,0,0,4,0,0,0,0,0,0,0,0,0,0,0,0,0
facebook.com,0,0,0,2,0,0,0,0,0,0,0,0,0,0,0,0,0
bitfinex.com,0,0,0,4,0,0,0,0,0,0,0,0,0,0,0,0,0
office.com,0,0,0,4,0,0,0,0,0,0,0,0,0,0,0,0,0
cdc.gov,0,0,0,3,0,0,0,0,0,0,0,0,0,0,0,0,0
www.cdc.gov,0,0,0,1,0,0,0,0,0,0,0,0,0,0,0,0,0
www.amd.com,0,0,0,4,0,0,0,0,0,0,0,0,0,0,0,0,0
panasonic.com,0,0,0,4,0,0,0,0,0,0,0,0,0,0,0,0,0
www.sohu.com,0,0,0,1,0,0,0,0,0,0,0,0,0,0,0,0,0
www.x.com,0,0,0,1,0,0,0,0,0,0,0,0,0,0,0,0,0
mit.edu,0,0,0,0,0,0,0,0,0,0,0,0,0,0,0,0,0
www.vultr.com,0,0,0,1,0,0,0,0,0,0,0,0,0,0,0,0,0
digitalocean.com,0,0,0,1,0,0,0,0,0,0,0,0,0,0,0,0,0
www.who.int,0,0,0,1,0,0,0,0,0,0,0,0,0,0,0,0,0
spotify.com,0,0,0,1,0,0,0,0,0,0,0,0,0,0,0,0,0
bybit.com,0,0,0,1,0,0,0,0,0,0,0,0,0,0,0,0,0
www.render.com,0,0,0,4,0,0,0,0,0,0,0,0,0,0,0,0,0
www.github.com,0,0,0,3,0,0,0,0,0,0,0,0,0,0,0,0,0
www.office.com,0,0,0,1,0,0,0,0,0,0,0,0,0,0,0,0,0
www.cam.ac.uk,0,0,0,1,0,0,0,0,0,0,0,0,0,0,0,0,0
www.nih.gov,0,0,0,4,0,0,0,0,0,0,0,0,0,0,0,0,0
stanford.edu,0,0,0,1,0,0,0,0,0,0,0,0,0,0,0,0,0
www.acer.com,0,0,0,1,0,0,0,0,0,0,0,0,0,0,0,0,0
www.github.com,0,0,0,0,0,0,0,0,0,0,0,0,0,0,0,0,0
vuejs.org,0,0,0,1,0,0,0,0,0,0,0,0,0,0,0,0,0
bitbucket.org,0,0,0,2,0,0,0,0,0,0,0,0,0,0,0,0,0
www.zoom.us,0,0,0,2,0,0,0,0,0,0,0,0,0,0,0,0,0
xiaomi.com,0,0,0,1,0,0,0,0,0,0,0,0,0,0,0,0,0
www.weibo.com,0,0,0,1,0,0,0,0,0,0,0,0,0,0,0,0,0
squarespace.com,0,0,0,0,0,0,0,0,0,0,0,0,0,0,0,0,0
github.com,0,0,0,1,0,0,0,0,0,0,0,0,0,0,0,0,0
www.mastercard.com,0,0,0,1,0,0,0,0,0,0,0,0,0,0,0,0,0
taobao.com,0,0,0,1,0,0,0,0,0,0,0,0,0,0,0,0,0
samsung.com,0,0,0,1,0,0,0,0,0,0,0,0,0,0,0,0,0
www.hackerrank.com,0,0,0,1,0,0,0,0,0,0,0,0,0,0,0,0,0
udemy.com,0,0,0,3,0,0,0,0,0,0,0,0,0,0,0,0,0
python.org,0,0,0,1,0,0,0,0,0,0,0,0,0,0,0,0,0
www.craigslist.org,0,0,0,2,0,0,0,0,0,0,0,0,0,0,0,0,0
www.linode.com,0,0,0,1,0,0,0,0,0,0,0,0,0,0,0,0,0
www.yahoo.com,0,0,0,4,0,0,0,0,0,0,0,0,0,0,0,0,0
www.mit.edu,0,0,0,4,0,0,0,0,0,0,0,0,0,0,0,0,0
dell.com,0,0,0,1,0,0,0,0,0,0,0,0,0,0,0,0,0
xiaomi.com,0,0,0,0,0,0,0,0,0,0,0,0,0,0,0,0,0
citi.com,0,0,0,0,0,0,0,0,0,0,0,0,0,0,0,0,0
www.nvidia.com,0,0,0,1,0,0,0,0,0,0,0,0,0,0,0,0,0
www.soundcloud.com,0,0,0,3,0,0,0,0,0,0,0,0,0,0,0,0,0
joomla.org,0,0,0,1,0,0,0,0,0,0,0,0,0,0,0,0,0
bbc.com,0,0,0,1,0,0,0,0,0,0,0,0,0,0,0,0,0
www.accuweather.com,0,0,0,2,0,0,0,0,0,0,0,0,0,0,0,0,0
www.typescriptlang.org,0,0,0,2,0,0,0,0,0,0,0,0,0,0,0,0,0
www.oppo.com,0,0,0,1,0,0,0,0,0,0,0,0,0,0,0,0,0
sina.com.cn,0,0,0,1,0,0,0,0,0,0,0,0,0,0,0,0,0
www.qualcomm.com,0,0,0,2,0,0,0,0,0,0,0,0,0,0,0,0,0
reactjs.org,0,0,0,1,0,0,0,0,0,0,0,0,0,0,0,0,0
alipay.com,0,0,0,1,0,0,0,0,0,0,0,0,0,0,0,0,0
aliexpress.com,0,0,0,3,0,0,0,0,0,0,0,0,0,0,0,0,0
www.cloudflare.com,0,0,0,1,0,0,0,0,0,0,0,0,0,0,0,0,0
wordpress.org,0,0,0,1,0,0,0,0,0,0,0,0,0,0,0,0,0
bbc.com,0,0,0,3,0,0,0,0,0,0,0,0,0,0,0,0,0
mastercard.com,0,0,0,2,0,0,0,0,0,0,0,0,0,0,0,0,0
www.golang.org,0,0,0,4,0,0,0,0,0,0,0,0,0,0,0,0,0
office.com,0,0,0,1,0,0,0,0,0,0,0,0,0,0,0,0,0
www.codeforces.com,0,0,0,1,0,0,0,0,0,0,0,0,0,0,0,0,0
www.weather.com,0,0,0,1,0,0,0,0,0,0,0,0,0,0,0,0,0
typescriptlang.org,0,0,0,0,0,0,0,0,0,0,0,0,0,0,0,0,0
www.yandex.ru,0,0,0,1,0,0,0,0,0,0,0,0,0,0,0,0,0
acer.com,0,0,0,1,0,0,0,0,0,0,0,0,0,0,0,0,0
www.instagram.com,0,0,0,0,0,0,0,0,0,0,0,0,0,0,0,0,0
www.xiaomi.com,0,0,0,1,0,0,0,0,0,0,0,0,0,0,0,0,0
robinhood.com,0,0,0,1,0,0,0,0,0,0,0,0,0,0,0,0,0
www.reddit.com,0,0,0,1,0,0,0,0,0,0,0,0,0,0,0,0,0
stripe.com,0,0,0,3,0,0,0,0,0,0,0,0,0,0,0,0,0
joomla.org,0,0,0,4,0,0,0,0,0,0,0,0,0,0,0,0,0
www.square.com,0,0,0,1,0,0,0,0,0,0,0,0,0,0,0,0,0
www.python.org,0,0,0,4,0,0,0,0,0,0,0,0,0,0,0,0,0
gemini.com,0,0,0,2,0,0,0,0,0,0,0,0,0,0,0,0,0
golang.org,0,0,0,1,0,0,0,0,0,0,0,0,0,0,0,0,0
tumblr.com,0,0,0,0,0,0,0,0,0,0,0,0,0,0,0,0,0
hostgator.com,0,0,0,1,0,0,0,0,0,0,0,0,0,0,0,0,0
www.taobao.com,0,0,0,4,0,0,0,0,0,0,0,0,0,0,0,0,0
usa.gov,0,0,0,1,0,0,0,0,0,0,0,0,0,0,0,0,0
www.un.org,0,0,0,1,0,0,0,0,0,0,0,0,0,0,0,0,0
facebook.com,0,0,0,3,0,0,0,0,0,0,0,0,0,0,0,0,0
pinterest.com,0,0,0,4,0,0,0,0,0,0,0,0,0,0,0,0,0
www.heroku.com,0,0,0,1,0,0,0,0,0,0,0,0,0,0,0,0,0
oneplus.com,0,0,0,1,0,0,0,0,0,0,0,0,0,0,0,0,0
www.pinterest.com,0,0,0,4,0,0,0,0,0,0,0,0,0,0,0,0,0
www.golang.org,0,0,0,3,0,0,0,0,0,0,0,0,0,0,0,0,0
udemy.com,0,0,0,4,0,0,0,0,0,0,0,0,0,0,0,0,0
slack.com,0,0,0,1,0,0,0,0,0,0,0,0,0,0,0,0,0
squarespace.com,0,0,0,1,0,0,0,0,0,0,0,0,0,0,0,0,0
tailwindcss.com,0,0,0,0,0,0,0,0,0,0,0,0,0,0,0,0,0
www.apple.com,0,0,0,1,0,0,0,0,0,0,0,0,0,0,0,0,0
nasa.gov,0,0,0,3,0,0,0,0,0,0,0,0,0,0,0,0,0
bloomberg.com,0,0,0,1,0,0,0,0,0,0,0,0,0,0,0,0,0
acer.com,0,0,0,2,0,0,0,0,0,0,0,0,0,0,0,0,0
dell.com,0,0,0,1,0,0,0,0,0,0,0,0,0,0,0,0,0
www.oracle.com,0,0,0,2,0,0,0,0,0,0,0,0,0,0,0,0,0
stanford.edu,0,0,0,0,0,0,0,0,0,0,0,0,0,0,0,0,0
www.telegram.org,0,0,0,3,0,0,0,0,0,0,0,0,0,0,0,0,0
php.net,0,0,0,3,0,0,0,0,0,0,0,0,0,0,0,0,0
www.leetcode.com,0,0,0,4,0,0,0,0,0,0,0,0,0,0,0,0,0
www.robinhood.com,0,0,0,3,0,0,0,0,0,0,0,0,0,0,0,0,0
www.europa.eu,0,0,0,3,0,0,0,0,0,0,0,0,0,0,0,0,0
www.jd.com,0,0,0,2,0,0,0,0,0,0,0,0,0,0,0,0,0
wix.com,0,0,0,2,0,0,0,0,0,0,0,0,0,0,0,0,0
medium.com,0,0,0,1,0,0,0,0,0,0,0,0,0,0,0,0,0
www.weibo.com,0,0,0,1,0,0,0,0,0,0,0,0,0,0,0,0,0
tailwindcss.com,0,0,0,1,0,0,0,0,0,0,0,0,0,0,0,0,0
www.tencent.com,0,0,0,3,0,0,0,0,0,0,0,0,0,0,0,0,0
xiaomi.com,0,0,0,3,0,0,0,0,0,0,0,0,0,0,0,0,0
tumblr.com,0,0,0,2,0,0,0,0,0,0,0,0,0,0,0,0,0
nytimes.com,0,0,0,1,0,0,0,0,0,0,0,0,0,0,0,0,0
www.xiaomi.com,0,0,0,4,0,0,0,0,0,0,0,0,0,0,0,0,0
www.mastercard.com,0,0,0,0,0,0,0,0,0,0,0,0,0,0,0,0,0
instagram.com,0,0,0,1,0,0,0,0,0,0,0,0,0,0,0,0,0
wordpress.org,0,0,0,1,0,0,0,0,0,0,0,0,0,0,0,0,0
www.ruby-lang.org,0,0,0,1,0,0,0,1,0,0,0,0,0,0,0,0,0
www.un.org,0,0,0,0,0,0,0,0,0,0,0,0,0,0,0,0,0
mastercard.com,0,0,0,1,0,0,0,0,0,0,0,0,0,0,0,0,0
www.notion.so,0,0,0,3,0,0,0,0,0,0,0,0,0,0,0,0,0
vivo.com,0,0,0,1,0,0,0,0,0,0,0,0,0,0,0,0,0
www.harvard.edu,0,0,0,1,0,0,0,0,0,0,0,0,0,0,0,0,0
www.forbes.com,0,0,0,4,0,0,0,0,0,0,0,0,0,0,0,0,0
ca.gov,0,0,0,1,0,0,0,0,0,0,0,0,0,0,0,0,0
office.com,0,0,0,1,0,0,0,0,0,0,0,0,0,0,0,0,0
www.nvidia.com,0,0,0,1,0,0,0,0,0,0,0,0,0,0,0,0,0
www.spotify.com,0,0,0,0,0,0,0,0,0,0,0,0,0,0,0,0,0
www.pinterest.com,0,0,0,1,0,0,0,0,0,0,0,0,0,0,0,0,0
www.quora.com,0,0,0,1,0,0,0,0,0,0,0,0,0,0,0,0,0
www.oracle.com,0,0,0,1,0,0,0,0,0,0,0,0,0,0,0,0,0
www.ox.ac.uk,0,0,0,1,0,0,0,0,0,0,0,0,0,0,0,0,0
www.weather.com,0,0,0,1,0,0,0,0,0,0,0,0,0,0,0,0,0
binance.com,0,0,0,1,0,0,0,0,0,0,0,0,0,0,0,0,0
www.coinbase.com,0,0,0,3,0,0,0,0,0,0,0,0,0,0,0,0,0
www.instagram.com,0,0,0,1,0,0,0,0,0,0,0,0,0,0,0,0,0
mozilla.org,0,0,0,1,0,0,0,0,0,0,0,0,0,0,0,0,0
yahoo.com,0,0,0,1,0,0,0,0,0,0,0,0,0,0,0,0,0
www.pinterest.com,0,0,0,0,0,0,0,0,0,0,0,0,0,0,0,0,0
www.weather.com,0,0,0,1,0,0,0,0,0,0,0,0,0,0,0,0,0
www.americanexpress.com,0,0,0,2,0,0,0,0,0,0,0,0,0,0,0,0,0
www.youtube.com,0,0,0,1,0,0,0,0,0,0,0,0,0,0,0,0,0
pinterest.com,0,0,0,1,0,0,0,0,0,0,0,0,0,0,0,0,0
www.facebook.com,0,0,0,1,0,0,0,0,0,0,0,0,0,0,0,0,0
www.usbank.com,0,0,0,4,0,0,0,0,0,0,0,0,0,0,0,0,0
square.com,0,0,0,1,0,0,0,0,0,0,0,0,0,0,0,0,0
www.qualcomm.com,0,0,0,1,0,0,0,0,0,0,0,0,0,0,0,0,0
www.baidu.com,0,0,0,2,0,0,0,0,0,0,0,0,0,0,0,0,0
bitfinex.com,0,0,0,1,0,0,0,0,0,0,0,0,0,0,0,0,0
wikipedia.org,0,0,0,1,0,0,0,0,0,0,0,0,0,0,0,0,0
www.weather.com,0,0,0,1,0,0,0,0,0,0,0,0,0,0,0,0,0
wordpress.com,0,0,0,4,0,0,0,0,0,0,0,0,0,0,0,0,0
www.who.int,0,0,0,4,0,0,0,0,0,0,0,0,0,0,0,0,0
www.github.com,0,0,0,1,0,0,0,0,0,0,0,0,0,0,0,0,0
youtube.com,0,0,0,1,0,0,0,0,0,0,0,0,0,0,0,0,0
namecheap.com,0,0,0,1,0,0,0,0,0,0,0,0,0,0,0,0,0
www.bing.com,0,0,0,0,0,0,0,0,0,0,0,0,0,0,0,0,0
www.accuweather.com,0,0,0,1,0,0,0,0,0,0,0,0,0,0,0,0,0
www.nytimes.com,0,0,0,4,0,0,0,0,0,0,0,0,0,0,0,0,0
linode.com,0,0,0,1,0,0,0,0,0,0,0,0,0,0,0,0,0
www.adobe.com,0,0,0,1,0,0,0,0,0,0,0,0,0,0,0,0,0
www.nasa.gov,0,0,0,1,0,0,0,0,0,0,0,0,0,0,0,0,0
oneplus.com,0,0,0,1,0,0,0,0,0,0,0,0,0,0,0,0,0
www.vercel.com,0,0,0,3,0,0,0,0,0,0,0,0,0,0,0,0,0
yandex.ru,0,0,0,4,0,0,0,0,0,0,0,0,0,0,0,0,0
shopify.com,0,0,0,1,0,0,0,0,0,0,0,0,0,0,0,0,0
asus.com,0,0,0,1,0,0,0,0,0,0,0,0,0,0,0,0,0
www.reddit.com,0,0,0,1,0,0,0,0,0,0,0,0,0,0,0,0,0
www.aliexpress.com,0,0,0,4,0,0,0,0,0,0,0,0,0,0,0,0,0
weather.com,0,0,0,1,0,0,0,0,0,0,0,0,0,0,0,0,0
www.theguardian.com,0,0,0,4,0,0,0,0,0,0,0,0,0,0,0,0,0
www.dell.com,0,0,0,1,0,0,0,0,0,0,0,0,0,0,0,0,0
vercel.com,0,0,0,4,0,0,0,0,0,0,0,0,0,0,0,0,0
ca.gov,0,0,0,0,0,0,0,0,0,0,0,0,0,0,0,0,0
quora.com,0,0,0,3,0,0,0,0,0,0,0,0,0,0,0,0,0
www.vercel.com,0,0,0,1,0,0,0,0,0,0,0,0,0,0,0,0,0
mit.edu,0,0,0,3,0,0,0,0,0,0,0,0,0,0,0,0,0
www.nodejs.org,0,0,0,1,0,0,0,0,0,0,0,0,0,0,0,0,0
tencent.com,0,0,0,2,0,0,0,0,0,0,0,0,0,0,0,0,0
www.chase.com,0,0,0,2,0,0,0,0,0,0,0,0,0,0,0,0,0
linode.com,0,0,0,1,0,0,0,0,0,0,0,0,0,0,0,0,0
www.godaddy.com,0,0,0,1,0,0,0,0,0,0,0,0,0,0,0,0,0
www.ox.ac.uk,0,0,0,1,0,0,0,0,0,0,0,0,0,0,0,0,0
ruby-lang.org,0,0,0,0,0,0,0,1,0,0,0,0,0,0,0,0,0
www.who.int,0,0,0,1,0,0,0,0,0,0,0,0,0,0,0,0,0
sony.com,0,0,0,3,0,0,0,0,0,0,0,0,0,0,0,0,0
www.bybit.com,0,0,0,1,0,0,0,0,0,0,0,0,0,0,0,0,0
www.vivo.com,0,0,0,3,0,0,0,0,0,0,0,0,0,0,0,0,0
vuejs.org,0,0,0,1,0,0,0,0,0,0,0,0,0,0,0,0,0
www.qualcomm.com,0,0,0,1,0,0,0,0,0,0,0,0,0,0,0,0,0
digitalocean.com,0,0,0,1,0,0,0,0,0,0,0,0,0,0,0,0,0
theguardian.com,0,0,0,1,0,0,0,0,0,0,0,0,0,0,0,0,0
www.wordpress.com,0,0,0,0,0,0,0,0,0,0,0,0,0,0,0,0,0
www.microsoft.com,0,0,0,1,0,0,0,0,0,0,0,0,0,0,0,0,0
www.coinbase.com,0,0,0,2,0,0,0,0,0,0,0,0,0,0,0,0,0
www.cam.ac.uk,0,0,0,2,0,0,0,0,0,0,0,0,0,0,0,0,0
www.rust-lang.org,0,0,0,3,0,0,0,1,0,0,0,0,0,0,0,0,0
www.who.int,0,0,0,4,0,0,0,0,0,0,0,0,0,0,0,0,0
www.usbank.com,0,0,0,3,0,0,0,0,0,0,0,0,0,0,0,0,0
www.baidu.com,0,0,0,4,0,0,0,0,0,0,0,0,0,0,0,0,0
www.twitter.com,0,0,0,4,0,0,0,0,0,0,0,0,0,0,0,0,0
acer.com,0,0,0,3,0,0,0,0,0,0,0,0,0,0,0,0,0
www.live.com,0,0,0,1,0,0,0,0,0,0,0,0,0,0,0,0,0
kraken.com,0,0,0,1,0,0,0,0,0,0,0,0,0,0,0,0,0
stripe.com,0,0,0,1,0,0,0,0,0,0,0,0,0,0,0,0,0
www.cloudflare.com,0,0,0,1,0,0,0,0,0,0,0,0,0,0,0,0,0
stanford.edu,0,0,0,1,0,0,0,0,0,0,0,0,0,0,0,0,0
www.lg.com,0,0,0,1,0,0,0,0,0,0,0,0,0,0,0,0,0
php.net,0,0,0,1,0,0,0,0,0,0,0,0,0,0,0,0,0
www.heroku.com,0,0,0,1,0,0,0,0,0,0,0,0,0,0,0,0,0
cisco.com,0,0,0,1,0,0,0,0,0,0,0,0,0,0,0,0,0
hp.com,0,0,0,4,0,0,0,0,0,0,0,0,0,0,0,0,0
www.jd.com,0,0,0,3,0,0,0,0,0,0,0,0,0,0,0,0,0
discord.com,0,0,0,2,0,0,0,0,0,0,0,0,0,0,0,0,0
www.americanexpress.com,0,0,0,1,0,0,0,0,0,0,0,0,0,0,0,0,0
panasonic.com,0,0,0,1,0,0,0,0,0,0,0,0,0,0,0,0,0
www.joomla.org,0,0,0,3,0,0,0,0,0,0,0,0,0,0,0,0,0
tumblr.com,0,0,0,1,0,0,0,0,0,0,0,0,0,0,0,0,0
reuters.com,0,0,0,1,0,0,0,0,0,0,0,0,0,0,0,0,0
www.cisco.com,0,0,0,1,0,0,0,0,0,0,0,0,0,0,0,0,0
www.vk.com,0,0,0,1,0,0,0,0,0,0,0,0,0,0,0,0,0
mail.ru,0,0,0,1,0,0,0,0,0,0,0,0,0,0,0,0,0
www.nodejs.org,0,0,0,1,0,0,0,0,0,0,0,0,0,0,0,0,0
github.com,0,0,0,1,0,0,0,0,0,0,0,0,0,0,0,0,0
www.canva.com,0,0,0,1,0,0,0,0,0,0,0,0,0,0,0,0,0
www.nasa.gov,0,0,0,3,0,0,0,0,0,0,0,0,0,0,0,0,0
citi.com,0,0,0,1,0,0,0,0,0,0,0,0,0,0,0,0,0
www.yandex.ru,0,0,0,2,0,0,0,0,0,0,0,0,0,0,0,0,0
www.php.net,0,0,0,1,0,0,0,0,0,0,0,0,0,0,0,0,0
netlify.com,0,0,0,1,0,0,0,0,0,0,0,0,0,0,0,0,0
aliexpress.com,0,0,0,1,0,0,0,0,0,0,0,0,0,0,0,0,0
www.linkedin.com,0,0,0,1,0,0,0,0,0,0,0,0,0,0,0,0,0
www.vivo.com,0,0,0,1,0,0,0,0,0,0,0,0,0,0,0,0,0
www.amd.com,0,0,0,4,0,0,0,0,0,0,0,0,0,0,0,0,0
www.capitalone.com,0,0,0,4,0,0,0,0,0,0,0,0,0,0,0,0,0
oneplus.com,0,0,0,3,0,0,0,0,0,0,0,0,0,0,0,0,0
usa.gov,0,0,0,4,0,0,0,0,0,0,0,0,0,0,0,0,0
www.europa.eu,0,0,0,1,0,0,0,0,0,0,0,0,0,0,0,0,0
visa.com,0,0,0,1,0,0,0,0,0,0,0,0,0,0,0,0,0
www.bitbucket.org,0,0,0,1,0,0,0,0,0,0,0,0,0,0,0,0,0
www.ok.ru,0,0,0,1,0,0,0,0,0,0,0,0,0,0,0,0,0
schwab.com,0,0,0,2,0,0,0,0,0,0,0,0,0,0,0,0,0
www.aliexpress.com,0,0,0,3,0,0,0,0,0,0,0,0,0,0,0,0,0
theguardian.com,0,0,0,1,0,0,0,0,0,0,0,0,0,0,0,0,0
www.bitbucket.org,0,0,0,4,0,0,0,0,0,0,0,0,0,0,0,0,0
www.tailwindcss.com,0,0,1,1,0,0,0,0,0,0,0,0,0,0,0,0,0
canva.com,0,0,0,0,0,0,0,0,0,0,0,0,0,0,0,0,0
www.nextjs.org,0,0,0,4,0,0,0,0,0,0,0,0,0,0,0,0,0
www.asus.com,0,0,0,3,0,0,0,0,0,0,0,0,0,0,0,0,0
twitter.com,0,0,0,3,0,0,0,0,0,0,0,0,0,0,0,0,0
aws.amazon.com,0,0,0,1,0,0,0,0,0,0,0,0,0,0,0,0,0
stripe.com,0,0,0,2,0,0,0,0,0,0,0,0,0,0,0,0,0
www.sohu.com,0,0,0,3,0,0,0,0,0,0,0,0,0,0,0,0,0
www.getbootstrap.com,0,0,1,1,0,0,0,0,0,0,0,0,0,0,0,0,0
www.getbootstrap.com,0,0,0,1,0,0,0,0,0,0,0,0,0,0,0,0,0
hostgator.com,0,0,0,0,0,0,0,0,0,0,0,0,0,0,0,0,0
www.swift.org,0,0,0,1,0,0,0,0,0,0,0,0,0,0,0,0,0
ok.ru,0,0,0,0,0,0,0,0,0,0,0,0,0,0,0,0,0
youtube.com,0,0,0,4,0,0,0,0,0,0,0,0,0,0,0,0,0
www.geeksforgeeks.org,0,0,0,1,0,0,0,0,0,0,0,0,0,0,0,0,0
twitch.tv,0,0,0,1,0,0,0,0,0,0,0,0,0,0,0,0,0
google.com,0,0,0,1,0,0,0,0,0,0,0,0,0,0,0,0,0
nytimes.com,0,0,0,2,0,0,0,0,0,0,0,0,0,0,0,0,0
www.discord.com,0,0,0,0,0,0,0,0,0,0,0,0,0,0,0,0,0
samsung.com,0,0,0,3,0,0,0,0,0,0,0,0,0,0,0,0,0
www.fidelity.com,0,0,0,1,0,0,0,0,0,0,0,0,0,0,0,0,0
www.oneplus.com,0,0,0,1,0,0,0,0,0,0,0,0,0,0,0,0,0
www.accuweather.com,0,0,0,4,0,0,0,0,0,0,0,0,0,0,0,0,0
www.ok.ru,0,0,0,3,0,0,0,0,0,0,0,0,0,0,0,0,0
www.apache.org,0,0,0,1,0,0,0,0,0,0,0,0,0,0,0,0,0
bankofamerica.com,0,0,0,1,0,0,0,0,0,0,0,0,0,0,0,0,0
chase.com,0,0,0,1,0,0,0,0,0,0,0,0,0,0,0,0,0
www.amazon.com,0,0,0,1,0,0,0,0,0,0,0,0,0,0,0,0,0
www.spotify.com,0,0,0,4,0,0,0,0,0,0,0,0,0,0,0,0,0
jira.com,0,0,0,1,0,0,0,0,0,0,0,0,0,0,0,0,0
www.usa.gov,0,0,0,1,0,0,0,0,0,0,0,0,0,0,0,0,0
www.microsoft.com,0,0,0,1,0,0,0,0,0,0,0,0,0,0,0,0,0
geeksforgeeks.org,0,0,0,4,0,0,0,0,0,0,0,0,0,0,0,0,0
ruby-lang.org,0,0,0,3,0,0,0,1,0,0,0,0,0,0,0,0,0
asus.com,0,0,0,2,0,0,0,0,0,0,0,0,0,0,0,0,0
bbc.com,0,0,0,1,0,0,0,0,0,0,0,0,0,0,0,0,0
weibo.com,0,0,0,0,0,0,0,0,0,0,0,0,0,0,0,0,0
www.office.com,0,0,0,1,0,0,0,0,0,0,0,0,0,0,0,0,0
sony.com,0,0,0,0,0,0,0,0,0,0,0,0,0,0,0,0,0
medium.com,0,0,0,0,0,0,0,0,0,0,0,0,0,0,0,0,0
vimeo.com,0,0,0,1,0,0,0,0,0,0,0,0,0,0,0,0,0
www.typescriptlang.org,0,0,0,1,0,0,0,0,0,0,0,0,0,0,0,0,0
www.quora.com,0,0,0,4,0,0,0,0,0,0,0,0,0,0,0,0,0
fidelity.com,0,0,0,2,0,0,0,0,0,0,0,0,0,0,0,0,0
leetcode.com,0,0,0,1,0,0,0,0,0,0,0,0,0,0,0,0,0
khanacademy.org,0,0,0,1,0,0,0,0,0,0,0,0,0,0,0,0,0
gemini.com,0,0,0,1,0,0,0,0,0,0,0,0,0,0,0,0,0
www.angular.io,0,0,0,1,0,0,0,0,0,0,0,0,0,0,0,0,0
google.com,0,0,0,1,0,0,0,0,0,0,0,0,0,0,0,0,0
vultr.com,0,0,0,3,0,0,0,0,0,0,0,0,0,0,0,0,0
www.leetcode.com,0,0,0,1,0,0,0,0,0,0,0,0,0,0,0,0,0
cdc.gov,0,0,0,2,0,0,0,0,0,0,0,0,0,0,0,0,0
www.bankofamerica.com,0,0,1,1,0,0,0,0,0,0,0,0,0,0,0,0,0
shopify.com,0,0,0,4,0,0,0,0,0,0,0,0,0,0,0,0,0
bluehost.com,0,0,0,4,0,0,0,0,0,0,0,0,0,0,0,0,0
twitter.com,0,0,0,0,0,0,0,0,0,0,0,0,0,0,0,0,0
office.com,0,0,0,1,0,0,0,0,0,0,0,0,0,0,0,0,0
www.python.org,0,0,0,1,0,0,0,0,0,0,0,0,0,0,0,0,0
nih.gov,0,0,0,1,0,0,0,0,0,0,0,0,0,0,0,0,0
www.intel.com,0,0,0,2,0,0,0,0,0,0,0,0,0,0,0,0,0
www.schwab.com,0,0,0,1,0,0,0,0,0,0,0,0,0,0,0,0,0
kraken.com,0,0,0,1,0,0,0,0,0,0,0,0,0,0,0,0,0
google.com,0,0,0,1,0,0,0,0,0,0,0,0,0,0,0,0,0
craigslist.org,0,0,0,4,0,0,0,0,0,0,0,0,0,0,0,0,0
www.cam.ac.uk,0,0,0,1,0,0,0,0,0,0,0,0,0,0,0,0,0
www.nvidia.com,0,0,0,2,0,0,0,0,0,0,0,0,0,0,0,0,0
twitter.com,0,0,0,1,0,0,0,0,0,0,0,0,0,0,0,0,0
baidu.com,0,0,0,3,0,0,0,0,0,0,0,0,0,0,0,0,0
bbc.com,0,0,0,1,0,0,0,0,0,0,0,0,0,0,0,0,0
www.mit.edu,0,0,0,3,0,0,0,0,0,0,0,0,0,0,0,0,0
www.netlify.com,0,0,0,1,0,0,0,0,0,0,0,0,0,0,0,0,0
www.wordpress.org,0,0,0,1,0,0,0,0,0,0,0,0,0,0,0,0,0
hackerrank.com,0,0,0,1,0,0,0,0,0,0,0,0,0,0,0,0,0
www.kraken.com,0,0,0,1,0,0,0,0,0,0,0,0,0,0,0,0,0
wellsfargo.com,0,0,0,4,0,0,0,0,0,0,0,0,0,0,0,0,0
www.tencent.com,0,0,0,1,0,0,0,0,0,0,0,0,0,0,0,0,0
www.oneplus.com,0,0,0,0,0,0,0,0,0,0,0,0,0,0,0,0,0
www.paypal.com,0,0,0,1,0,0,0,0,0,0,0,0,0,0,0,0,0
www.khanacademy.org,0,0,0,3,0,0,0,0,0,0,0,0,0,0,0,0,0
www.who.int,0,0,0,1,0,0,0,0,0,0,0,0,0,0,0,0,0
www.amazon.com,0,0,0,1,0,0,0,0,0,0,0,0,0,0,0,0,0
www.reddit.com,0,0,0,1,0,0,0,0,0,0,0,0,0,0,0,0,0
tencent.com,0,0,0,4,0,0,0,0,0,0,0,0,0,0,0,0,0
www.cloud.google.com,0,0,0,0,0,0,0,0,0,0,0,0,0,0,0,0,0
www.netlify.com,0,0,0,3,0,0,0,0,0,0,0,0,0,0,0,0,0
www.jira.com,0,0,0,1,0,0,0,0,0,0,0,0,0,0,0,0,0
gitlab.com,0,0,0,1,0,0,0,0,0,0,0,0,0,0,0,0,0
www.ox.ac.uk,0,0,0,1,0,0,0,0,0,0,0,0,0,0,0,0,0
www.aliexpress.com,0,0,0,4,0,0,0,0,0,0,0,0,0,0,0,0,0
www.weibo.com,0,0,0,3,0,0,0,0,0,0,0,0,0,0,0,0,0
www.vercel.com,0,0,0,1,0,0,0,0,0,0,0,0,0,0,0,0,0
www.php.net,0,0,0,3,0,0,0,0,0,0,0,0,0,0,0,0,0
sohu.com,0,0,0,0,0,0,0,0,0,0,0,0,0,0,0,0,0
www.hp.com,0,0,0,1,0,0,0,0,0,0,0,0,0,0,0,0,0
www.vultr.com,0,0,0,1,0,0,0,0,0,0,0,0,0,0,0,0,0
ca.gov,0,0,0,1,0,0,0,0,0,0,0,0,0,0,0,0,0
godaddy.com,0,0,0,1,0,0,0,0,0,0,0,0,0,0,0,0,0
ebay.com,0,0,0,1,0,0,0,0,0,0,0,0,0,0,0,0,0
www.wellsfargo.com,0,0,0,1,0,0,0,0,0,0,0,0,0,0,0,0,0
www.canva.com,0,0,0,4,0,0,0,0,0,0,0,0,0,0,0,0,0
www.oracle.com,0,0,0,1,0,0,0,0,0,0,0,0,0,0,0,0,0
vk.com,0,0,0,4,0,0,0,0,0,0,0,0,0,0,0,0,0
nextjs.org,0,0,0,4,0,0,0,0,0,0,0,0,0,0,0,0,0
www.joomla.org,0,0,0,1,0,0,0,0,0,0,0,0,0,0,0,0,0
theguardian.com,0,0,0,1,0,0,0,0,0,0,0,0,0,0,0,0,0
www.samsung.com,0,0,0,4,0,0,0,0,0,0,0,0,0,0,0,0,0
www.who.int,0,0,0,1,0,0,0,0,0,0,0,0,0,0,0,0,0
www.reactjs.org,0,0,0,4,0,0,0,0,0,0,0,0,0,0,0,0,0
www.citi.com,0,0,0,1,0,0,0,0,0,0,0,0,0,0,0,0,0
www.cisco.com,0,0,0,1,0,0,0,0,0,0,0,0,0,0,0,0,0
paypal.com,0,0,0,3,0,0,0,0,0,0,0,0,0,0,0,0,0
www.render.com,0,0,0,1,0,0,0,0,0,0,0,0,0,0,0,0,0
www.notion.so,0,0,0,1,0,0,0,0,0,0,0,0,0,0,0,0,0
netflix.com,0,0,0,1,0,0,0,0,0,0,0,0,0,0,0,0,0
oneplus.com,0,0,0,1,0,0,0,0,0,0,0,0,0,0,0,0,0
nextjs.org,0,0,0,1,0,0,0,0,0,0,0,0,0,0,0,0,0
vimeo.com,0,0,0,1,0,0,0,0,0,0,0,0,0,0,0,0,0
www.ca.gov,0,0,0,4,0,0,0,0,0,0,0,0,0,0,0,0,0
amazon.com,0,0,0,1,0,0,0,0,0,0,0,0,0,0,0,0,0
qualcomm.com,0,0,0,1,0,0,0,0,0,0,0,0,0,0,0,0,0
bitfinex.com,0,0,0,3,0,0,0,0,0,0,0,0,0,0,0,0,0
www.mozilla.org,0,0,0,1,0,0,0,0,0,0,0,0,0,0,0,0,0
www.baidu.com,0,0,0,1,0,0,0,0,0,0,0,0,0,0,0,0,0
www.salesforce.com,0,0,0,1,0,0,0,0,0,0,0,0,0,0,0,0,0
jd.com,0,0,0,4,0,0,0,0,0,0,0,0,0,0,0,0,0
www.live.com,0,0,0,3,0,0,0,0,0,0,0,0,0,0,0,0,0
soundcloud.com,0,0,0,4,0,0,0,0,0,0,0,0,0,0,0,0,0
www.oneplus.com,0,0,0,1,0,0,0,0,0,0,0,0,0,0,0,0,0
theguardian.com,0,0,0,3,0,0,0,0,0,0,0,0,0,0,0,0,0
vanguard.com,0,0,0,3,0,0,0,0,0,0,0,0,0,0,0,0,0
bitbucket.org,0,0,0,1,0,0,0,0,0,0,0,0,0,0,0,0,0
www.oppo.com,0,0,0,1,0,0,0,0,0,0,0,0,0,0,0,0,0
linkedin.com,0,0,0,1,0,0,0,0,0,0,0,0,0,0,0,0,0
vivo.com,0,0,0,1,0,0,0,0,0,0,0,0,0,0,0,0,0
hostgator.com,0,0,0,2,0,0,0,0,0,0,0,0,0,0,0,0,0
ca.gov,0,0,0,1,0,0,0,0,0,0,0,0,0,0,0,0,0
yahoo.com,0,0,0,1,0,0,0,0,0,0,0,0,0,0,0,0,0
lenovo.com,0,0,0,1,0,0,0,0,0,0,0,0,0,0,0,0,0
www.coursera.org,0,0,0,4,0,0,0,0,0,0,0,0,0,0,0,0,0
nytimes.com,0,0,0,1,0,0,0,0,0,0,0,0,0,0,0,0,0
www.gov.uk,0,0,0,1,0,0,0,0,0,0,0,0,0,0,0,0,0
www.mastercard.com,0,0,0,4,0,0,0,0,0,0,0,0,0,0,0,0,0
theguardian.com,0,0,0,4,0,0,0,0,0,0,0,0,0,0,0,0,0
www.nih.gov,0,0,0,1,0,0,0,0,0,0,0,0,0,0,0,0,0
www.edx.org,0,0,0,4,0,0,0,0,0,0,0,0,0,0,0,0,0
www.yahoo.com,0,0,0,1,0,0,0,0,0,0,0,0,0,0,0,0,0
www.binance.com,0,0,0,4,0,0,0,0,0,0,0,0,0,0,0,0,0
lenovo.com,0,0,0,3,0,0,0,0,0,0,0,0,0,0,0,0,0
www.who.int,0,0,0,1,0,0,0,0,0,0,0,0,0,0,0,0,0
www.wordpress.com,0,0,0,1,0,0,0,0,0,0,0,0,0,0,0,0,0
namecheap.com,0,0,0,4,0,0,0,0,0,0,0,0,0,0,0,0,0
twitch.tv,0,0,0,3,0,0,0,0,0,0,0,0,0,0,0,0,0
www.weibo.com,0,0,0,1,0,0,0,0,0,0,0,0,0,0,0,0,0
notion.so,0,0,0,4,0,0,0,0,0,0,0,0,0,0,0,0,0
www.asus.com,0,0,0,1,0,0,0,0,0,0,0,0,0,0,0,0,0
ebay.com,0,0,0,0,0,0,0,0,0,0,0,0,0,0,0,0,0
capitalone.com,0,0,0,1,0,0,0,0,0,0,0,0,0,0,0,0,0
udacity.com,0,0,0,3,0,0,0,0,0,0,0,0,0,0,0,0,0
shopify.com,0,0,0,1,0,0,0,0,0,0,0,0,0,0,0,0,0
www.udemy.com,0,0,0,1,0,0,0,0,0,0,0,0,0,0,0,0,0
www.adobe.com,0,0,0,1,0,0,0,0,0,0,0,0,0,0,0,0,0
medium.com,0,0,0,1,0,0,0,0,0,0,0,0,0,0,0,0,0
www.apple.com,0,0,0,3,0,0,0,0,0,0,0,0,0,0,0,0,0
www.x.com,0,0,0,1,0,0,0,0,0,0,0,0,0,0,0,0,0
www.capitalone.com,0,0,0,1,0,0,0,0,0,0,0,0,0,0,0,0,0
www.stanford.edu,0,0,0,1,0,0,0,0,0,0,0,0,0,0,0,0,0
coursera.org,0,0,0,1,0,0,0,0,0,0,0,0,0,0,0,0,0
www.nih.gov,0,0,0,1,0,0,0,0,0,0,0,0,0,0,0,0,0
www.getbootstrap.com,0,0,0,4,0,0,0,0,0,0,0,0,0,0,0,0,0
europa.eu,0,0,0,2,0,0,0,0,0,0,0,0,0,0,0,0,0
ftx.com,0,0,0,1,0,0,0,0,0,0,0,0,0,0,0,0,0
www.bitfinex.com,0,0,0,4,0,0,0,0,0,0,0,0,0,0,0,0,0
jira.com,0,0,0,1,0,0,0,0,0,0,0,0,0,0,0,0,0
fidelity.com,0,0,0,1,0,0,0,0,0,0,0,0,0,0,0,0,0
www.netlify.com,0,0,0,2,0,0,0,0,0,0,0,0,0,0,0,0,0
vuejs.org,0,0,0,4,0,0,0,0,0,0,0,0,0,0,0,0,0
www.flickr.com,0,0,0,3,0,0,0,0,0,0,0,0,0,0,0,0,0
atlassian.com,0,0,0,1,0,0,0,0,0,0,0,0,0,0,0,0,0
www.gov.uk,0,0,0,1,0,0,0,0,0,0,0,0,0,0,0,0,0
flickr.com,0,0,0,1,0,0,0,0,0,0,0,0,0,0,0,0,0
amd.com,0,0,0,4,0,0,0,0,0,0,0,0,0,0,0,0,0
www.dell.com,0,0,0,1,0,0,0,0,0,0,0,0,0,0,0,0,0
oracle.com,0,0,0,1,0,0,0,0,0,0,0,0,0,0,0,0,0
golang.org,0,0,0,4,0,0,0,0,0,0,0,0,0,0,0,0,0
coinbase.com,0,0,0,1,0,0,0,0,0,0,0,0,0,0,0,0,0
netflix.com,0,0,0,4,0,0,0,0,0,0,0,0,0,0,0,0,0
render.com,0,0,0,1,0,0,0,0,0,0,0,0,0,0,0,0,0
www.oppo.com,0,0,0,1,0,0,0,0,0,0,0,0,0,0,0,0,0
www.dropbox.com,0,0,0,3,0,0,0,0,0,0,0,0,0,0,0,0,0
www.udacity.com,0,0,0,3,0,0,0,0,0,0,0,0,0,0,0,0,0
www.bluehost.com,0,0,0,1,0,0,0,0,0,0,0,0,0,0,0,0,0
shopify.com,0,0,0,2,0,0,0,0,0,0,0,0,0,0,0,0,0
oracle.com,0,0,0,1,0,0,0,0,0,0,0,0,0,0,0,0,0
bybit.com,0,0,0,1,0,0,0,0,0,0,0,0,0,0,0,0,0
www.capitalone.com,0,0,0,2,0,0,0,0,0,0,0,0,0,0,0,0,0
nih.gov,0,0,0,4,0,0,0,0,0,0,0,0,0,0,0,0,0
www.aliexpress.com,0,0,0,1,0,0,0,0,0,0,0,0,0,0,0,0,0
www.paypal.com,0,0,0,1,0,0,0,0,0,0,0,0,0,0,0,0,0
w3schools.com,0,0,0,1,0,0,0,0,0,0,0,0,0,0,0,0,0
www.squarespace.com,0,0,0,3,0,0,0,0,0,0,0,0,0,0,0,0,0
www.golang.org,0,0,0,1,0,0,0,0,0,0,0,0,0,0,0,0,0
www.wellsfargo.com,0,0,0,3,0,0,0,0,0,0,0,0,0,0,0,0,0
www.bankofamerica.com,0,0,0,2,0,0,0,0,0,0,0,0,0,0,0,0,0
ftx.com,0,0,0,1,0,0,0,0,0,0,0,0,0,0,0,0,0
atlassian.com,0,0,0,3,0,0,0,0,0,0,0,0,0,0,0,0,0
www.tencent.com,0,0,0,4,0,0,0,0,0,0,0,0,0,0,0,0,0
cdc.gov,0,0,0,1,0,0,0,0,0,0,0,0,0,0,0,0,0
jd.com,0,0,0,1,0,0,0,0,0,0,0,0,0,0,0,0,0
www.vuejs.org,0,0,0,4,0,0,0,0,0,0,0,0,0,0,0,0,0
www.facebook.com,0,0,0,1,0,0,0,0,0,0,0,0,0,0,0,0,0
digitalocean.com,0,0,0,1,0,0,0,0,0,0,0,0,0,0,0,0,0
tencent.com,0,0,0,3,0,0,0,0,0,0,0,0,0,0,0,0,0
www.cnn.com,0,0,0,1,0,0,0,0,0,0,0,0,0,0,0,0,0
render.com,0,0,0,1,0,0,0,0,0,0,0,0,0,0,0,0,0
www.gitlab.com,0,0,0,0,0,0,0,0,0,0,0,0,0,0,0,0,0
www.ebay.com,0,0,0,1,0,0,0,0,0,0,0,0,0,0,0,0,0
squarespace.com,0,0,0,1,0,0,0,0,0,0,0,0,0,0,0,0,0
twitter.com,0,0,0,1,0,0,0,0,0,0,0,0,0,0,0,0,0
kraken.com,0,0,0,4,0,0,0,0,0,0,0,0,0,0,0,0,0
www.linode.com,0,0,0,1,0,0,0,0,0,0,0,0,0,0,0,0,0
zoom.us,0,0,0,1,0,0,0,0,0,0,0,0,0,0,0,0,0
theguardian.com,0,0,0,1,0,0,0,0,0,0,0,0,0,0,0,0,0
www.usa.gov,0,0,0,3,0,0,0,0,0,0,0,0,0,0,0,0,0
www.cisco.com,0,0,0,1,0,0,0,0,0,0,0,0,0,0,0,0,0
spotify.com,0,0,0,1,0,0,0,0,0,0,0,0,0,0,0,0,0
vanguard.com,0,0,0,2,0,0,0,0,0,0,0,0,0,0,0,0,0
swift.org,0,0,0,1,0,0,0,0,0,0,0,0,0,0,0,0,0
www.edx.org,0,0,0,1,0,0,0,0,0,0,0,0,0,0,0,0,0
www.tailwindcss.com,0,0,0,1,0,0,0,0,0,0,0,0,0,0,0,0,0
www.who.int,0,0,0,1,0,0,0,0,0,0,0,0,0,0,0,0,0
www.mozilla.org,0,0,0,0,0,0,0,0,0,0,0,0,0,0,0,0,0
zoom.us,0,0,0,1,0,0,0,0,0,0,0,0,0,0,0,0,0
sony.com,0,0,0,2,0,0,0,0,0,0,0,0,0,0,0,0,0
www.codeforces.com,0,0,0,3,0,0,0,0,0,0,0,0,0,0,0,0,0
alipay.com,0,0,0,0,0,0,0,0,0,0,0,0,0,0,0,0,0
www.accuweather.com,0,0,1,1,0,0,0,0,0,0,0,0,0,0,0,0,0
www.geeksforgeeks.org,0,0,0,1,0,0,0,0,0,0,0,0,0,0,0,0,0
www.linode.com,0,0,0,1,0,0,0,0,0,0,0,0,0,0,0,0,0
www.fidelity.com,0,0,0,1,0,0,0,0,0,0,0,0,0,0,0,0,0
www.cloud.google.com,0,0,1,1,0,0,0,0,0,0,0,0,0,0,0,0,0
www.nytimes.com,0,0,0,4,0,0,0,0,0,0,0,0,0,0,0,0,0
www.linkedin.com,0,0,0,1,0,0,0,0,0,0,0,0,0,0,0,0,0
www.stripe.com,0,0,0,1,0,0,0,0,0,0,0,0,0,0,0,0,0
www.capitalone.com,0,0,0,1,0,0,0,0,0,0,0,0,0,0,0,0,0
shopify.com,0,0,0,1,0,0,0,0,0,0,0,0,0,0,0,0,0
www.binance.com,0,0,0,1,0,0,0,0,0,0,0,0,0,0,0,0,0
mastercard.com,0,0,0,1,0,0,0,0,0,0,0,0,0,0,0,0,0
www.cdc.gov,0,0,0,1,0,0,0,0,0,0,0,0,0,0,0,0,0
www.apple.com,0,0,0,1,0,0,0,0,0,0,0,0,0,0,0,0,0
www.mail.ru,0,0,0,3,0,0,0,0,0,0,0,0,0,0,0,0,0
bitfinex.com,0,0,0,4,0,0,0,0,0,0,0,0,0,0,0,0,0
www.kraken.com,0,0,0,1,0,0,0,0,0,0,0,0,0,0,0,0,0
squarespace.com,0,0,0,1,0,0,0,0,0,0,0,0,0,0,0,0,0
www.theguardian.com,0,0,0,3,0,0,0,0,0,0,0,0,0,0,0,0,0
www.flickr.com,0,0,0,3,0,0,0,0,0,0,0,0,0,0,0,0,0
acer.com,0,0,0,1,0,0,0,0,0,0,0,0,0,0,0,0,0
www.vultr.com,0,0,0,1,0,0,0,0,0,0,0,0,0,0,0,0,0
www.linode.com,0,0,0,3,0,0,0,0,0,0,0,0,0,0,0,0,0
squarespace.com,0,0,0,4,0,0,0,0,0,0,0,0,0,0,0,0,0
vivo.com,0,0,0,1,0,0,0,0,0,0,0,0,0,0,0,0,0
www.sina.com.cn,0,0,0,0,0,0,0,0,0,0,0,0,0,0,0,0,0
www.bloomberg.com,0,0,0,4,0,0,0,0,0,0,0,0,0,0,0,0,0
coursera.org,0,0,0,1,0,0,0,0,0,0,0,0,0,0,0,0,0
discord.com,0,0,0,1,0,0,0,0,0,0,0,0,0,0,0,0,0
www.heroku.com,0,0,0,4,0,0,0,0,0,0,0,0,0,0,0,0,0
www.namecheap.com,0,0,0,1,0,0,0,0,0,0,0,0,0,0,0,0,0
www.instagram.com,0,0,0,1,0,0,0,0,0,0,0,0,0,0,0,0,0
drupal.org,0,0,0,4,0,0,0,0,0,0,0,0,0,0,0,0,0
dropbox.com,0,0,0,1,0,0,0,0,0,0,0,0,0,0,0,0,0
hackerrank.com,0,0,0,1,0,0,0,0,0,0,0,0,0,0,0,0,0
www.nextjs.org,0,0,0,1,0,0,0,0,0,0,0,0,0,0,0,0,0
www.citi.com,0,0,0,0,0,0,0,0,0,0,0,0,0,0,0,0,0
www.discord.com,0,0,0,1,0,0,0,0,0,0,0,0,0,0,0,0,0
zoom.us,0,0,0,4,0,0,0,0,0,0,0,0,0,0,0,0,0
www.mail.ru,0,0,0,1,0,0,0,0,0,0,0,0,0,0,0,0,0
www.hackerrank.com,0,0,0,1,0,0,0,0,0,0,0,0,0,0,0,0,0
www.lenovo.com,0,0,0,4,0,0,0,0,0,0,0,0,0,0,0,0,0
www.trello.com,0,0,0,2,0,0,0,0,0,0,0,0,0,0,0,0,0
geeksforgeeks.org,0,0,0,1,0,0,0,0,0,0,0,0,0,0,0,0,0
www.capitalone.com,0,0,0,1,0,0,0,0,0,0,0,0,0,0,0,0,0
www.nytimes.com,0,0,0,2,0,0,0,0,0,0,0,0,0,0,0,0,0
www.lenovo.com,0,0,0,1,0,0,0,0,0,0,0,0,0,0,0,0,0
adobe.com,0,0,0,0,0,0,0,0,0,0,0,0,0,0,0,0,0
vuejs.org,0,0,0,1,0,0,0,0,0,0,0,0,0,0,0,0,0
www.xiaomi.com,0,0,0,3,0,0,0,0,0,0,0,0,0,0,0,0,0
golang.org,0,0,0,3,0,0,0,0,0,0,0,0,0,0,0,0,0
www.usbank.com,0,0,0,0,0,0,0,0,0,0,0,0,0,0,0,0,0
www.twitch.tv,0,0,0,1,0,0,0,0,0,0,0,0,0,0,0,0,0
github.com,0,0,0,1,0,0,0,0,0,0,0,0,0,0,0,0,0
wordpress.com,0,0,0,1,0,0,0,0,0,0,0,0,0,0,0,0,0
ox.ac.uk,0,0,0,1,0,0,0,0,0,0,0,0,0,0,0,0,0
tencent.com,0,0,0,1,0,0,0,0,0,0,0,0,0,0,0,0,0
sina.com.cn,0,0,0,1,0,0,0,0,0,0,0,0,0,0,0,0,0
www.intel.com,0,0,0,4,0,0,0,0,0,0,0,0,0,0,0,0,0
www.bluehost.com,0,0,0,2,0,0,0,0,0,0,0,0,0,0,0,0,0
www.pinterest.com,0,0,0,1,0,0,0,0,0,0,0,0,0,0,0,0,0
www.wix.com,0,0,0,1,0,0,0,0,0,0,0,0,0,0,0,0,0
www.mail.ru,0,0,0,1,0,0,0,0,0,0,0,0,0,0,0,0,0
notion.so,0,0,0,1,0,0,0,0,0,0,0,0,0,0,0,0,0
python.org,0,0,0,1,0,0,0,0,0,0,0,0,0,0,0,0,0
netflix.com,0,0,0,1,0,0,0,0,0,0,0,0,0,0,0,0,0
stackoverflow.com,0,0,0,1,0,0,0,0,0,0,0,0,0,0,0,0,0
www.drupal.org,0,0,0,3,0,0,0,0,0,0,0,0,0,0,0,0,0
www.spotify.com,0,0,0,3,0,0,0,0,0,0,0,0,0,0,0,0,0
www.vivo.com,0,0,0,4,0,0,0,0,0,0,0,0,0,0,0,0,0
fidelity.com,0,0,0,3,0,0,0,0,0,0,0,0,0,0,0,0,0
www.europa.eu,0,0,0,4,0,0,0,0,0,0,0,0,0,0,0,0,0
www.notion.so,0,0,0,4,0,0,0,0,0,0,0,0,0,0,0,0,0
www.coinbase.com,0,0,0,4,0,0,0,0,0,0,0,0,0,0,0,0,0
jira.com,0,0,0,4,0,0,0,0,0,0,0,0,0,0,0,0,0
leetcode.com,0,0,0,3,0,0,0,0,0,0,0,0,0,0,0,0,0
stanford.edu,0,0,0,4,0,0,0,0,0,0,0,0,0,0,0,0,0
bbc.com,0,0,0,0,0,0,0,0,0,0,0,0,0,0,0,0,0
www.vuejs.org,0,0,0,1,0,0,0,0,0,0,0,0,0,0,0,0,0
swift.org,0,0,0,0,0,0,0,0,0,0,0,0,0,0,0,0,0
www.nextjs.org,0,0,0,1,0,0,0,0,0,0,0,0,0,0,0,0,0
www.oracle.com,0,0,0,1,0,0,0,0,0,0,0,0,0,0,0,0,0
www.coinbase.com,0,0,0,0,0,0,0,0,0,0,0,0,0,0,0,0,0
amazon.com,0,0,0,1,0,0,0,0,0,0,0,0,0,0,0,0,0
reddit.com,0,0,0,1,0,0,0,0,0,0,0,0,0,0,0,0,0
pinterest.com,0,0,0,1,0,0,0,0,0,0,0,0,0,0,0,0,0
ftx.com,0,0,0,2,0,0,0,0,0,0,0,0,0,0,0,0,0
cam.ac.uk,0,0,0,1,0,0,0,0,0,0,0,0,0,0,0,0,0
www.nih.gov,0,0,0,0,0,0,0,0,0,0,0,0,0,0,0,0,0
www.vk.com,0,0,0,1,0,0,0,0,0,0,0,0,0,0,0,0,0
live.com,0,0,0,4,0,0,0,0,0,0,0,0,0,0,0,0,0
telegram.org,0,0,0,1,0,0,0,0,0,0,0,0,0,0,0,0,0
azure.microsoft.com,0,0,0,1,0,0,0,0,0,0,0,0,0,0,0,0,0
www.kotlinlang.org,0,0,0,1,0,0,0,0,0,0,0,0,0,0,0,0,0
www.gemini.com,0,0,0,1,0,0,0,0,0,0,0,0,0,0,0,0,0
bing.com,0,0,0,1,0,0,0,0,0,0,0,0,0,0,0,0,0
www.taobao.com,0,0,0,1,0,0,0,0,0,0,0,0,0,0,0,0,0
www.nytimes.com,0,0,0,0,0,0,0,0,0,0,0,0,0,0,0,0,0
www.python.org,0,0,0,1,0,0,0,0,0,0,0,0,0,0,0,0,0
www.mastercard.com,0,0,0,1,0,0,0,0,0,0,0,0,0,0,0,0,0
www.twitch.tv,0,0,0,1,0,0,0,0,0,0,0,0,0,0,0,0,0
adobe.com,0,0,0,1,0,0,0,0,0,0,0,0,0,0,0,0,0
cam.ac.uk,0,0,0,1,0,0,0,0,0,0,0,0,0,0,0,0,0
www.atlassian.com,0,0,0,4,0,0,0,0,0,0,0,0,0,0,0,0,0
www.huawei.com,0,0,0,1,0,0,0,0,0,0,0,0,0,0,0,0,0
sina.com.cn,0,0,0,2,0,0,0,0,0,0,0,0,0,0,0,0,0
www.quora.com,0,0,0,0,0,0,0,0,0,0,0,0,0,0,0,0,0
www.medium.com,0,0,0,0,0,0,0,0,0,0,0,0,0,0,0,0,0
www.berkeley.edu,0,0,0,1,0,0,0,0,0,0,0,0,0,0,0,0,0
www.un.org,0,0,0,1,0,0,0,0,0,0,0,0,0,0,0,0,0
www.wordpress.org,0,0,0,1,0,0,0,0,0,0,0,0,0,0,0,0,0
asus.com,0,0,0,1,0,0,0,0,0,0,0,0,0,0,0,0,0
www.whatsapp.com,0,0,0,1,0,0,0,0,0,0,0,0,0,0,0,0,0
www.twitch.tv,0,0,0,4,0,0,0,0,0,0,0,0,0,0,0,0,0
bloomberg.com,0,0,0,1,0,0,0,0,0,0,0,0,0,0,0,0,0
weibo.com,0,0,0,3,0,0,0,0,0,0,0,0,0,0,0,0,0
flickr.com,0,0,0,0,0,0,0,0,0,0,0,0,0,0,0,0,0
www.lenovo.com,0,0,0,3,0,0,0,0,0,0,0,0,0,0,0,0,0
www.gov.uk,0,0,0,1,0,0,0,0,0,0,0,0,0,0,0,0,0
www.medium.com,0,0,0,1,0,0,0,0,0,0,0,0,0,0,0,0,0
drupal.org,0,0,0,1,0,0,0,0,0,0,0,0,0,0,0,0,0
twitch.tv,0,0,0,1,0,0,0,0,0,0,0,0,0,0,0,0,0
www.codeforces.com,0,0,0,1,0,0,0,0,0,0,0,0,0,0,0,0,0
weibo.com,0,0,0,1,0,0,0,0,0,0,0,0,0,0,0,0,0
berkeley.edu,0,0,0,1,0,0,0,0,0,0,0,0,0,0,0,0,0
spotify.com,0,0,0,1,0,0,0,0,0,0,0,0,0,0,0,0,0
aws.amazon.com,0,0,0,4,0,0,0,0,0,0,0,0,0,0,0,0,0
digitalocean.com,0,0,0,0,0,0,0,0,0,0,0,0,0,0,0,0,0
www.vimeo.com,0,0,0,0,0,0,0,0,0,0,0,0,0,0,0,0,0
www.salesforce.com,0,0,0,3,0,0,0,0,0,0,0,0,0,0,0,0,0
azure.microsoft.com,0,0,1,1,0,0,0,0,0,0,0,0,0,0,0,0,0
canva.com,0,0,0,1,0,0,0,0,0,0,0,0,0,0,0,0,0
www.theguardian.com,0,0,0,3,0,0,0,0,0,0,0,0,0,0,0,0,0
netflix.com,0,0,0,0,0,0,0,0,0,0,0,0,0,0,0,0,0
namecheap.com,0,0,0,0,0,0,0,0,0,0,0,0,0,0,0,0,0
www.drupal.org,0,0,0,3,0,0,0,0,0,0,0,0,0,0,0,0,0
www.visa.com,0,0,0,4,0,0,0,0,0,0,0,0,0,0,0,0,0
cloudflare.com,0,0,0,1,0,0,0,0,0,0,0,0,0,0,0,0,0
figma.com,0,0,0,1,0,0,0,0,0,0,0,0,0,0,0,0,0
aws.amazon.com,0,0,0,1,0,0,0,0,0,0,0,0,0,0,0,0,0
apache.org,0,0,0,1,0,0,0,0,0,0,0,0,0,0,0,0,0
www.udemy.com,0,0,0,3,0,0,0,0,0,0,0,0,0,0,0,0,0
coursera.org,0,0,0,1,0,0,0,0,0,0,0,0,0,0,0,0,0
www.reddit.com,0,0,0,1,0,0,0,0,0,0,0,0,0,0,0,0,0
www.reuters.com,0,0,0,1,0,0,0,0,0,0,0,0,0,0,0,0,0
binance.com,0,0,0,1,0,0,0,0,0,0,0,0,0,0,0,0,0
www.reddit.com,0,0,0,2,0,0,0,0,0,0,0,0,0,0,0,0,0
www.cdc.gov,0,0,0,3,0,0,0,0,0,0,0,0,0,0,0,0,0
kraken.com,0,0,0,2,0,0,0,0,0,0,0,0,0,0,0,0,0
oppo.com,0,0,0,4,0,0,0,0,0,0,0,0,0,0,0,0,0
imdb.com,0,0,0,0,0,0,0,0,0,0,0,0,0,0,0,0,0
www.salesforce.com,0,0,0,1,0,0,0,0,0,0,0,0,0,0,0,0,0
www.typescriptlang.org,0,0,0,1,0,0,0,0,0,0,0,0,0,0,0,0,0
www.stanford.edu,0,0,0,4,0,0,0,0,0,0,0,0,0,0,0,0,0
www.samsung.com,0,0,0,4,0,0,0,0,0,0,0,0,0,0,0,0,0
www.cisco.com,0,0,0,1,0,0,0,0,0,0,0,0,0,0,0,0,0
huawei.com,0,0,0,1,0,0,0,0,0,0,0,0,0,0,0,0,0
pinterest.com,0,0,0,1,0,0,0,0,0,0,0,0,0,0,0,0,0
www.lg.com,0,0,0,1,0,0,0,0,0,0,0,0,0,0,0,0,0
www.berkeley.edu,0,0,0,3,0,0,0,0,0,0,0,0,0,0,0,0,0
udacity.com,0,0,0,1,0,0,0,0,0,0,0,0,0,0,0,0,0
www.edx.org,0,0,0,1,0,0,0,0,0,0,0,0,0,0,0,0,0
chase.com,0,0,0,1,0,0,0,0,0,0,0,0,0,0,0,0,0
bitbucket.org,0,0,0,1,0,0,0,0,0,0,0,0,0,0,0,0,0
www.panasonic.com,0,0,0,0,0,0,0,0,0,0,0,0,0,0,0,0,0
www.linode.com,0,0,0,4,0,0,0,0,0,0,0,0,0,0,0,0,0
vanguard.com,0,0,0,1,0,0,0,0,0,0,0,0,0,0,0,0,0
www.robinhood.com,0,0,0,2,0,0,0,0,0,0,0,0,0,0,0,0,0
stanford.edu,0,0,0,1,0,0,0,0,0,0,0,0,0,0,0,0,0
bybit.com,0,0,0,1,0,0,0,0,0,0,0,0,0,0,0,0,0
who.int,0,0,0,2,0,0,0,0,0,0,0,0,0,0,0,0,0
www.codeforces.com,0,0,0,1,0,0,0,0,0,0,0,0,0,0,0,0,0
www.mastercard.com,0,0,0,1,0,0,0,0,0,0,0,0,0,0,0,0,0
trello.com,0,0,0,0,0,0,0,0,0,0,0,0,0,0,0,0,0
www.aws.amazon.com,0,0,0,1,0,0,0,0,0,0,0,0,0,0,0,0,0
slack.com,0,0,0,1,0,0,0,0,0,0,0,0,0,0,0,0,0
nextjs.org,0,0,0,3,0,0,0,0,0,0,0,0,0,0,0,0,0
www.soundcloud.com,0,0,0,1,0,0,0,0,0,0,0,0,0,0,0,0,0
www.youtube.com,0,0,0,1,0,0,0,0,0,0,0,0,0,0,0,0,0
xiaomi.com,0,0,0,1,0,0,0,0,0,0,0,0,0,0,0,0,0
www.hostgator.com,0,0,0,4,0,0,0,0,0,0,0,0,0,0,0,0,0
www.gitlab.com,0,0,0,1,0,0,0,0,0,0,0,0,0,0,0,0,0
www.tailwindcss.com,0,0,0,1,0,0,0,0,0,0,0,0,0,0,0,0,0
www.craigslist.org,0,0,0,1,0,0,0,0,0,0,0,0,0,0,0,0,0
www.huawei.com,0,0,0,1,0,0,0,0,0,0,0,0,0,0,0,0,0
vivo.com,0,0,0,4,0,0,0,0,0,0,0,0,0,0,0,0,0
www.wellsfargo.com,0,0,0,1,0,0,0,0,0,0,0,0,0,0,0,0,0
www.canva.com,0,0,0,4,0,0,0,0,0,0,0,0,0,0,0,0,0
mit.edu,0,0,0,1,0,0,0,0,0,0,0,0,0,0,0,0,0
www.schwab.com,0,0,0,1,0,0,0,0,0,0,0,0,0,0,0,0,0
huawei.com,0,0,0,1,0,0,0,0,0,0,0,0,0,0,0,0,0
www.vuejs.org,0,0,0,0,0,0,0,0,0,0,0,0,0,0,0,0,0
yandex.ru,0,0,0,4,0,0,0,0,0,0,0,0,0,0,0,0,0
vultr.com,0,0,0,2,0,0,0,0,0,0,0,0,0,0,0,0,0
netflix.com,0,0,0,1,0,0,0,0,0,0,0,0,0,0,0,0,0
www.swift.org,0,0,0,1,0,0,0,0,0,0,0,0,0,0,0,0,0
kraken.com,0,0,0,1,0,0,0,0,0,0,0,0,0,0,0,0,0
bankofamerica.com,0,0,0,1,0,0,0,0,0,0,0,0,0,0,0,0,0
chase.com,0,0,0,3,0,0,0,0,0,0,0,0,0,0,0,0,0
zoom.us,0,0,0,3,0,0,0,0,0,0,0,0,0,0,0,0,0
www.jira.com,0,0,0,4,0,0,0,0,0,0,0,0,0,0,0,0,0
khanacademy.org,0,0,0,3,0,0,0,0,0,0,0,0,0,0,0,0,0
microsoft.com,0,0,0,1,0,0,0,0,0,0,0,0,0,0,0,0,0
quora.com,0,0,0,4,0,0,0,0,0,0,0,0,0,0,0,0,0
jira.com,0,0,0,2,0,0,0,0,0,0,0,0,0,0,0,0,0
www.python.org,0,0,0,1,0,0,0,0,0,0,0,0,0,0,0,0,0
www.intel.com,0,0,0,1,0,0,0,0,0,0,0,0,0,0,0,0,0
www.craigslist.org,0,0,0,0,0,0,0,0,0,0,0,0,0,0,0,0,0
bluehost.com,0,0,0,1,0,0,0,0,0,0,0,0,0,0,0,0,0
www.figma.com,0,0,0,4,0,0,0,0,0,0,0,0,0,0,0,0,0
paypal.com,0,0,0,4,0,0,0,0,0,0,0,0,0,0,0,0,0
xiaomi.com,0,0,0,1,0,0,0,0,0,0,0,0,0,0,0,0,0
www.gitlab.com,0,0,0,1,0,0,0,0,0,0,0,0,0,0,0,0,0
stanford.edu,0,0,0,1,0,0,0,0,0,0,0,0,0,0,0,0,0
edx.org,0,0,0,1,0,0,0,0,0,0,0,0,0,0,0,0,0
www.fidelity.com,0,0,0,1,0,0,0,0,0,0,0,0,0,0,0,0,0
capitalone.com,0,0,0,4,0,0,0,0,0,0,0,0,0,0,0,0,0
www.sony.com,0,0,0,1,0,0,0,0,0,0,0,0,0,0,0,0,0
www.netlify.com,0,0,0,0,0,0,0,0,0,0,0,0,0,0,0,0,0
www.binance.com,0,0,0,1,0,0,0,0,0,0,0,0,0,0,0,0,0
www.mit.edu,0,0,0,0,0,0,0,0,0,0,0,0,0,0,0,0,0
www.getbootstrap.com,0,0,0,1,0,0,0,0,0,0,0,0,0,0,0,0,0
oneplus.com,0,0,0,4,0,0,0,0,0,0,0,0,0,0,0,0,0
www.ebay.com,0,0,0,1,0,0,0,0,0,0,0,0,0,0,0,0,0
capitalone.com,0,0,0,1,0,0,0,0,0,0,0,0,0,0,0,0,0
edx.org,0,0,0,1,0,0,0,0,0,0,0,0,0,0,0,0,0
www.ftx.com,0,0,0,4,0,0,0,0,0,0,0,0,0,0,0,0,0
www.binance.com,0,0,0,1,0,0,0,0,0,0,0,0,0,0,0,0,0
stanford.edu,0,0,0,2,0,0,0,0,0,0,0,0,0,0,0,0,0
yahoo.com,0,0,0,1,0,0,0,0,0,0,0,0,0,0,0,0,0
accuweather.com,0,0,0,1,0,0,0,0,0,0,0,0,0,0,0,0,0
schwab.com,0,0,0,3,0,0,0,0,0,0,0,0,0,0,0,0,0
bitfinex.com,0,0,0,1,0,0,0,0,0,0,0,0,0,0,0,0,0
www.bloomberg.com,0,0,0,2,0,0,0,0,0,0,0,0,0,0,0,0,0
www.chase.com,0,0,0,3,0,0,0,0,0,0,0,0,0,0,0,0,0
oneplus.com,0,0,0,2,0,0,0,0,0,0,0,0,0,0,0,0,0
ox.ac.uk,0,0,0,2,0,0,0,0,0,0,0,0,0,0,0,0,0
nvidia.com,0,0,0,4,0,0,0,0,0,0,0,0,0,0,0,0,0
www.mit.edu,0,0,0,4,0,0,0,0,0,0,0,0,0,0,0,0,0
www.reuters.com,0,0,0,1,0,0,0,0,0,0,0,0,0,0,0,0,0
mozilla.org,0,0,0,1,0,0,0,0,0,0,0,0,0,0,0,0,0
kotlinlang.org,0,0,0,3,0,0,0,0,0,0,0,0,0,0,0,0,0
www.shopify.com,0,0,0,1,0,0,0,0,0,0,0,0,0,0,0,0,0
usa.gov,0,0,0,1,0,0,0,0,0,0,0,0,0,0,0,0,0
www.cloudflare.com,0,0,0,0,0,0,0,0,0,0,0,0,0,0,0,0,0
godaddy.com,0,0,0,1,0,0,0,0,0,0,0,0,0,0,0,0,0
www.vk.com,0,0,0,4,0,0,0,0,0,0,0,0,0,0,0,0,0
www.amd.com,0,0,0,1,0,0,0,0,0,0,0,0,0,0,0,0,0
nextjs.org,0,0,0,3,0,0,0,0,0,0,0,0,0,0,0,0,0
www.forbes.com,0,0,0,2,0,0,0,0,0,0,0,0,0,0,0,0,0
www.ca.gov,0,0,0,1,0,0,0,0,0,0,0,0,0,0,0,0,0
zoom.us,0,0,0,1,0,0,0,0,0,0,0,0,0,0,0,0,0
ebay.com,0,0,0,1,0,0,0,0,0,0,0,0,0,0,0,0,0
apple.com,0,0,0,1,0,0,0,0,0,0,0,0,0,0,0,0,0
www.kraken.com,0,0,0,1,0,0,0,0,0,0,0,0,0,0,0,0,0
www.sina.com.cn,0,0,0,1,0,0,0,0,0,0,0,0,0,0,0,0,0
www.facebook.com,0,0,0,3,0,0,0,0,0,0,0,0,0,0,0,0,0
netflix.com,0,0,0,2,0,0,0,0,0,0,0,0,0,0,0,0,0
www.github.com,0,0,0,1,0,0,0,0,0,0,0,0,0,0,0,0,0
www.forbes.com,0,0,0,3,0,0,0,0,0,0,0,0,0,0,0,0,0
www.trello.com,0,0,0,4,0,0,0,0,0,0,0,0,0,0,0,0,0
pinterest.com,0,0,0,1,0,0,0,0,0,0,0,0,0,0,0,0,0
berkeley.edu,0,0,0,2,0,0,0,0,0,0,0,0,0,0,0,0,0
www.shopify.com,0,0,0,4,0,0,0,0,0,0,0,0,0,0,0,0,0
bing.com,0,0,0,1,0,0,0,0,0,0,0,0,0,0,0,0,0
www.vanguard.com,0,0,0,4,0,0,0,0,0,0,0,0,0,0,0,0,0
tumblr.com,0,0,0,3,0,0,0,0,0,0,0,0,0,0,0,0,0
sohu.com,0,0,0,2,0,0,0,0,0,0,0,0,0,0,0,0,0
www.accuweather.com,0,0,0,1,0,0,0,0,0,0,0,0,0,0,0,0,0
www.cisco.com,0,0,0,4,0,0,0,0,0,0,0,0,0,0,0,0,0
square.com,0,0,0,1,0,0,0,0,0,0,0,0,0,0,0,0,0
salesforce.com,0,0,0,1,0,0,0,0,0,0,0,0,0,0,0,0,0
www.godaddy.com,0,0,0,1,0,0,0,0,0,0,0,0,0,0,0,0,0
www.twitter.com,0,0,0,1,0,0,0,0,0,0,0,0,0,0,0,0,0
www.bybit.com,0,0,0,1,0,0,0,0,0,0,0,0,0,0,0,0,0
google.com,0,0,0,1,0,0,0,0,0,0,0,0,0,0,0,0,0
render.com,0,0,0,4,0,0,0,0,0,0,0,0,0,0,0,0,0
bluehost.com,0,0,0,1,0,0,0,0,0,0,0,0,0,0,0,0,0
godaddy.com,0,0,0,1,0,0,0,0,0,0,0,0,0,0,0,0,0
www.twitch.tv,0,0,0,4,0,0,0,0,0,0,0,0,0,0,0,0,0
www.lg.com,0,0,0,3,0,0,0,0,0,0,0,0,0,0,0,0,0
amd.com,0,0,0,4,0,0,0,0,0,0,0,0,0,0,0,0,0
www.python.org,0,0,0,2,0,0,0,0,0,0,0,0,0,0,0,0,0
forbes.com,0,0,0,1,0,0,0,0,0,0,0,0,0,0,0,0,0
tailwindcss.com,0,0,0,4,0,0,0,0,0,0,0,0,0,0,0,0,0
weibo.com,0,0,0,3,0,0,0,0,0,0,0,0,0,0,0,0,0
www.office.com,0,0,0,0,0,0,0,0,0,0,0,0,0,0,0,0,0
www.square.com,0,0,0,1,0,0,0,0,0,0,0,0,0,0,0,0,0
www.mit.edu,0,0,0,1,0,0,0,0,0,0,0,0,0,0,0,0,0
citi.com,0,0,0,1,0,0,0,0,0,0,0,0,0,0,0,0,0
jd.com,0,0,0,1,0,0,0,0,0,0,0,0,0,0,0,0,0
tencent.com,0,0,0,1,0,0,0,0,0,0,0,0,0,0,0,0,0
www.figma.com,0,0,0,2,0,0,0,0,0,0,0,0,0,0,0,0,0
kotlinlang.org,0,0,0,3,0,0,0,0,0,0,0,0,0,0,0,0,0
stripe.com,0,0,0,0,0,0,0,0,0,0,0,0,0,0,0,0,0
www.azure.microsoft.com,0,0,0,0,0,0,0,0,0,0,0,0,0,0,0,0,0
www.amd.com,0,0,0,1,0,0,0,0,0,0,0,0,0,0,0,0,0
www.ox.ac.uk,0,0,0,3,0,0,0,0,0,0,0,0,0,0,0,0,0
www.wellsfargo.com,0,0,0,3,0,0,0,0,0,0,0,0,0,0,0,0,0
lenovo.com,0,0,0,1,0,0,0,0,0,0,0,0,0,0,0,0,0
wix.com,0,0,0,1,0,0,0,0,0,0,0,0,0,0,0,0,0
www.hackerrank.com,0,0,0,1,0,0,0,0,0,0,0,0,0,0,0,0,0
vanguard.com,0,0,0,1,0,0,0,0,0,0,0,0,0,0,0,0,0
www.spotify.com,0,0,0,1,0,0,0,0,0,0,0,0,0,0,0,0,0
www.edx.org,0,0,0,1,0,0,0,0,0,0,0,0,0,0,0,0,0
apple.com,0,0,0,0,0,0,0,0,0,0,0,0,0,0,0,0,0
rust-lang.org,0,0,0,1,0,0,0,1,0,0,0,0,0,0,0,0,0
quora.com,0,0,0,1,0,0,0,0,0,0,0,0,0,0,0,0,0
www.php.net,0,0,0,1,0,0,0,0,0,0,0,0,0,0,0,0,0
www.github.com,0,0,0,4,0,0,0,0,0,0,0,0,0,0,0,0,0
www.whatsapp.com,0,0,0,1,0,0,0,0,0,0,0,0,0,0,0,0,0
americanexpress.com,0,0,0,4,0,0,0,0,0,0,0,0,0,0,0,0,0
visa.com,0,0,0,3,0,0,0,0,0,0,0,0,0,0,0,0,0
www.cloud.google.com,0,0,0,1,0,0,0,0,0,0,0,0,0,0,0,0,0
www.samsung.com,0,0,0,1,0,0,0,0,0,0,0,0,0,0,0,0,0
square.com,0,0,0,3,0,0,0,0,0,0,0,0,0,0,0,0,0
www.x.com,0,0,0,3,0,0,0,0,0,0,0,0,0,0,0,0,0
citi.com,0,0,0,3,0,0,0,0,0,0,0,0,0,0,0,0,0
trello.com,0,0,0,4,0,0,0,0,0,0,0,0,0,0,0,0,0
php.net,0,0,0,4,0,0,0,0,0,0,0,0,0,0,0,0,0
www.slack.com,0,0,0,1,0,0,0,0,0,0,0,0,0,0,0,0,0
angular.io,0,0,0,1,0,0,0,0,0,0,0,0,0,0,0,0,0
gov.uk,0,0,0,1,0,0,0,0,0,0,0,0,0,0,0,0,0
www.rust-lang.org,0,0,0,1,0,0,0,1,0,0,0,0,0,0,0,0,0
adobe.com,0,0,0,2,0,0,0,0,0,0,0,0,0,0,0,0,0
www.nih.gov,0,0,0,1,0,0,0,0,0,0,0,0,0,0,0,0,0
www.reactjs.org,0,0,0,1,0,0,0,0,0,0,0,0,0,0,0,0,0
www.ca.gov,0,0,0,4,0,0,0,0,0,0,0,0,0,0,0,0,0
cam.ac.uk,0,0,0,3,0,0,0,0,0,0,0,0,0,0,0,0,0
vuejs.org,0,0,0,2,0,0,0,0,0,0,0,0,0,0,0,0,0
imdb.com,0,0,0,3,0,0,0,0,0,0,0,0,0,0,0,0,0
forbes.com,0,0,0,1,0,0,0,0,0,0,0,0,0,0,0,0,0
vk.com,0,0,0,3,0,0,0,0,0,0,0,0,0,0,0,0,0
www.vimeo.com,0,0,0,1,0,0,0,0,0,0,0,0,0,0,0,0,0
zoom.us,0,0,0,1,0,0,0,0,0,0,0,0,0,0,0,0,0
www.nodejs.org,0,0,0,1,0,0,0,0,0,0,0,0,0,0,0,0,0
office.com,0,0,0,1,0,0,0,0,0,0,0,0,0,0,0,0,0
www.qualcomm.com,0,0,0,1,0,0,0,0,0,0,0,0,0,0,0,0,0
www.render.com,0,0,0,1,0,0,0,0,0,0,0,0,0,0,0,0,0
cam.ac.uk,0,0,0,4,0,0,0,0,0,0,0,0,0,0,0,0,0
www.tencent.com,0,0,0,0,0,0,0,0,0,0,0,0,0,0,0,0,0
php.net,0,0,0,1,0,0,0,0,0,0,0,0,0,0,0,0,0
www.weibo.com,0,0,0,4,0,0,0,0,0,0,0,0,0,0,0,0,0
pinterest.com,0,0,0,1,0,0,0,0,0,0,0,0,0,0,0,0,0
google.com,0,0,0,4,0,0,0,0,0,0,0,0,0,0,0,0,0
lenovo.com,0,0,0,1,0,0,0,0,0,0,0,0,0,0,0,0,0
www.aws.amazon.com,0,0,0,1,0,0,0,0,0,0,0,0,0,0,0,0,0
www.oracle.com,0,0,0,1,0,0,0,0,0,0,0,0,0,0,0,0,0
www.quora.com,0,0,0,1,0,0,0,0,0,0,0,0,0,0,0,0,0
live.com,0,0,0,1,0,0,0,0,0,0,0,0,0,0,0,0,0
www.vanguard.com,0,0,0,1,0,0,0,0,0,0,0,0,0,0,0,0,0
swift.org,0,0,0,1,0,0,0,0,0,0,0,0,0,0,0,0,0
netlify.com,0,0,0,0,0,0,0,0,0,0,0,0,0,0,0,0,0
aliexpress.com,0,0,0,1,0,0,0,0,0,0,0,0,0,0,0,0,0
kotlinlang.org,0,0,0,1,0,0,0,0,0,0,0,0,0,0,0,0,0
reactjs.org,0,0,0,1,0,0,0,0,0,0,0,0,0,0,0,0,0
www.slack.com,0,0,0,2,0,0,0,0,0,0,0,0,0,0,0,0,0
asus.com,0,0,0,3,0,0,0,0,0,0,0,0,0,0,0,0,0
www.ox.ac.uk,0,0,0,3,0,0,0,0,0,0,0,0,0,0,0,0,0
salesforce.com,0,0,0,3,0,0,0,0,0,0,0,0,0,0,0,0,0
www.imdb.com,0,0,0,4,0,0,0,0,0,0,0,0,0,0,0,0,0
www.sina.com.cn,0,0,0,1,0,0,0,0,0,0,0,0,0,0,0,0,0
facebook.com,0,0,0,4,0,0,0,0,0,0,0,0,0,0,0,0,0
udacity.com,0,0,0,0,0,0,0,0,0,0,0,0,0,0,0,0,0
mozilla.org,0,0,0,3,0,0,0,0,0,0,0,0,0,0,0,0,0
www.theguardian.com,0,0,0,0,0,0,0,0,0,0,0,0,0,0,0,0,0
www.wordpress.org,0,0,0,4,0,0,0,0,0,0,0,0,0,0,0,0,0
apple.com,0,0,0,4,0,0,0,0,0,0,0,0,0,0,0,0,0
www.namecheap.com,0,0,0,0,0,0,0,0,0,0,0,0,0,0,0,0,0
nvidia.com,0,0,0,1,0,0,0,0,0,0,0,0,0,0,0,0,0
oppo.com,0,0,0,3,0,0,0,0,0,0,0,0,0,0,0,0,0
www.atlassian.com,0,0,0,2,0,0,0,0,0,0,0,0,0,0,0,0,0
youtube.com,0,0,0,3,0,0,0,0,0,0,0,0,0,0,0,0,0
www.usa.gov,0,0,0,1,0,0,0,0,0,0,0,0,0,0,0,0,0
vivo.com,0,0,0,2,0,0,0,0,0,0,0,0,0,0,0,0,0
www.yandex.ru,0,0,0,1,0,0,0,0,0,0,0,0,0,0,0,0,0
www.alipay.com,0,0,0,1,0,0,0,0,0,0,0,0,0,0,0,0,0
ftx.com,0,0,0,1,0,0,0,0,0,0,0,0,0,0,0,0,0
www.yandex.ru,0,0,0,3,0,0,0,0,0,0,0,0,0,0,0,0,0
tumblr.com,0,0,0,4,0,0,0,0,0,0,0,0,0,0,0,0,0
www.figma.com,0,0,0,1,0,0,0,0,0,0,0,0,0,0,0,0,0
www.youtube.com,0,0,0,3,0,0,0,0,0,0,0,0,0,0,0,0,0
www.discord.com,0,0,0,4,0,0,0,0,0,0,0,0,0,0,0,0,0
www.gemini.com,0,0,0,4,0,0,0,0,0,0,0,0,0,0,0,0,0
bybit.com,0,0,0,3,0,0,0,0,0,0,0,0,0,0,0,0,0
www.ox.ac.uk,0,0,0,2,0,0,0,0,0,0,0,0,0,0,0,0,0
www.nytimes.com,0,0,0,1,0,0,0,0,0,0,0,0,0,0,0,0,0
hostgator.com,0,0,0,1,0,0,0,0,0,0,0,0,0,0,0,0,0
www.golang.org,0,0,0,4,0,0,0,0,0,0,0,0,0,0,0,0,0
www.mastercard.com,0,0,0,1,0,0,0,0,0,0,0,0,0,0,0,0,0
sina.com.cn,0,0,0,4,0,0,0,0,0,0,0,0,0,0,0,0,0
www.x.com,0,0,0,4,0,0,0,0,0,0,0,0,0,0,0,0,0
www.ftx.com,0,0,0,2,0,0,0,0,0,0,0,0,0,0,0,0,0
bitbucket.org,0,0,0,1,0,0,0,0,0,0,0,0,0,0,0,0,0
cloudflare.com,0,0,0,4,0,0,0,0,0,0,0,0,0,0,0,0,0
www.zoom.us,0,0,0,3,0,0,0,0,0,0,0,0,0,0,0,0,0
alipay.com,0,0,0,3,0,0,0,0,0,0,0,0,0,0,0,0,0
www.vultr.com,0,0,0,1,0,0,0,0,0,0,0,0,0,0,0,0,0
www.whatsapp.com,0,0,0,4,0,0,0,0,0,0,0,0,0,0,0,0,0
cisco.com,0,0,0,3,0,0,0,0,0,0,0,0,0,0,0,0,0
gemini.com,0,0,0,1,0,0,0,0,0,0,0,0,0,0,0,0,0
python.org,0,0,0,1,0,0,0,0,0,0,0,0,0,0,0,0,0
www.adobe.com,0,0,0,1,0,0,0,0,0,0,0,0,0,0,0,0,0
www.youtube.com,0,0,0,1,0,0,0,0,0,0,0,0,0,0,0,0,0
www.ok.ru,0,0,0,1,0,0,0,0,0,0,0,0,0,0,0,0,0
www.vultr.com,0,0,0,3,0,0,0,0,0,0,0,0,0,0,0,0,0
www.vultr.com,0,0,0,2,0,0,0,0,0,0,0,0,0,0,0,0,0
netlify.com,0,0,0,4,0,0,0,0,0,0,0,0,0,0,0,0,0
www.angular.io,0,0,0,1,0,0,0,0,0,0,0,0,0,0,0,0,0
soundcloud.com,0,0,0,4,0,0,0,0,0,0,0,0,0,0,0,0,0
www.berkeley.edu,0,0,0,1,0,0,0,0,0,0,0,0,0,0,0,0,0
khanacademy.org,0,0,0,3,0,0,0,0,0,0,0,0,0,0,0,0,0
jd.com,0,0,0,1,0,0,0,0,0,0,0,0,0,0,0,0,0
kraken.com,0,0,0,0,0,0,0,0,0,0,0,0,0,0,0,0,0
www.xiaomi.com,0,0,0,4,0,0,0,0,0,0,0,0,0,0,0,0,0
www.edx.org,0,0,0,1,0,0,0,0,0,0,0,0,0,0,0,0,0
coinbase.com,0,0,0,1,0,0,0,0,0,0,0,0,0,0,0,0,0
www.hp.com,0,0,0,4,0,0,0,0,0,0,0,0,0,0,0,0,0
cloudflare.com,0,0,0,1,0,0,0,0,0,0,0,0,0,0,0,0,0
www.bing.com,0,0,0,1,0,0,0,0,0,0,0,0,0,0,0,0,0
www.discord.com,0,0,0,3,0,0,0,0,0,0,0,0,0,0,0,0,0
www.stripe.com,0,0,0,1,0,0,0,0,0,0,0,0,0,0,0,0,0
slack.com,0,0,0,3,0,0,0,0,0,0,0,0,0,0,0,0,0
vimeo.com,0,0,0,3,0,0,0,0,0,0,0,0,0,0,0,0,0
www.oracle.com,0,0,0,4,0,0,0,0,0,0,0,0,0,0,0,0,0
jira.com,0,0,0,1,0,0,0,0,0,0,0,0,0,0,0,0,0
www.tailwindcss.com,0,0,0,1,0,0,0,0,0,0,0,0,0,0,0,0,0
www.samsung.com,0,0,0,1,0,0,0,0,0,0,0,0,0,0,0,0,0
www.nih.gov,0,0,0,3,0,0,0,0,0,0,0,0,0,0,0,0,0
www.oracle.com,0,0,0,3,0,0,0,0,0,0,0,0,0,0,0,0,0
bankofamerica.com,0,0,0,1,0,0,0,0,0,0,0,0,0,0,0,0,0
www.swift.org,0,0,0,1,0,0,0,0,0,0,0,0,0,0,0,0,0
wordpress.org,0,0,0,4,0,0,0,0,0,0,0,0,0,0,0,0,0
discord.com,0,0,0,1,0,0,0,0,0,0,0,0,0,0,0,0,0
hostgator.com,0,0,0,1,0,0,0,0,0,0,0,0,0,0,0,0,0
leetcode.com,0,0,0,4,0,0,0,0,0,0,0,0,0,0,0,0,0
harvard.edu,0,0,0,1,0,0,0,0,0,0,0,0,0,0,0,0,0
trello.com,0,0,0,1,0,0,0,0,0,0,0,0,0,0,0,0,0
angular.io,0,0,0,0,0,0,0,0,0,0,0,0,0,0,0,0,0
jira.com,0,0,0,1,0,0,0,0,0,0,0,0,0,0,0,0,0
google.com,0,0,0,1,0,0,0,0,0,0,0,0,0,0,0,0,0
www.joomla.org,0,0,0,1,0,0,0,0,0,0,0,0,0,0,0,0,0
www.vivo.com,0,0,0,1,0,0,0,0,0,0,0,0,0,0,0,0,0
www.stripe.com,0,0,0,1,0,0,0,0,0,0,0,0,0,0,0,0,0
www.cloudflare.com,0,0,0,4,0,0,0,0,0,0,0,0,0,0,0,0,0
stackoverflow.com,0,0,0,0,0,0,0,0,0,0,0,0,0,0,0,0,0
www.cloud.google.com,0,0,0,4,0,0,0,0,0,0,0,0,0,0,0,0,0
www.americanexpress.com,0,0,0,0,0,0,0,0,0,0,0,0,0,0,0,0,0
kraken.com,0,0,0,1,0,0,0,0,0,0,0,0,0,0,0,0,0
joomla.org,0,0,0,1,0,0,0,0,0,0,0,0,0,0,0,0,0
wikipedia.org,0,0,0,4,0,0,0,0,0,0,0,0,0,0,0,0,0
ibm.com,0,0,0,1,0,0,0,0,0,0,0,0,0,0,0,0,0
www.nextjs.org,0,0,0,0,0,0,0,0,0,0,0,0,0,0,0,0,0
www.squarespace.com,0,0,0,1,0,0,0,0,0,0,0,0,0,0,0,0,0
instagram.com,0,0,0,1,0,0,0,0,0,0,0,0,0,0,0,0,0
wikipedia.org,0,0,0,1,0,0,0,0,0,0,0,0,0,0,0,0,0
namecheap.com,0,0,0,1,0,0,0,0,0,0,0,0,0,0,0,0,0
www.reuters.com,0,0,0,4,0,0,0,0,0,0,0,0,0,0,0,0,0
usbank.com,0,0,0,4,0,0,0,0,0,0,0,0,0,0,0,0,0
rust-lang.org,0,0,0,1,0,0,0,1,0,0,0,0,0,0,0,0,0
mozilla.org,0,0,0,2,0,0,0,0,0,0,0,0,0,0,0,0,0
taobao.com,0,0,0,1,0,0,0,0,0,0,0,0,0,0,0,0,0
www.usa.gov,0,0,0,1,0,0,0,0,0,0,0,0,0,0,0,0,0
www.trello.com,0,0,0,0,0,0,0,0,0,0,0,0,0,0,0,0,0
www.reddit.com,0,0,0,3,0,0,0,0,0,0,0,0,0,0,0,0,0
linkedin.com,0,0,0,3,0,0,0,0,0,0,0,0,0,0,0,0,0
twitch.tv,0,0,0,4,0,0,0,0,0,0,0,0,0,0,0,0,0
www.ox.ac.uk,0,0,0,1,0,0,0,0,0,0,0,0,0,0,0,0,0
dropbox.com,0,0,0,1,0,0,0,0,0,0,0,0,0,0,0,0,0
www.wordpress.com,0,0,0,1,0,0,0,0,0,0,0,0,0,0,0,0,0
www.twitter.com,0,0,0,1,0,0,0,0,0,0,0,0,0,0,0,0,0
www.citi.com,0,0,0,1,0,0,0,0,0,0,0,0,0,0,0,0,0
nextjs.org,0,0,0,1,0,0,0,0,0,0,0,0,0,0,0,0,0
www.coinbase.com,0,0,0,1,0,0,0,0,0,0,0,0,0,0,0,0,0
www.sohu.com,0,0,0,1,0,0,0,0,0,0,0,0,0,0,0,0,0
www.weather.com,0,0,0,1,0,0,0,0,0,0,0,0,0,0,0,0,0
www.apple.com,0,0,0,0,0,0,0,0,0,0,0,0,0,0,0,0,0
codeforces.com,0,0,0,4,0,0,0,0,0,0,0,0,0,0,0,0,0
www.stackoverflow.com,0,0,0,4,0,0,0,0,0,0,0,0,0,0,0,0,0
reuters.com,0,0,0,1,0,0,0,0,0,0,0,0,0,0,0,0,0
kotlinlang.org,0,0,0,4,0,0,0,0,0,0,0,0,0,0,0,0,0
coursera.org,0,0,0,1,0,0,0,0,0,0,0,0,0,0,0,0,0
www.un.org,0,0,0,3,0,0,0,0,0,0,0,0,0,0,0,0,0
sina.com.cn,0,0,0,1,0,0,0,0,0,0,0,0,0,0,0,0,0
youtube.com,0,0,0,0,0,0,0,0,0,0,0,0,0,0,0,0,0
www.canva.com,0,0,0,3,0,0,0,0,0,0,0,0,0,0,0,0,0
gemini.com,0,0,0,4,0,0,0,0,0,0,0,0,0,0,0,0,0
www.pinterest.com,0,0,0,2,0,0,0,0,0,0,0,0,0,0,0,0,0
www.amd.com,0,0,0,1,0,0,0,0,0,0,0,0,0,0,0,0,0
www.oneplus.com,0,0,0,1,0,0,0,0,0,0,0,0,0,0,0,0,0
www.ftx.com,0,0,0,1,0,0,0,0,0,0,0,0,0,0,0,0,0
theguardian.com,0,0,0,1,0,0,0,0,0,0,0,0,0,0,0,0,0
angular.io,0,0,0,3,0,0,0,0,0,0,0,0,0,0,0,0,0
www.geeksforgeeks.org,0,0,0,1,0,0,0,0,0,0,0,0,0,0,0,0,0
baidu.com,0,0,0,0,0,0,0,0,0,0,0,0,0,0,0,0,0
harvard.edu,0,0,0,1,0,0,0,0,0,0,0,0,0,0,0,0,0
www.sony.com,0,0,0,1,0,0,0,0,0,0,0,0,0,0,0,0,0
hackerrank.com,0,0,0,1,0,0,0,0,0,0,0,0,0,0,0,0,0
dropbox.com,0,0,0,1,0,0,0,0,0,0,0,0,0,0,0,0,0
jira.com,0,0,0,1,0,0,0,0,0,0,0,0,0,0,0,0,0
python.org,0,0,0,1,0,0,0,0,0,0,0,0,0,0,0,0,0
sohu.com,0,0,0,1,0,0,0,0,0,0,0,0,0,0,0,0,0
reuters.com,0,0,0,4,0,0,0,0,0,0,0,0,0,0,0,0,0
coinbase.com,0,0,0,0,0,0,0,0,0,0,0,0,0,0,0,0,0
www.taobao.com,0,0,0,2,0,0,0,0,0,0,0,0,0,0,0,0,0
khanacademy.org,0,0,0,1,0,0,0,0,0,0,0,0,0,0,0,0,0
craigslist.org,0,0,0,3,0,0,0,0,0,0,0,0,0,0,0,0,0
www.vercel.com,0,0,0,2,0,0,0,0,0,0,0,0,0,0,0,0,0
whatsapp.com,0,0,0,1,0,0,0,0,0,0,0,0,0,0,0,0,0
vultr.com,0,0,0,1,0,0,0,0,0,0,0,0,0,0,0,0,0
www.bitbucket.org,0,0,0,1,0,0,0,0,0,0,0,0,0,0,0,0,0
www.nasa.gov,0,0,0,4,0,0,0,0,0,0,0,0,0,0,0,0,0
www.mozilla.org,0,0,0,1,0,0,0,0,0,0,0,0,0,0,0,0,0
www.cnn.com,0,0,0,3,0,0,0,0,0,0,0,0,0,0,0,0,0
www.reactjs.org,0,0,0,1,0,0,0,0,0,0,0,0,0,0,0,0,0
angular.io,0,0,0,1,0,0,0,0,0,0,0,0,0,0,0,0,0
www.shopify.com,0,0,0,1,0,0,0,0,0,0,0,0,0,0,0,0,0
www.w3schools.com,0,0,0,3,0,0,0,0,0,0,0,0,0,0,0,0,0
www.cloudflare.com,0,0,0,3,0,0,0,0,0,0,0,0,0,0,0,0,0
www.dell.com,0,0,0,1,0,0,0,0,0,0,0,0,0,0,0,0,0
linkedin.com,0,0,0,0,0,0,0,0,0,0,0,0,0,0,0,0,0
www.stripe.com,0,0,0,3,0,0,0,0,0,0,0,0,0,0,0,0,0
twitch.tv,0,0,0,1,0,0,0,0,0,0,0,0,0,0,0,0,0
tumblr.com,0,0,0,1,0,0,0,0,0,0,0,0,0,0,0,0,0
www.citi.com,0,0,0,3,0,0,0,0,0,0,0,0,0,0,0,0,0
yandex.ru,0,0,0,3,0,0,0,0,0,0,0,0,0,0,0,0,0
www.stanford.edu,0,0,0,1,0,0,0,0,0,0,0,0,0,0,0,0,0
www.trello.com,0,0,0,1,0,0,0,0,0,0,0,0,0,0,0,0,0
dropbox.com,0,0,0,4,0,0,0,0,0,0,0,0,0,0,0,0,0
mastercard.com,0,0,0,1,0,0,0,0,0,0,0,0,0,0,0,0,0
www.oppo.com,0,0,0,3,0,0,0,0,0,0,0,0,0,0,0,0,0
quora.com,0,0,0,0,0,0,0,0,0,0,0,0,0,0,0,0,0
theguardian.com,0,0,0,3,0,0,0,0,0,0,0,0,0,0,0,0,0
ok.ru,0,0,0,1,0,0,0,0,0,0,0,0,0,0,0,0,0
alipay.com,0,0,0,1,0,0,0,0,0,0,0,0,0,0,0,0,0
wordpress.org,0,0,0,3,0,0,0,0,0,0,0,0,0,0,0,0,0
www.cloudflare.com,0,0,0,1,0,0,0,0,0,0,0,0,0,0,0,0,0
qualcomm.com,0,0,0,3,0,0,0,0,0,0,0,0,0,0,0,0,0
www.shopify.com,0,0,0,1,0,0,0,0,0,0,0,0,0,0,0,0,0
acer.com,0,0,0,0,0,0,0,0,0,0,0,0,0,0,0,0,0
www.usbank.com,0,0,0,1,0,0,0,0,0,0,0,0,0,0,0,0,0
lenovo.com,0,0,0,4,0,0,0,0,0,0,0,0,0,0,0,0,0
vivo.com,0,0,0,1,0,0,0,0,0,0,0,0,0,0,0,0,0
capitalone.com,0,0,0,0,0,0,0,0,0,0,0,0,0,0,0,0,0
spotify.com,0,0,0,1,0,0,0,0,0,0,0,0,0,0,0,0,0
www.europa.eu,0,0,0,0,0,0,0,0,0,0,0,0,0,0,0,0,0
www.ruby-lang.org,0,0,0,3,0,0,0,1,0,0,0,0,0,0,0,0,0
www.netlify.com,0,0,0,1,0,0,0,0,0,0,0,0,0,0,0,0,0
www.nasa.gov,0,0,0,3,0,0,0,0,0,0,0,0,0,0,0,0,0
www.google.com,0,0,0,1,0,0,0,0,0,0,0,0,0,0,0,0,0
stackoverflow.com,0,0,0,4,0,0,0,0,0,0,0,0,0,0,0,0,0
www.x.com,0,0,0,1,0,0,0,0,0,0,0,0,0,0,0,0,0
www.telegram.org,0,0,0,1,0,0,0,0,0,0,0,0,0,0,0,0,0
www.coursera.org,0,0,0,1,0,0,0,0,0,0,0,0,0,0,0,0,0
angular.io,0,0,0,4,0,0,0,0,0,0,0,0,0,0,0,0,0
www.hostgator.com,0,0,0,1,0,0,0,0,0,0,0,0,0,0,0,0,0
stackoverflow.com,0,0,0,1,0,0,0,0,0,0,0,0,0,0,0,0,0
www.linkedin.com,0,0,0,4,0,0,0,0,0,0,0,0,0,0,0,0,0
angular.io,0,0,0,1,0,0,0,0,0,0,0,0,0,0,0,0,0
www.youtube.com,0,0,0,4,0,0,0,0,0,0,0,0,0,0,0,0,0
www.ebay.com,0,0,0,0,0,0,0,0,0,0,0,0,0,0,0,0,0
www.nextjs.org,0,0,0,1,0,0,0,0,0,0,0,0,0,0,0,0,0
vultr.com,0,0,0,4,0,0,0,0,0,0,0,0,0,0,0,0,0
www.jd.com,0,0,0,1,0,0,0,0,0,0,0,0,0,0,0,0,0
gemini.com,0,0,0,0,0,0,0,0,0,0,0,0,0,0,0,0,0
www.azure.microsoft.com,0,0,0,1,0,0,0,0,0,0,0,0,0,0,0,0,0
www.samsung.com,0,0,0,3,0,0,0,0,0,0,0,0,0,0,0,0,0
www.ok.ru,0,0,0,1,0,0,0,0,0,0,0,0,0,0,0,0,0
golang.org,0,0,0,1,0,0,0,0,0,0,0,0,0,0,0,0,0
www.europa.eu,0,0,0,3,0,0,0,0,0,0,0,0,0,0,0,0,0
alipay.com,0,0,0,1,0,0,0,0,0,0,0,0,0,0,0,0,0
salesforce.com,0,0,0,0,0,0,0,0,0,0,0,0,0,0,0,0,0
www.robinhood.com,0,0,0,4,0,0,0,0,0,0,0,0,0,0,0,0,0
www.atlassian.com,0,0,0,1,0,0,0,0,0,0,0,0,0,0,0,0,0
craigslist.org,0,0,0,1,0,0,0,0,0,0,0,0,0,0,0,0,0
www.linkedin.com,0,0,0,3,0,0,0,0,0,0,0,0,0,0,0,0,0
nvidia.com,0,0,0,1,0,0,0,0,0,0,0,0,0,0,0,0,0
reactjs.org,0,0,0,1,0,0,0,0,0,0,0,0,0,0,0,0,0
harvard.edu,0,0,0,2,0,0,0,0,0,0,0,0,0,0,0,0,0
www.ruby-lang.org,0,0,0,1,0,0,0,1,0,0,0,0,0,0,0,0,0
www.oneplus.com,0,0,0,2,0,0,0,0,0,0,0,0,0,0,0,0,0
linkedin.com,0,0,0,1,0,0,0,0,0,0,0,0,0,0,0,0,0
www.amazon.com,0,0,0,4,0,0,0,0,0,0,0,0,0,0,0,0,0
www.gitlab.com,0,0,0,3,0,0,0,0,0,0,0,0,0,0,0,0,0
craigslist.org,0,0,0,2,0,0,0,0,0,0,0,0,0,0,0,0,0
sohu.com,0,0,0,4,0,0,0,0,0,0,0,0,0,0,0,0,0
www.un.org,0,0,0,3,0,0,0,0,0,0,0,0,0,0,0,0,0
www.whatsapp.com,0,0,0,2,0,0,0,0,0,0,0,0,0,0,0,0,0
www.godaddy.com,0,0,0,4,0,0,0,0,0,0,0,0,0,0,0,0,0
www.udacity.com,0,0,0,1,0,0,0,0,0,0,0,0,0,0,0,0,0
www.ebay.com,0,0,0,1,0,0,0,0,0,0,0,0,0,0,0,0,0
www.visa.com,0,0,0,1,0,0,0,0,0,0,0,0,0,0,0,0,0
twitter.com,0,0,0,3,0,0,0,0,0,0,0,0,0,0,0,0,0
www.edx.org,0,0,0,0,0,0,0,0,0,0,0,0,0,0,0,0,0
vanguard.com,0,0,0,1,0,0,0,0,0,0,0,0,0,0,0,0,0
www.nasa.gov,0,0,0,0,0,0,0,0,0,0,0,0,0,0,0,0,0
www.telegram.org,0,0,0,1,0,0,0,0,0,0,0,0,0,0,0,0,0
www.whatsapp.com,0,0,0,1,0,0,0,0,0,0,0,0,0,0,0,0,0
yandex.ru,0,0,0,1,0,0,0,0,0,0,0,0,0,0,0,0,0
reactjs.org,0,0,0,1,0,0,0,0,0,0,0,0,0,0,0,0,0
cloudflare.com,0,0,0,1,0,0,0,0,0,0,0,0,0,0,0,0,0
stackoverflow.com,0,0,0,3,0,0,0,0,0,0,0,0,0,0,0,0,0
www.ox.ac.uk,0,0,0,0,0,0,0,0,0,0,0,0,0,0,0,0,0
linkedin.com,0,0,0,4,0,0,0,0,0,0,0,0,0,0,0,0,0
aliexpress.com,0,0,0,1,0,0,0,0,0,0,0,0,0,0,0,0,0
samsung.com,0,0,0,1,0,0,0,0,0,0,0,0,0,0,0,0,0
discord.com,0,0,0,1,0,0,0,0,0,0,0,0,0,0,0,0,0
www.nodejs.org,0,0,0,3,0,0,0,0,0,0,0,0,0,0,0,0,0
www.dell.com,0,0,0,1,0,0,0,0,0,0,0,0,0,0,0,0,0
nodejs.org,0,0,0,1,0,0,0,0,0,0,0,0,0,0,0,0,0
www.mastercard.com,0,0,0,4,0,0,0,0,0,0,0,0,0,0,0,0,0
www.udacity.com,0,0,0,4,0,0,0,0,0,0,0,0,0,0,0,0,0
un.org,0,0,0,1,0,0,0,0,0,0,0,0,0,0,0,0,0
w3schools.com,0,0,0,1,0,0,0,0,0,0,0,0,0,0,0,0,0
gov.uk,0,0,0,1,0,0,0,0,0,0,0,0,0,0,0,0,0
www.acer.com,0,0,0,3,0,0,0,0,0,0,0,0,0,0,0,0,0
drupal.org,0,0,0,1,0,0,0,0,0,0,0,0,0,0,0,0,0
apache.org,0,0,0,4,0,0,0,0,0,0,0,0,0,0,0,0,0
www.bybit.com,0,0,0,0,0,0,0,0,0,0,0,0,0,0,0,0,0
www.un.org,0,0,0,1,0,0,0,0,0,0,0,0,0,0,0,0,0
www.bbc.com,0,0,0,4,0,0,0,0,0,0,0,0,0,0,0,0,0
www.weather.com,0,0,0,4,0,0,0,0,0,0,0,0,0,0,0,0,0
kotlinlang.org,0,0,0,2,0,0,0,0,0,0,0,0,0,0,0,0,0
www.twitch.tv,0,0,0,1,0,0,0,0,0,0,0,0,0,0,0,0,0
www.ftx.com,0,0,0,1,0,0,0,0,0,0,0,0,0,0,0,0,0
chase.com,0,0,0,1,0,0,0,0,0,0,0,0,0,0,0,0,0
bluehost.com,0,0,0,4,0,0,0,0,0,0,0,0,0,0,0,0,0
www.bitfinex.com,0,0,0,1,0,0,0,0,0,0,0,0,0,0,0,0,0
apple.com,0,0,0,1,0,0,0,0,0,0,0,0,0,0,0,0,0
www.quora.com,0,0,0,1,0,0,0,0,0,0,0,0,0,0,0,0,0
www.facebook.com,0,0,0,1,0,0,0,0,0,0,0,0,0,0,0,0,0
udemy.com,0,0,0,1,0,0,0,0,0,0,0,0,0,0,0,0,0
americanexpress.com,0,0,0,3,0,0,0,0,0,0,0,0,0,0,0,0,0
www.vercel.com,0,0,0,0,0,0,0,0,0,0,0,0,0,0,0,0,0
linode.com,0,0,0,1,0,0,0,0,0,0,0,0,0,0,0,0,0
www.imdb.com,0,0,0,1,0,0,0,0,0,0,0,0,0,0,0,0,0
www.notion.so,0,0,0,1,0,0,0,0,0,0,0,0,0,0,0,0,0
fidelity.com,0,0,0,1,0,0,0,0,0,0,0,0,0,0,0,0,0
sony.com,0,0,0,1,0,0,0,0,0,0,0,0,0,0,0,0,0
panasonic.com,0,0,0,3,0,0,0,0,0,0,0,0,0,0,0,0,0
www.bitbucket.org,0,0,0,0,0,0,0,0,0,0,0,0,0,0,0,0,0
adobe.com,0,0,0,1,0,0,0,0,0,0,0,0,0,0,0,0,0
xiaomi.com,0,0,0,2,0,0,0,0,0,0,0,0,0,0,0,0,0
www.gitlab.com,0,0,0,4,0,0,0,0,0,0,0,0,0,0,0,0,0
www.yahoo.com,0,0,0,1,0,0,0,0,0,0,0,0,0,0,0,0,0
www.quora.com,0,0,0,1,0,0,0,0,0,0,0,0,0,0,0,0,0
tumblr.com,0,0,0,1,0,0,0,0,0,0,0,0,0,0,0,0,0
www.wikipedia.org,0,0,0,2,0,0,0,0,0,0,0,0,0,0,0,0,0
www.stackoverflow.com,0,0,0,1,0,0,0,0,0,0,0,0,0,0,0,0,0
www.jd.com,0,0,0,1,0,0,0,0,0,0,0,0,0,0,0,0,0
www.getbootstrap.com,0,0,0,4,0,0,0,0,0,0,0,0,0,0,0,0,0
www.wordpress.org,0,0,0,1,0,0,0,0,0,0,0,0,0,0,0,0,0
berkeley.edu,0,0,0,1,0,0,0,0,0,0,0,0,0,0,0,0,0
www.berkeley.edu,0,0,0,0,0,0,0,0,0,0,0,0,0,0,0,0,0
accuweather.com,0,0,0,4,0,0,0,0,0,0,0,0,0,0,0,0,0
www.bloomberg.com,0,0,0,4,0,0,0,0,0,0,0,0,0,0,0,0,0
usa.gov,0,0,0,1,0,0,0,0,0,0,0,0,0,0,0,0,0
vercel.com,0,0,0,1,0,0,0,0,0,0,0,0,0,0,0,0,0
www.taobao.com,0,0,0,3,0,0,0,0,0,0,0,0,0,0,0,0,0
gitlab.com,0,0,0,3,0,0,0,0,0,0,0,0,0,0,0,0,0
www.acer.com,0,0,0,1,0,0,0,0,0,0,0,0,0,0,0,0,0
intel.com,0,0,0,1,0,0,0,0,0,0,0,0,0,0,0,0,0
vanguard.com,0,0,0,1,0,0,0,0,0,0,0,0,0,0,0,0,0
asus.com,0,0,0,3,0,0,0,0,0,0,0,0,0,0,0,0,0
www.wordpress.com,0,0,0,3,0,0,0,0,0,0,0,0,0,0,0,0,0
nytimes.com,0,0,0,1,0,0,0,0,0,0,0,0,0,0,0,0,0
hdfcbank.com,0,0,1,4,0,0,0,0,0,1,0,0,0,0,0,0,0
kenh14.vn,0,0,1,2,0,0,0,0,0,1,0,0,0,0,0,0,0
clien.net,0,0,1,3,0,0,0,0,0,1,0,0,0,0,0,0,0
tunein.com,0,0,1,5,0,0,0,0,0,1,0,0,0,0,0,0,0
xvideo-jp.com,0,0,1,3,0,0,0,1,0,1,0,0,0,0,0,0,0
xhamster.com,0,0,1,3,0,0,0,0,0,1,0,0,0,0,0,0,0
olx.ro,0,0,1,7,0,0,0,0,0,1,0,0,0,0,0,0,0
bigcinema.tv,0,0,1,2,0,0,0,0,0,1,0,0,0,0,0,0,0
themeforest.net,0,0,1,4,0,0,0,0,0,1,0,0,0,0,0,0,0
interpark.com,0,0,1,2,0,0,0,0,0,1,0,0,0,0,0,0,0
rocketnews24.com,0,0,1,4,0,0,0,0,0,1,0,0,0,0,0,0,0
codecanyon.net,0,0,1,4,0,0,0,0,0,1,0,0,0,0,0,0,0
1337x.to,0,0,1,3,0,0,0,0,0,1,0,0,0,0,0,0,0
torcache.net,0,0,1,2,0,0,0,0,0,1,0,0,0,0,0,0,0
distractify.com,0,0,1,10,0,0,0,0,0,1,0,0,0,0,0,0,0
web.de,0,0,1,3,0,0,0,0,0,1,0,0,0,0,0,0,0
telegraf.com.ua,0,0,1,3,0,0,0,0,0,1,0,0,0,0,0,0,0
nesn.com,0,0,1,3,0,0,0,0,0,1,0,0,0,0,0,0,0
interpark.com,0,0,1,2,0,0,0,0,0,1,0,0,0,0,0,0,0
sfglobe.com,0,0,1,4,0,0,0,0,0,1,0,0,0,0,0,0,0
putlocker.is,0,0,1,1,0,0,0,0,0,1,0,0,0,0,0,0,0
thenextweb.com,0,0,1,5,0,0,0,0,0,1,0,0,0,0,0,0,0
tunein.com,0,0,1,5,0,0,0,0,0,1,0,0,0,0,0,0,0
qz.com,0,0,1,2,0,0,0,0,0,1,0,0,0,0,0,0,0
distractify.com,0,0,1,10,0,0,0,0,0,1,0,0,0,0,0,0,0
olx.ua,0,0,1,3,0,0,0,0,0,1,0,0,0,0,0,0,0
variety.com,0,0,1,4,0,0,0,0,0,1,0,0,0,0,0,0,0
grantland.com,0,0,1,2,0,0,0,0,0,1,0,0,0,0,0,0,0
thechive.com,0,0,1,4,0,0,0,0,0,1,0,0,0,0,0,0,0
interpark.com,0,0,1,2,0,0,0,0,0,1,0,0,0,0,0,0,0
tobogo.net,0,0,1,2,0,0,0,0,0,1,0,0,0,0,0,0,0
bongda88.info,0,0,1,1,0,0,0,0,0,1,0,0,0,0,0,0,0
mic.com,0,0,1,3,0,0,0,0,0,1,0,0,0,0,0,0,0
extratorrent.cc,0,0,1,3,0,0,0,0,0,1,0,0,0,0,0,0,0
kotaku.com,0,0,1,1,0,0,0,0,0,1,0,0,0,0,0,0,0
otomoto.pl,0,0,1,4,0,0,0,0,0,1,0,0,0,0,0,0,0
atwiki.jp,0,0,1,2,0,0,0,0,0,1,0,0,0,0,0,0,0
tunein.com,0,0,1,5,0,0,0,0,0,1,0,0,0,0,0,0,0
distractify.com,0,0,1,10,0,0,0,0,0,1,0,0,0,0,0,0,0
katproxy.com,0,0,1,1,0,0,0,0,0,1,0,0,0,0,0,0,0
mic.com,0,0,1,3,0,0,0,0,0,1,0,0,0,0,0,0,0
jezebel.com,0,0,1,2,0,0,0,0,0,1,0,0,0,0,0,0,0
udn.com,0,0,1,4,0,0,0,0,0,1,0,0,0,0,0,0,0
rt.com,0,0,1,3,0,0,0,0,0,1,0,0,0,0,0,0,0
twitter.com,0,0,1,1,0,0,0,0,0,0,0,0,0,0,0,0,0
500px.com,0,0,1,3,0,0,0,0,0,1,0,0,0,0,0,0,0
olx.co.id,0,0,1,7,0,0,0,0,0,1,0,0,0,0,0,0,0
abc.go.com,0,0,1,9,0,0,0,0,0,1,0,0,0,0,0,0,0
jalopnik.com,0,0,1,2,0,0,0,0,0,1,0,0,0,0,0,0,0
interpark.com,0,0,1,2,0,0,0,0,0,1,0,0,0,0,0,0,0
myspace.com,0,0,1,5,0,0,0,0,0,1,0,0,0,0,0,0,0
correios.com.br,0,0,1,4,0,0,0,0,0,1,0,0,0,0,0,0,0
putlocker.is,0,0,1,1,0,0,0,0,0,1,0,0,0,0,0,0,0
babal.net,0,0,1,4,0,0,0,0,0,1,0,0,0,0,0,0,0
ck101.com,0,0,1,1,0,0,0,0,0,1,0,0,0,0,0,0,0
torcache.net,0,0,1,2,0,0,0,0,0,1,0,0,0,0,0,0,0
medium.com,0,1,1,2,0,0,0,0,0,0,0,0,0,0,0,0,0
searchengineland.com,0,0,1,1,0,0,0,0,0,1,0,0,0,0,0,0,0
perezhilton.com,0,0,1,1,0,0,0,0,0,1,0,0,0,0,0,0,0
grantland.com,0,0,1,2,0,0,0,0,0,1,0,0,0,0,0,0,0
katproxy.com,0,0,1,1,0,0,0,0,0,1,0,0,0,0,0,0,0
mylust.com,0,0,1,3,0,0,0,0,0,1,0,0,0,0,0,0,0
hubpages.com,0,0,1,2,0,0,0,0,0,1,0,0,0,0,0,0,0
uproxx.com,0,0,1,4,0,0,0,0,0,1,0,0,0,0,0,0,0
distractify.com,0,0,1,10,0,0,0,0,0,1,0,0,0,0,0,0,0
babal.net,0,0,1,4,0,0,0,0,0,1,0,0,0,0,0,0,0
web.tv,0,0,1,8,0,0,0,0,0,1,0,0,0,0,0,0,0
hollywoodlife.com,0,0,1,4,0,0,0,0,0,1,0,0,0,0,0,0,0
bdnews24.com,0,0,1,5,0,0,0,0,0,1,0,0,0,0,0,0,0
tinnhanh360.net,0,0,1,2,0,0,0,0,0,1,0,0,0,0,0,0,0
www.gov.uk,0,0,1,3,0,0,0,0,0,0,0,0,0,0,0,0,0
tune.pk,0,0,1,3,0,0,0,0,0,1,0,0,0,0,0,0,0
themeforest.net,0,0,1,4,0,0,0,0,0,1,0,0,0,0,0,0,0
superuser.com,0,0,1,3,0,0,0,0,0,1,0,0,0,0,0,0,0
allrecipes.com,0,0,1,3,0,0,0,0,0,1,0,0,0,0,0,0,0
www.gov.uk,0,0,1,3,0,0,0,0,0,0,0,0,0,0,0,0,0
smallseotools.com,0,0,1,2,0,0,0,0,0,1,0,0,0,0,0,0,0
olx.pl,0,0,1,3,0,0,0,0,0,1,0,0,0,0,0,0,0
searchengineland.com,0,0,1,1,0,0,0,0,0,1,0,0,0,0,0,0,0
thechive.com,0,0,1,4,0,0,0,0,0,1,0,0,0,0,0,0,0
pornsharing.com,0,0,1,1,0,0,0,0,0,1,0,0,0,0,0,0,0
9gag.tv,0,0,1,3,0,0,0,0,0,1,0,0,0,0,0,0,0
censor.net.ua,0,0,1,14,0,0,0,0,0,1,0,0,0,0,0,0,0
myspace.com,0,0,1,5,0,0,0,0,0,1,0,0,0,0,0,0,0
web.de,0,0,1,3,0,0,0,0,0,1,0,0,0,0,0,0,0
thechive.com,0,0,1,4,0,0,0,0,0,1,0,0,0,0,0,0,0
codecanyon.net,0,0,1,4,0,0,0,0,0,1,0,0,0,0,0,0,0
seekingalpha.com,0,0,1,2,0,0,0,0,0,1,0,0,0,0,0,0,0
themeforest.net,0,0,1,4,0,0,0,0,0,1,0,0,0,0,0,0,0
nesn.com,0,0,1,3,0,0,0,0,0,1,0,0,0,0,0,0,0
emgn.com,0,0,1,2,0,0,0,0,0,1,0,0,0,0,0,0,0
interpark.com,0,0,1,2,0,0,0,0,0,1,0,0,0,0,0,0,0
emgn.com,0,0,1,2,0,0,0,0,0,1,0,0,0,0,0,0,0
torcache.net,0,0,1,2,0,0,0,0,0,1,0,0,0,0,0,0,0
extratorrent.cc,0,0,1,3,0,0,0,0,0,1,0,0,0,0,0,0,0
udn.com,0,0,1,4,0,0,0,0,0,1,0,0,0,0,0,0,0
pikabu.ru,0,0,1,2,0,0,0,0,0,1,0,0,0,0,0,0,0
grantland.com,0,0,1,2,0,0,0,0,0,1,0,0,0,0,0,0,0
distractify.com,0,0,1,10,0,0,0,0,0,1,0,0,0,0,0,0,0
pornsharing.com,0,0,1,1,0,0,0,0,0,1,0,0,0,0,0,0,0
ifttt.com,0,0,1,2,0,0,0,0,0,1,0,0,0,0,0,0,0
xhamster.com,0,0,1,3,0,0,0,0,0,1,0,0,0,0,0,0,0
mylust.com,0,0,1,3,0,0,0,0,0,1,0,0,0,0,0,0,0
paytm.com,0,0,1,9,0,0,0,0,0,1,0,0,0,0,0,0,0
myspace.com,0,0,1,4,0,0,0,0,0,1,0,0,0,0,0,0,0
ap.org,0,0,1,4,0,0,0,0,0,1,0,0,0,0,0,0,0
mylust.com,0,0,1,3,0,0,0,0,0,1,0,0,0,0,0,0,0
nesn.com,0,0,1,3,0,0,0,0,0,1,0,0,0,0,0,0,0
distractify.com,0,0,1,10,0,0,0,0,0,1,0,0,0,0,0,0,0
oneplus.net,0,0,1,3,0,0,0,0,0,1,0,0,0,0,0,0,0
depositphotos.com,0,0,1,1,0,0,0,0,0,1,0,0,0,0,0,0,0
superuser.com,0,0,1,3,0,0,0,0,0,1,0,0,0,0,0,0,0
myspace.com,0,0,1,5,0,0,0,0,0,1,0,0,0,0,0,0,0
weheartit.com,0,0,1,2,0,0,0,0,0,1,0,0,0,0,0,0,0
akhbarelyom.com,0,0,1,5,0,0,0,0,0,1,0,0,0,0,0,0,0
indianexpress.com,0,0,1,4,0,0,0,0,0,1,0,0,0,0,0,0,0
elitedaily.com,0,0,1,3,0,0,0,0,0,1,0,0,0,0,0,0,0
babal.net,0,0,1,3,0,0,0,0,0,1,0,0,0,0,0,0,0
twitter.com,0,0,1,1,0,0,0,0,0,0,0,0,0,0,0,0,0
auto.ru,0,0,1,4,0,0,0,0,0,1,0,0,0,0,0,0,0
xhamster.com,0,0,1,3,0,0,0,0,0,1,0,0,0,0,0,0,0
patch.com,0,0,1,3,0,0,0,0,0,1,0,0,0,0,0,0,0
jezebel.com,0,0,1,2,0,0,0,0,0,1,0,0,0,0,0,0,0
mylust.com,0,0,1,3,0,0,0,0,0,1,0,0,0,0,0,0,0
fortune.com,0,0,1,4,0,0,0,0,0,1,0,0,0,0,0,0,0
twitter.com,0,0,1,1,0,0,0,0,0,0,0,0,0,0,0,0,0
correios.com.br,0,0,1,4,0,0,0,0,0,1,0,0,0,0,0,0,0
yourlust.com,0,0,1,2,0,0,0,0,0,1,0,0,0,0,0,0,0
emgn.com,0,0,1,2,0,0,0,0,0,1,0,0,0,0,0,0,0
nypost.com,0,0,1,4,0,0,0,0,0,1,0,0,0,0,0,0,0
ap.org,0,0,1,4,0,0,0,0,0,1,0,0,0,0,0,0,0
momoshop.com.tw,0,0,1,2,0,0,0,0,0,1,0,0,0,0,0,0,0
plarium.com,0,0,1,5,0,0,0,0,0,1,0,0,0,0,0,0,0
mylust.com,0,0,1,3,0,0,0,0,0,1,0,0,0,0,0,0,0
ap.org,0,0,1,4,0,0,0,0,0,1,0,0,0,0,0,0,0
olx.co.id,0,0,1,2,0,0,0,0,0,1,0,0,0,0,0,0,0
venturebeat.com,0,0,1,4,0,0,0,0,0,1,0,0,0,0,0,0,0
diply.com,0,0,1,3,0,0,0,0,0,1,0,0,0,0,0,0,0
mashable.com,0,0,1,6,0,0,0,0,0,1,0,0,0,0,0,0,0
twitter.com,0,0,1,1,0,0,0,0,0,0,0,0,0,0,0,0,0
tobogo.net,0,0,1,2,0,0,0,0,0,1,0,0,0,0,0,0,0
twitter.com,0,0,1,1,0,0,0,0,0,0,0,0,0,0,0,0,0
xhamster.com,0,0,1,3,0,0,0,0,0,1,0,0,0,0,0,0,0
olx.ro,0,0,1,4,0,0,0,0,0,1,0,0,0,0,0,0,0
mic.com,0,0,1,1,0,0,0,0,0,1,0,0,0,0,0,0,0
torcache.net,0,0,1,2,0,0,0,0,0,1,0,0,0,0,0,0,0
mic.com,0,0,1,3,0,0,0,0,0,1,0,0,0,0,0,0,0
medium.com,0,1,1,2,0,0,0,0,0,0,0,0,0,0,0,0,0
akhbarelyom.com,0,0,1,5,0,0,0,0,0,1,0,0,0,0,0,0,0
depositphotos.com,0,0,1,1,0,0,0,0,0,1,0,0,0,0,0,0,0
babal.net,0,0,1,3,0,0,0,0,0,1,0,0,0,0,0,0,0
emgn.com,0,0,1,2,0,0,0,0,0,1,0,0,0,0,0,0,0
noticias.uol.com.br,0,0,1,6,0,0,0,0,0,1,0,0,0,0,0,0,0
maybank2u.com.my,0,0,1,4,0,0,0,0,0,1,0,0,0,0,0,0,0
allegro.pl,0,0,1,1,0,0,0,0,0,1,0,0,0,0,0,0,0
sourceforge.net,0,0,1,3,0,0,0,0,0,1,0,0,0,0,0,0,0
mic.com,0,0,1,3,0,0,0,0,0,1,0,0,0,0,0,0,0
superuser.com,0,0,1,3,0,0,0,0,0,1,0,0,0,0,0,0,0
anandtech.com,0,0,1,3,0,0,0,0,0,1,0,0,0,0,0,0,0
thenextweb.com,0,0,1,6,0,0,0,0,0,1,0,0,0,0,0,0,0
olx.co.id,0,0,1,2,0,0,0,0,0,1,0,0,0,0,0,0,0
extratorrent.cc,0,0,1,3,0,0,0,0,0,1,0,0,0,0,0,0,0
olx.ro,0,0,1,7,0,0,0,0,0,1,0,0,0,0,0,0,0
maybank2u.com.my,0,0,1,4,0,0,0,0,0,1,0,0,0,0,0,0,0
themeforest.net,0,0,1,4,0,0,0,0,0,1,0,0,0,0,0,0,0
qz.com,0,0,1,2,0,0,0,0,0,1,0,0,0,0,0,0,0
1337x.to,0,0,1,3,0,0,0,0,0,1,0,0,0,0,0,0,0
esporte.uol.com.br,0,0,1,5,0,0,0,0,0,1,0,0,0,0,0,0,0
interpark.com,0,0,1,2,0,0,0,0,0,1,0,0,0,0,0,0,0
mylust.com,0,0,1,3,0,0,0,0,0,1,0,0,0,0,0,0,0
rocketnews24.com,0,0,1,4,0,0,0,0,0,1,0,0,0,0,0,0,0
kenh14.vn,0,0,1,2,0,0,0,0,0,1,0,0,0,0,0,0,0
babal.net,0,0,1,4,0,0,0,0,0,1,0,0,0,0,0,0,0
tobogo.net,0,0,1,2,0,0,0,0,0,1,0,0,0,0,0,0,0
emgn.com,0,0,1,2,0,0,0,0,0,1,0,0,0,0,0,0,0
ecnavi.jp,0,0,1,1,1,0,0,0,0,1,0,0,0,0,0,0,0
thenextweb.com,0,0,1,6,0,0,0,0,0,1,0,0,0,0,0,0,0
mic.com,0,0,1,3,0,0,0,0,0,1,0,0,0,0,0,0,0
torcache.net,0,0,1,2,0,0,0,0,0,1,0,0,0,0,0,0,0
www.nhs.uk,0,0,1,5,0,0,0,0,0,1,0,0,0,0,0,0,0
nguyentandung.org,0,0,1,1,0,0,0,0,0,1,0,0,0,0,0,0,0
irecommend.ru,0,0,1,2,0,0,0,0,0,1,0,0,0,0,0,0,0
yourlust.com,0,0,1,2,0,0,0,0,0,1,0,0,0,0,0,0,0
babal.net,0,0,1,3,0,0,0,0,0,1,0,0,0,0,0,0,0
olx.ro,0,0,1,6,0,0,0,0,0,1,0,0,0,0,0,0,0
hubpages.com,0,0,1,4,0,0,0,0,0,1,0,0,0,0,0,0,0
dantri.com.vn,0,0,1,2,0,0,0,0,0,1,0,0,0,0,0,0,0
perezhilton.com,0,0,1,1,0,0,0,0,0,1,0,0,0,0,0,0,0
sourceforge.net,0,0,1,3,0,0,0,0,0,1,0,0,0,0,0,0,0
oneplus.net,0,0,1,4,0,0,0,0,0,1,0,0,0,0,0,0,0
olx.ua,0,0,1,2,0,0,0,0,0,1,0,0,0,0,0,0,0
olx.ro,0,0,1,7,0,0,0,0,0,1,0,0,0,0,0,0,0
500px.com,0,0,1,3,0,0,0,0,0,1,0,0,0,0,0,0,0
twitter.com,0,0,1,1,0,0,0,0,0,0,0,0,0,0,0,0,0
myspace.com,0,0,1,5,0,0,0,0,0,1,0,0,0,0,0,0,0
babal.net,0,0,1,4,0,0,0,0,0,1,0,0,0,0,0,0,0
techcrunch.com,0,0,1,3,0,0,0,0,0,1,0,0,0,0,0,0,0
superuser.com,0,0,1,3,0,0,0,0,0,1,0,0,0,0,0,0,0
thenextweb.com,0,0,1,6,0,0,0,0,0,1,0,0,0,0,0,0,0
emgn.com,0,0,1,2,0,0,0,0,0,1,0,0,0,0,0,0,0
couchtuner.eu.com,0,0,1,3,0,0,0,0,0,1,0,0,0,0,0,0,0
bigcinema.tv,0,0,1,2,0,0,0,0,0,1,0,0,0,0,0,0,0
lifehacker.com,0,0,1,2,0,0,0,0,0,1,0,0,0,0,0,0,0
babal.net,0,0,1,3,0,0,0,0,0,1,0,0,0,0,0,0,0
putlocker.is,0,0,1,1,0,0,0,0,0,1,0,0,0,0,0,0,0
distractify.com,0,0,1,10,0,0,0,0,0,1,0,0,0,0,0,0,0
olx.ro,0,0,1,7,0,0,0,0,0,1,0,0,0,0,0,0,0
distractify.com,0,0,1,10,0,0,0,0,0,1,0,0,0,0,0,0,0
variety.com,0,0,1,4,0,0,0,0,0,1,0,0,0,0,0,0,0
kakaku.com,0,0,1,6,0,0,0,0,0,1,0,0,0,0,0,0,0
gawker.com,0,0,1,2,0,0,0,0,0,1,0,0,0,0,0,0,0
mic.com,0,0,1,3,0,0,0,0,0,1,0,0,0,0,0,0,0
torrentdn.com,0,0,1,2,0,0,0,0,0,1,0,0,0,0,0,0,0
nypost.com,0,0,1,4,0,0,0,0,0,1,0,0,0,0,0,0,0
web.de,0,0,1,5,0,0,0,0,0,1,0,0,0,0,0,0,0
techcrunch.com,0,0,1,4,0,0,0,0,0,1,0,0,0,0,0,0,0
thenextweb.com,0,0,1,6,0,0,0,0,0,1,0,0,0,0,0,0,0
babal.net,0,0,1,4,0,0,0,0,0,1,0,0,0,0,0,0,0
web.de,0,0,1,4,0,0,0,0,0,1,0,0,0,0,0,0,0
ecnavi.jp,0,0,1,1,1,0,0,0,0,1,0,0,0,0,0,0,0
buzzfil.net,0,0,1,3,0,0,0,0,0,1,0,0,0,0,0,0,0
qz.com,0,0,1,2,0,0,0,0,0,1,0,0,0,0,0,0,0
eksisozluk.com,0,0,1,1,0,0,0,0,0,1,0,0,0,0,0,0,0
olx.in,0,0,1,3,0,0,0,0,0,1,0,0,0,0,0,0,0
kienthuc.net.vn,0,0,1,2,0,0,0,0,0,1,0,0,0,0,0,0,0
perezhilton.com,0,0,1,2,0,0,0,0,0,1,0,0,0,0,0,0,0
cox.com,0,0,1,3,0,0,0,0,0,1,0,0,0,0,0,0,0
elitedaily.com,0,0,1,3,0,0,0,0,0,1,0,0,0,0,0,0,0
babal.net,0,0,1,3,0,0,0,0,0,1,0,0,0,0,0,0,0
irecommend.ru,0,0,1,2,0,0,0,0,0,1,0,0,0,0,0,0,0
twitter.com,0,0,1,1,0,0,0,0,0,0,0,0,0,0,0,0,0
kickass.to,0,0,1,1,0,0,0,0,0,1,0,0,0,0,0,0,0
techcrunch.com,0,0,1,4,0,0,0,0,0,1,0,0,0,0,0,0,0
paytm.com,0,0,1,6,0,0,0,0,0,1,0,0,0,0,0,0,0
xhamster.com,0,0,1,3,0,0,0,0,0,1,0,0,0,0,0,0,0
mashable.com,0,0,1,6,0,0,0,0,0,1,0,0,0,0,0,0,0
elitedaily.com,0,0,1,3,0,0,0,0,0,1,0,0,0,0,0,0,0
buzzfil.net,0,0,1,4,0,0,0,0,0,1,0,0,0,0,0,0,0
steamcommunity.com,0,0,1,7,1,0,0,0,0,1,0,0,0,0,0,0,0
katproxy.com,0,0,1,1,0,0,0,0,0,1,0,0,0,0,0,0,0
buzzfil.net,0,0,1,4,0,0,0,0,0,1,0,0,0,0,0,0,0
depositphotos.com,0,0,1,1,0,0,0,0,0,1,0,0,0,0,0,0,0
clien.net,0,0,1,3,0,0,0,0,0,1,0,0,0,0,0,0,0
nypost.com,0,0,1,4,0,0,0,0,0,1,0,0,0,0,0,0,0
mic.com,0,0,1,3,0,0,0,0,0,1,0,0,0,0,0,0,0
cheezburger.com,0,0,1,2,0,0,0,0,0,1,0,0,0,0,0,0,0
tobogo.net,0,0,1,2,0,0,0,0,0,1,0,0,0,0,0,0,0
motthegioi.vn,0,0,1,2,0,0,0,0,0,1,0,0,0,0,0,0,0
distractify.com,0,0,1,10,0,0,0,0,0,1,0,0,0,0,0,0,0
web.de,0,0,1,6,0,0,0,0,0,1,0,0,0,0,0,0,0
babal.net,0,0,1,3,0,0,0,0,0,1,0,0,0,0,0,0,0
getpocket.com,0,0,1,1,1,0,0,0,0,1,0,0,0,0,0,0,0
bleacherreport.com,0,0,1,2,0,0,0,0,0,1,0,0,0,0,0,0,0
olx.ro,0,0,1,7,0,0,0,0,0,1,0,0,0,0,0,0,0
nesn.com,0,0,1,3,0,0,0,0,0,1,0,0,0,0,0,0,0
olx.ro,0,0,1,7,0,0,0,0,0,1,0,0,0,0,0,0,0
thenextweb.com,0,0,1,6,0,0,0,0,0,1,0,0,0,0,0,0,0
uproxx.com,0,0,1,4,0,0,0,0,0,1,0,0,0,0,0,0,0
akhbarelyom.com,0,0,1,5,0,0,0,0,0,1,0,0,0,0,0,0,0
xhamster.com,0,0,1,3,0,0,0,0,0,1,0,0,0,0,0,0,0
extratorrent.cc,0,0,1,3,0,0,0,0,0,1,0,0,0,0,0,0,0
hubpages.com,0,0,1,2,0,0,0,0,0,1,0,0,0,0,0,0,0
medium.com,0,1,1,2,0,0,0,0,0,0,0,0,0,0,0,0,0
medium.com,0,0,1,2,0,0,0,0,0,0,0,0,0,0,0,0,0
fishki.net,0,0,1,2,0,0,0,0,0,1,0,0,0,0,0,0,0
kickass.to,0,0,1,3,0,0,0,0,0,1,0,0,0,0,0,0,0
mylust.com,0,0,1,3,0,0,0,0,0,1,0,0,0,0,0,0,0
digg.com,0,0,1,2,0,0,0,0,0,1,0,0,0,0,0,0,0
steamcommunity.com,0,0,1,8,1,0,0,0,0,1,0,0,0,0,0,0,0
distractify.com,0,0,1,10,0,0,0,0,0,1,0,0,0,0,0,0,0
babal.net,0,0,1,3,0,0,0,0,0,1,0,0,0,0,0,0,0
momoshop.com.tw,0,0,1,2,0,0,0,0,0,1,0,0,0,0,0,0,0
otomoto.pl,0,0,1,5,0,0,0,0,0,1,0,0,0,0,0,0,0
io9.com,0,0,1,2,0,0,0,0,0,1,0,0,0,0,0,0,0
diply.com,0,0,1,3,0,0,0,0,0,1,0,0,0,0,0,0,0
torcache.net,0,0,1,2,0,0,0,0,0,1,0,0,0,0,0,0,0
torcache.net,0,0,1,2,0,0,0,0,0,1,0,0,0,0,0,0,0
torcache.net,0,0,1,2,0,0,0,0,0,1,0,0,0,0,0,0,0
techcrunch.com,0,0,1,3,0,0,0,0,0,1,0,0,0,0,0,0,0
mylust.com,0,0,1,3,0,0,0,0,0,1,0,0,0,0,0,0,0
serverfault.com,0,0,1,3,0,0,0,0,0,1,0,0,0,0,0,0,0
mylust.com,0,0,1,3,0,0,0,0,0,1,0,0,0,0,0,0,0
fazenda.gov.br,0,0,1,3,0,0,0,0,0,1,0,0,0,0,0,0,0
askubuntu.com,0,0,1,3,0,0,0,0,0,1,0,0,0,0,0,0,0
censor.net.ua,0,0,1,14,0,0,0,0,0,1,0,0,0,0,0,0,0
gizmodo.com,0,0,1,3,0,0,0,0,0,1,0,0,0,0,0,0,0
udn.com,0,0,1,4,0,0,0,0,0,1,0,0,0,0,0,0,0
pornsharing.com,0,0,1,1,0,0,0,0,0,1,0,0,0,0,0,0,0
censor.net.ua,0,0,1,3,0,0,0,0,0,1,0,0,0,0,0,0,0
bgr.com,0,0,1,4,0,0,0,0,0,1,0,0,0,0,0,0,0
conservativetribune.com,0,0,1,1,0,0,0,0,0,1,0,0,0,0,0,0,0
500px.com,0,0,1,3,0,0,0,0,0,1,0,0,0,0,0,0,0
wpengine.com,0,0,1,2,0,0,0,0,0,1,0,0,0,0,0,0,0
motthegioi.vn,0,0,1,2,0,0,0,0,0,1,0,0,0,0,0,0,0
mylust.com,0,0,1,3,0,0,0,0,0,1,0,0,0,0,0,0,0
aljazeera.net,0,0,1,6,0,0,0,0,0,1,0,0,0,0,0,0,0
medium.com,0,0,1,2,0,0,0,0,0,0,0,0,0,0,0,0,0
distractify.com,0,0,1,10,0,0,0,0,0,1,0,0,0,0,0,0,0
interpark.com,0,0,1,2,0,0,0,0,0,1,0,0,0,0,0,0,0
hollywoodlife.com,0,0,1,4,0,0,0,0,0,1,0,0,0,0,0,0,0
seekingalpha.com,0,0,1,3,0,0,0,0,0,1,0,0,0,0,0,0,0
gizmodo.com,0,0,1,1,0,0,0,0,0,1,0,0,0,0,0,0,0
caixa.gov.br,0,0,1,5,0,0,0,0,0,1,0,0,0,0,0,0,0
wikiwiki.jp,0,0,1,1,0,0,0,0,0,1,0,0,0,0,0,0,0
olx.co.id,0,0,1,5,0,0,0,0,0,1,0,0,0,0,0,0,0
irecommend.ru,0,0,1,2,0,0,0,0,0,1,0,0,0,0,0,0,0
web.de,0,0,1,3,0,0,0,0,0,1,0,0,0,0,0,0,0
hubpages.com,0,0,1,2,0,0,0,0,0,1,0,0,0,0,0,0,0
medium.com,0,0,1,2,0,0,0,0,0,0,0,0,0,0,0,0,0
www.gov.uk,0,0,1,3,0,0,0,0,0,0,0,0,0,0,0,0,0
distractify.com,0,0,1,10,0,0,0,0,0,1,0,0,0,0,0,0,0
wikiwiki.jp,0,0,1,1,0,0,0,0,0,1,0,0,0,0,0,0,0
mashable.com,0,0,1,6,0,0,0,0,0,1,0,0,0,0,0,0,0
rocketnews24.com,0,0,1,4,0,0,0,0,0,1,0,0,0,0,0,0,0
nypost.com,0,0,1,4,0,0,0,0,0,1,0,0,0,0,0,0,0
allrecipes.com,0,0,1,4,0,0,0,0,0,1,0,0,0,0,0,0,0
persianblog.ir,0,0,1,9,0,0,0,0,0,1,0,0,0,0,0,0,0
extratorrent.cc,0,0,1,3,0,0,0,0,0,1,0,0,0,0,0,0,0
plarium.com,0,0,1,5,0,0,0,0,0,1,0,0,0,0,0,0,0
maybank2u.com.my,0,0,1,4,0,0,0,0,0,1,0,0,0,0,0,0,0
kenh14.vn,0,0,1,2,0,0,0,0,0,1,0,0,0,0,0,0,0
distractify.com,0,0,1,10,0,0,0,0,0,1,0,0,0,0,0,0,0
tobogo.net,0,0,1,2,0,0,0,0,0,1,0,0,0,0,0,0,0
correios.com.br,0,0,1,4,0,0,0,0,0,1,0,0,0,0,0,0,0
askubuntu.com,0,0,1,3,0,0,0,0,0,1,0,0,0,0,0,0,0
kenh14.vn,0,0,1,2,0,0,0,0,0,1,0,0,0,0,0,0,0
olx.co.id,0,0,1,2,0,0,0,0,0,1,0,0,0,0,0,0,0
censor.net.ua,0,0,1,3,0,0,0,0,0,1,0,0,0,0,0,0,0
mediaset.it,0,0,1,5,0,0,0,0,0,1,0,0,0,0,0,0,0
themeforest.net,0,0,1,4,0,0,0,0,0,1,0,0,0,0,0,0,0
kenh14.vn,0,0,1,2,0,0,0,0,0,1,0,0,0,0,0,0,0
diply.com,0,0,1,3,0,0,0,0,0,1,0,0,0,0,0,0,0
grantland.com,0,0,1,2,0,0,0,0,0,1,0,0,0,0,0,0,0
nypost.com,0,0,1,4,0,0,0,0,0,1,0,0,0,0,0,0,0
torcache.net,0,0,1,2,0,0,0,0,0,1,0,0,0,0,0,0,0
atwiki.jp,0,0,1,2,0,0,0,0,0,1,0,0,0,0,0,0,0
fanpage.gr,0,0,1,3,0,0,0,0,0,1,0,0,0,0,0,0,0
depositphotos.com,0,0,1,1,0,0,0,0,0,1,0,0,0,0,0,0,0
extratorrent.cc,0,0,1,3,0,0,0,0,0,1,0,0,0,0,0,0,0
olx.co.id,0,0,1,7,0,0,0,0,0,1,0,0,0,0,0,0,0
plarium.com,0,0,1,5,0,0,0,0,0,1,0,0,0,0,0,0,0
aljazeera.net,0,0,1,6,0,0,0,0,0,1,0,0,0,0,0,0,0
smallseotools.com,0,0,1,2,0,0,0,0,0,1,0,0,0,0,0,0,0
udn.com,0,0,1,4,0,0,0,0,0,1,0,0,0,0,0,0,0
lifehacker.com,0,0,1,2,0,0,0,0,0,1,0,0,0,0,0,0,0
momoshop.com.tw,0,0,1,2,0,0,0,0,0,1,0,0,0,0,0,0,0
depositphotos.com,0,0,1,2,0,0,0,0,0,1,0,0,0,0,0,0,0
jalopnik.com,0,0,1,2,0,0,0,0,0,1,0,0,0,0,0,0,0
web.de,0,0,1,4,0,0,0,0,0,1,0,0,0,0,0,0,0
torcache.net,0,0,1,2,0,0,0,0,0,1,0,0,0,0,0,0,0
tobogo.net,0,0,1,2,0,0,0,0,0,1,0,0,0,0,0,0,0
500px.com,0,0,1,3,0,0,0,0,0,1,0,0,0,0,0,0,0
grantland.com,0,0,1,2,0,0,0,0,0,1,0,0,0,0,0,0,0
hollywoodlife.com,0,0,1,4,0,0,0,0,0,1,0,0,0,0,0,0,0
kienthuc.net.vn,0,0,1,2,0,0,0,0,0,1,0,0,0,0,0,0,0
kienthuc.net.vn,0,0,1,2,0,0,0,0,0,1,0,0,0,0,0,0,0
codecanyon.net,0,0,1,4,0,0,0,0,0,1,0,0,0,0,0,0,0
perezhilton.com,0,0,1,1,0,0,0,0,0,1,0,0,0,0,0,0,0
torcache.net,0,0,1,2,0,0,0,0,0,1,0,0,0,0,0,0,0
seasonvar.ru,0,0,1,1,0,0,0,0,0,1,0,0,0,0,0,0,0
bdnews24.com,0,0,1,5,0,0,0,0,0,1,0,0,0,0,0,0,0
hubpages.com,0,0,1,4,0,0,0,0,0,1,0,0,0,0,0,0,0
pornsharing.com,0,0,1,1,0,0,0,0,0,1,0,0,0,0,0,0,0
indianexpress.com,0,0,1,3,0,0,0,0,0,1,0,0,0,0,0,0,0
noticias.uol.com.br,0,0,1,5,0,0,0,0,0,1,0,0,0,0,0,0,0
nypost.com,0,0,1,4,0,0,0,0,0,1,0,0,0,0,0,0,0
depositphotos.com,0,0,1,1,0,0,0,0,0,1,0,0,0,0,0,0,0
medium.com,0,0,1,2,0,0,0,0,0,0,0,0,0,0,0,0,0
allegro.pl,0,0,1,1,0,0,0,0,0,1,0,0,0,0,0,0,0
medium.com,0,0,1,2,0,0,0,0,0,0,0,0,0,0,0,0,0
twitter.com,0,0,1,1,0,0,0,0,0,0,0,0,0,0,0,0,0
twitter.com,0,0,1,1,0,0,0,0,0,0,0,0,0,0,0,0,0
dropbooks.tv,0,0,1,3,0,0,0,0,0,1,0,0,0,0,0,0,0
kienthuc.net.vn,0,0,1,2,0,0,0,0,0,1,0,0,0,0,0,0,0
hollywoodlife.com,0,0,1,4,0,0,0,0,0,1,0,0,0,0,0,0,0
babal.net,0,0,1,4,0,0,0,0,0,1,0,0,0,0,0,0,0
torcache.net,0,0,1,2,0,0,0,0,0,1,0,0,0,0,0,0,0
medium.com,0,0,1,2,0,0,0,0,0,0,0,0,0,0,0,0,0
indianexpress.com,0,0,1,4,0,0,0,0,0,1,0,0,0,0,0,0,0
extratorrent.cc,0,0,1,3,0,0,0,0,0,1,0,0,0,0,0,0,0
qz.com,0,0,1,2,0,0,0,0,0,1,0,0,0,0,0,0,0
espn.go.com,0,0,1,7,0,0,0,0,0,1,0,0,0,0,0,0,0
digg.com,0,0,1,2,0,0,0,0,0,1,0,0,0,0,0,0,0
plarium.com,0,0,1,5,0,0,0,0,0,1,0,0,0,0,0,0,0
distractify.com,0,0,1,10,0,0,0,0,0,1,0,0,0,0,0,0,0
kienthuc.net.vn,0,0,1,2,0,0,0,0,0,1,0,0,0,0,0,0,0
iconosquare.com,0,0,1,3,0,0,0,0,0,1,0,0,0,0,0,0,0
irecommend.ru,0,0,1,2,0,0,0,0,0,1,0,0,0,0,0,0,0
olx.ro,0,0,1,7,0,0,0,0,0,1,0,0,0,0,0,0,0
mirtesen.ru,0,0,1,1,0,0,0,0,0,1,0,0,0,0,0,0,0
medium.com,0,0,1,2,0,0,0,0,0,0,0,0,0,0,0,0,0
censor.net.ua,0,0,1,14,0,0,0,0,0,1,0,0,0,0,0,0,0
ap.org,0,0,1,4,0,0,0,0,0,1,0,0,0,0,0,0,0
motthegioi.vn,0,0,1,2,0,0,0,0,0,1,0,0,0,0,0,0,0
cheezburger.com,0,0,1,2,0,0,0,0,0,1,0,0,0,0,0,0,0
olx.ua,0,0,1,3,0,0,0,0,0,1,0,0,0,0,0,0,0
prezi.com,0,0,1,4,0,0,0,0,0,1,0,0,0,0,0,0,0
abcnews.go.com,0,0,1,3,0,0,0,0,0,1,0,0,0,0,0,0,0
diply.com,0,0,1,4,0,0,0,0,0,1,0,0,0,0,0,0,0
popupads.ir,0,0,1,1,0,0,0,0,0,1,0,0,0,0,0,0,0
kickass.to,0,0,1,3,0,0,0,0,0,1,0,0,0,0,0,0,0
olx.ua,0,0,1,3,0,0,0,0,0,1,0,0,0,0,0,0,0
indianexpress.com,0,0,1,4,0,0,0,0,0,1,0,0,0,0,0,0,0
katproxy.com,0,0,1,1,0,0,0,0,0,1,0,0,0,0,0,0,0
maybank2u.com.my,0,0,1,4,0,0,0,0,0,1,0,0,0,0,0,0,0
indianexpress.com,0,0,1,4,0,0,0,0,0,1,0,0,0,0,0,0,0
babal.net,0,0,1,4,0,0,0,0,0,1,0,0,0,0,0,0,0
udn.com,0,0,1,4,0,0,0,0,0,1,0,0,0,0,0,0,0
interpark.com,0,0,1,2,0,0,0,0,0,1,0,0,0,0,0,0,0
olx.ro,0,0,1,5,0,0,0,0,0,1,0,0,0,0,0,0,0
distractify.com,0,0,1,10,0,0,0,0,0,1,0,0,0,0,0,0,0
thenextweb.com,0,0,1,6,0,0,0,0,0,1,0,0,0,0,0,0,0
katproxy.com,0,0,1,1,0,0,0,0,0,1,0,0,0,0,0,0,0
ahrefs.com,0,0,1,8,0,0,0,0,0,1,0,0,0,0,0,0,0
censor.net.ua,0,0,1,14,0,0,0,0,0,1,0,0,0,0,0,0,0
ecnavi.jp,0,0,1,1,1,0,0,0,0,1,0,0,0,0,0,0,0
steamcommunity.com,0,0,1,7,1,0,0,0,0,1,0,0,0,0,0,0,0
distractify.com,0,0,1,10,0,0,0,0,0,1,0,0,0,0,0,0,0
serverfault.com,0,0,1,3,0,0,0,0,0,1,0,0,0,0,0,0,0
fortune.com,0,0,1,4,0,0,0,0,0,1,0,0,0,0,0,0,0
sourceforge.net,0,0,1,3,0,0,0,0,0,1,0,0,0,0,0,0,0
1337x.to,0,0,1,3,0,0,0,0,0,1,0,0,0,0,0,0,0
thenextweb.com,0,0,1,6,0,0,0,0,0,1,0,0,0,0,0,0,0
gawker.com,0,0,1,2,0,0,0,0,0,1,0,0,0,0,0,0,0
nesn.com,0,0,1,3,0,0,0,0,0,1,0,0,0,0,0,0,0
thechive.com,0,0,1,4,0,0,0,0,0,1,0,0,0,0,0,0,0
torcache.net,0,0,1,2,0,0,0,0,0,1,0,0,0,0,0,0,0
tunein.com,0,0,1,5,0,0,0,0,0,1,0,0,0,0,0,0,0
nesn.com,0,0,1,3,0,0,0,0,0,1,0,0,0,0,0,0,0
persianblog.ir,0,0,1,4,0,0,0,0,0,1,0,0,0,0,0,0,0
mediaset.it,0,0,1,5,0,0,0,0,0,1,0,0,0,0,0,0,0
web.de,0,0,1,5,0,0,0,0,0,1,0,0,0,0,0,0,0
interpark.com,0,0,1,2,0,0,0,0,0,1,0,0,0,0,0,0,0
cheezburger.com,0,0,1,2,0,0,0,0,0,1,0,0,0,0,0,0,0
serverfault.com,0,0,1,3,0,0,0,0,0,1,0,0,0,0,0,0,0
distractify.com,0,0,1,10,0,0,0,0,0,1,0,0,0,0,0,0,0
steamcommunity.com,0,0,1,7,1,0,0,0,0,1,0,0,0,0,0,0,0
hubpages.com,0,0,1,2,0,0,0,0,0,1,0,0,0,0,0,0,0
ecnavi.jp,0,0,1,1,1,0,0,0,0,1,0,0,0,0,0,0,0
babal.net,0,0,1,4,0,0,0,0,0,1,0,0,0,0,0,0,0
otomoto.pl,0,0,1,2,0,0,0,0,0,1,0,0,0,0,0,0,0
nypost.com,0,0,1,4,0,0,0,0,0,1,0,0,0,0,0,0,0
codecanyon.net,0,0,1,1,0,0,0,0,0,1,0,0,0,0,0,0,0
olx.ro,0,0,1,6,0,0,0,0,0,1,0,0,0,0,0,0,0
1337x.to,0,0,1,3,0,0,0,0,0,1,0,0,0,0,0,0,0
jezebel.com,0,0,1,2,0,0,0,0,0,1,0,0,0,0,0,0,0
hollywoodlife.com,0,0,1,4,0,0,0,0,0,1,0,0,0,0,0,0,0
otomoto.pl,0,0,1,2,0,0,0,0,0,1,0,0,0,0,0,0,0
censor.net.ua,0,0,1,14,0,0,0,0,0,1,0,0,0,0,0,0,0
bestblackhatforum.com,0,0,1,1,0,0,0,0,0,1,0,0,0,0,0,0,0
europa.eu,0,0,1,6,0,0,0,0,0,0,0,0,0,0,0,0,0
tunein.com,0,0,1,5,0,0,0,0,0,1,0,0,0,0,0,0,0
kenh14.vn,0,0,1,2,0,0,0,0,0,1,0,0,0,0,0,0,0
thenextweb.com,0,0,1,6,0,0,0,0,0,1,0,0,0,0,0,0,0
kenh14.vn,0,0,1,2,0,0,0,0,0,1,0,0,0,0,0,0,0
dropbooks.tv,0,0,1,5,0,0,0,0,0,1,0,0,0,0,0,0,0
ringring.vn,0,0,1,1,0,0,0,0,0,1,0,0,0,0,0,0,0
torcache.net,0,0,1,2,0,0,0,0,0,1,0,0,0,0,0,0,0
extratorrent.cc,0,0,1,3,0,0,0,0,0,1,0,0,0,0,0,0,0
www.gov.uk,0,0,1,3,0,0,0,0,0,0,0,0,0,0,0,0,0
icicibank.com,0,0,1,5,0,0,0,0,0,1,0,0,0,0,0,0,0
torrentdn.com,0,0,1,2,0,0,0,0,0,1,0,0,0,0,0,0,0
ap.org,0,0,1,4,0,0,0,0,0,1,0,0,0,0,0,0,0
nypost.com,0,0,1,4,0,0,0,0,0,1,0,0,0,0,0,0,0
twitter.com,0,0,1,1,0,0,0,0,0,0,0,0,0,0,0,0,0
torcache.net,0,0,1,2,0,0,0,0,0,1,0,0,0,0,0,0,0
nesn.com,0,0,1,3,0,0,0,0,0,1,0,0,0,0,0,0,0
torcache.net,0,0,1,2,0,0,0,0,0,1,0,0,0,0,0,0,0
mashable.com,0,0,1,6,0,0,0,0,0,1,0,0,0,0,0,0,0
distractify.com,0,0,1,10,0,0,0,0,0,1,0,0,0,0,0,0,0
babal.net,0,0,1,4,0,0,0,0,0,1,0,0,0,0,0,0,0
bdnews24.com,0,0,1,5,0,0,0,0,0,1,0,0,0,0,0,0,0
superuser.com,0,0,1,3,0,0,0,0,0,1,0,0,0,0,0,0,0
europa.eu,0,0,1,6,0,0,0,0,0,0,0,0,0,0,0,0,0
metro.co.uk,0,0,1,4,0,0,0,0,0,1,0,0,0,0,0,0,0
torcache.net,0,0,1,2,0,0,0,0,0,1,0,0,0,0,0,0,0
myspace.com,0,0,1,5,0,0,0,0,0,1,0,0,0,0,0,0,0
smallseotools.com,0,0,1,2,0,0,0,0,0,1,0,0,0,0,0,0,0
extratorrent.cc,0,0,1,3,0,0,0,0,0,1,0,0,0,0,0,0,0
momoshop.com.tw,0,0,1,2,0,0,0,0,0,1,0,0,0,0,0,0,0
tiu.ru,0,0,1,1,0,0,0,0,0,1,0,0,0,0,0,0,0
interpark.com,0,0,1,2,0,0,0,0,0,1,0,0,0,0,0,0,0
mic.com,0,0,1,3,0,0,0,0,0,1,0,0,0,0,0,0,0
techcrunch.com,0,0,1,4,0,0,0,0,0,1,0,0,0,0,0,0,0
web.de,0,0,1,4,0,0,0,0,0,1,0,0,0,0,0,0,0
themeforest.net,0,0,1,4,0,0,0,0,0,1,0,0,0,0,0,0,0
torcache.net,0,0,1,2,0,0,0,0,0,1,0,0,0,0,0,0,0
babal.net,0,0,1,4,0,0,0,0,0,1,0,0,0,0,0,0,0
torcache.net,0,0,1,2,0,0,0,0,0,1,0,0,0,0,0,0,0
web.de,0,0,1,5,0,0,0,0,0,1,0,0,0,0,0,0,0
mic.com,0,0,1,3,0,0,0,0,0,1,0,0,0,0,0,0,0
privatbank.ua,0,0,1,5,0,0,0,0,0,1,0,0,0,0,0,0,0
medium.com,0,0,1,2,0,0,0,0,0,0,0,0,0,0,0,0,0
atwiki.jp,0,0,1,3,0,0,0,0,0,1,0,0,0,0,0,0,0
distractify.com,0,0,1,10,0,0,0,0,0,1,0,0,0,0,0,0,0
livestream.com,0,0,1,2,0,0,0,0,0,1,0,0,0,0,0,0,0
correios.com.br,0,0,1,6,0,0,0,0,0,1,0,0,0,0,0,0,0
extratorrent.cc,0,0,1,3,0,0,0,0,0,1,0,0,0,0,0,0,0
lifehacker.com,0,0,1,2,0,0,0,0,0,1,0,0,0,0,0,0,0
akhbarelyom.com,0,0,1,5,0,0,0,0,0,1,0,0,0,0,0,0,0
xvideo-jp.com,0,0,1,3,0,0,0,1,0,1,0,0,0,0,0,0,0
skyrock.com,0,0,1,2,0,0,0,0,0,1,0,0,0,0,0,0,0
babal.net,0,0,1,3,0,0,0,0,0,1,0,0,0,0,0,0,0
olx.ro,0,0,1,6,0,0,0,0,0,1,0,0,0,0,0,0,0
espn.go.com,0,0,1,7,0,0,0,0,0,1,0,0,0,0,0,0,0
xhamster.com,0,0,1,3,0,0,0,0,0,1,0,0,0,0,0,0,0
nypost.com,0,0,1,4,0,0,0,0,0,1,0,0,0,0,0,0,0
fanpage.gr,0,0,1,3,0,0,0,0,0,1,0,0,0,0,0,0,0
otomoto.pl,0,0,1,4,0,0,0,0,0,1,0,0,0,0,0,0,0
wikiwiki.jp,0,0,1,1,0,0,0,0,0,1,0,0,0,0,0,0,0
cheezburger.com,0,0,1,2,0,0,0,0,0,1,0,0,0,0,0,0,0
1337x.to,0,0,1,3,0,0,0,0,0,1,0,0,0,0,0,0,0
metro.co.uk,0,0,1,4,0,0,0,0,0,1,0,0,0,0,0,0,0
dantri.com.vn,0,0,1,2,0,0,0,0,0,1,0,0,0,0,0,0,0
extratorrent.cc,0,0,1,3,0,0,0,0,0,1,0,0,0,0,0,0,0
lifehacker.com,0,0,1,2,0,0,0,0,0,1,0,0,0,0,0,0,0
diply.com,0,0,1,4,0,0,0,0,0,1,0,0,0,0,0,0,0
torcache.net,0,0,1,2,0,0,0,0,0,1,0,0,0,0,0,0,0
metro.co.uk,0,0,1,4,0,0,0,0,0,1,0,0,0,0,0,0,0
nguyentandung.org,0,0,1,1,0,0,0,0,0,1,0,0,0,0,0,0,0
twitter.com,0,0,1,1,0,0,0,0,0,0,0,0,0,0,0,0,0
thenextweb.com,0,0,1,6,0,0,0,0,0,1,0,0,0,0,0,0,0
seekingalpha.com,0,0,1,2,0,0,0,0,0,1,0,0,0,0,0,0,0
techcrunch.com,0,0,1,4,0,0,0,0,0,1,0,0,0,0,0,0,0
xhamster.com,0,0,1,3,0,0,0,0,0,1,0,0,0,0,0,0,0
extratorrent.cc,0,0,1,3,0,0,0,0,0,1,0,0,0,0,0,0,0
babal.net,0,0,1,4,0,0,0,0,0,1,0,0,0,0,0,0,0
otomoto.pl,0,0,1,2,0,0,0,0,0,1,0,0,0,0,0,0,0
duckduckgo.com,0,0,1,4,0,0,0,0,0,1,0,0,0,0,0,0,0
elitedaily.com,0,0,1,3,0,0,0,0,0,1,0,0,0,0,0,0,0
plarium.com,0,0,1,5,0,0,0,0,0,1,0,0,0,0,0,0,0
torcache.net,0,0,1,2,0,0,0,0,0,1,0,0,0,0,0,0,0
digg.com,0,0,1,2,0,0,0,0,0,1,0,0,0,0,0,0,0
askubuntu.com,0,0,1,3,0,0,0,0,0,1,0,0,0,0,0,0,0
perezhilton.com,0,0,1,1,0,0,0,0,0,1,0,0,0,0,0,0,0
elcomercio.pe,0,0,1,3,0,0,0,0,0,1,0,0,0,0,0,0,0
fortune.com,0,0,1,4,0,0,0,0,0,1,0,0,0,0,0,0,0
udn.com,0,0,1,4,0,0,0,0,0,1,0,0,0,0,0,0,0
serverfault.com,0,0,1,3,0,0,0,0,0,1,0,0,0,0,0,0,0
dantri.com.vn,0,0,1,2,0,0,0,0,0,1,0,0,0,0,0,0,0
momoshop.com.tw,0,0,1,2,0,0,0,0,0,1,0,0,0,0,0,0,0
udn.com,0,0,1,4,0,0,0,0,0,1,0,0,0,0,0,0,0
medium.com,0,0,1,2,0,0,0,0,0,0,0,0,0,0,0,0,0
tune.pk,0,0,1,3,0,0,0,0,0,1,0,0,0,0,0,0,0
stackoverflow.com,0,0,1,3,0,0,0,0,0,0,0,0,0,0,0,0,0
syosetu.com,0,0,1,3,0,0,0,0,0,1,0,0,0,0,0,0,0
otomoto.pl,0,0,1,2,0,0,0,0,0,1,0,0,0,0,0,0,0
hootsuite.com,0,0,1,3,0,0,0,0,0,1,0,0,0,0,0,0,0
paytm.com,0,0,1,4,0,0,0,0,0,1,0,0,0,0,0,0,0
pornsharing.com,0,0,1,1,0,0,0,0,0,1,0,0,0,0,0,0,0
extratorrent.cc,0,0,1,3,0,0,0,0,0,1,0,0,0,0,0,0,0
faithtap.com,0,0,1,2,0,0,0,0,0,1,0,0,0,0,0,0,0
kenh14.vn,0,0,1,2,0,0,0,0,0,1,0,0,0,0,0,0,0
extratorrent.cc,0,0,1,3,0,0,0,0,0,1,0,0,0,0,0,0,0
torcache.net,0,0,1,2,0,0,0,0,0,1,0,0,0,0,0,0,0
olx.in,0,0,1,2,0,0,0,0,0,1,0,0,0,0,0,0,0
smallseotools.com,0,0,1,2,0,0,0,0,0,1,0,0,0,0,0,0,0
emgn.com,0,0,1,2,0,0,0,0,0,1,0,0,0,0,0,0,0
udn.com,0,0,1,4,0,0,0,0,0,1,0,0,0,0,0,0,0
tobogo.net,0,0,1,2,0,0,0,0,0,1,0,0,0,0,0,0,0
udn.com,0,0,1,4,0,0,0,0,0,1,0,0,0,0,0,0,0
olx.in,0,0,1,3,0,0,0,0,0,1,0,0,0,0,0,0,0
codecanyon.net,0,0,1,1,0,0,0,0,0,1,0,0,0,0,0,0,0
clien.net,0,0,1,3,0,0,0,0,0,1,0,0,0,0,0,0,0
nypost.com,0,0,1,4,0,0,0,0,0,1,0,0,0,0,0,0,0
torrentdn.com,0,0,1,2,0,0,0,0,0,1,0,0,0,0,0,0,0
udn.com,0,0,1,4,0,0,0,0,0,1,0,0,0,0,0,0,0
thenextweb.com,0,0,1,6,0,0,0,0,0,1,0,0,0,0,0,0,0
babal.net,0,0,1,4,0,0,0,0,0,1,0,0,0,0,0,0,0
jezebel.com,0,0,1,3,0,0,0,0,0,1,0,0,0,0,0,0,0
arstechnica.com,0,0,1,4,0,0,0,0,0,1,0,0,0,0,0,0,0
buzzfil.net,0,0,1,4,0,0,0,0,0,1,0,0,0,0,0,0,0
plarium.com,0,0,1,5,0,0,0,0,0,1,0,0,0,0,0,0,0
ap.org,0,0,1,4,0,0,0,0,0,1,0,0,0,0,0,0,0
comicbook.com,0,0,1,5,0,0,0,0,0,1,0,0,0,0,0,0,0
xvideo-jp.com,0,0,1,1,0,0,0,1,0,1,0,0,0,0,0,0,0
fishki.net,0,0,1,2,0,0,0,0,0,1,0,0,0,0,0,0,0
caixa.gov.br,0,0,1,7,0,0,0,0,0,1,0,0,0,0,0,0,0
web.de,0,0,1,5,0,0,0,0,0,1,0,0,0,0,0,0,0
stackoverflow.com,0,0,1,3,0,0,0,0,0,0,0,0,0,0,0,0,0
putlocker.is,0,0,1,1,0,0,0,0,0,1,0,0,0,0,0,0,0
getpocket.com,0,0,1,4,0,0,0,0,0,1,0,0,0,0,0,0,0
graphicriver.net,0,0,1,1,0,0,0,0,0,1,0,0,0,0,0,0,0
olx.co.id,0,0,1,2,0,0,0,0,0,1,0,0,0,0,0,0,0
digg.com,0,0,1,2,0,0,0,0,0,1,0,0,0,0,0,0,0
distractify.com,0,0,1,10,0,0,0,0,0,1,0,0,0,0,0,0,0
plarium.com,0,0,1,5,0,0,0,0,0,1,0,0,0,0,0,0,0
teespring.com,0,0,1,2,0,0,0,0,0,1,0,0,0,0,0,0,0
distractify.com,0,0,1,10,0,0,0,0,0,1,0,0,0,0,0,0,0
mylust.com,0,0,1,3,0,0,0,0,0,1,0,0,0,0,0,0,0
hollywoodlife.com,0,0,1,4,0,0,0,0,0,1,0,0,0,0,0,0,0
udn.com,0,0,1,4,0,0,0,0,0,1,0,0,0,0,0,0,0
hollywoodlife.com,0,0,1,4,0,0,0,0,0,1,0,0,0,0,0,0,0
udn.com,0,0,1,4,0,0,0,0,0,1,0,0,0,0,0,0,0
perezhilton.com,0,0,1,1,0,0,0,0,0,1,0,0,0,0,0,0,0
graphicriver.net,0,0,1,3,0,0,0,0,0,1,0,0,0,0,0,0,0
thenextweb.com,0,0,1,5,0,0,0,0,0,1,0,0,0,0,0,0,0
indianexpress.com,0,0,1,4,0,0,0,0,0,1,0,0,0,0,0,0,0
akhbarelyom.com,0,0,1,5,0,0,0,0,0,1,0,0,0,0,0,0,0
ap.org,0,0,1,4,0,0,0,0,0,1,0,0,0,0,0,0,0
distractify.com,0,0,1,10,0,0,0,0,0,1,0,0,0,0,0,0,0
censor.net.ua,0,0,1,3,0,0,0,0,0,1,0,0,0,0,0,0,0
myspace.com,0,0,1,5,0,0,0,0,0,1,0,0,0,0,0,0,0
superuser.com,0,0,1,3,0,0,0,0,0,1,0,0,0,0,0,0,0
babal.net,0,0,1,4,0,0,0,0,0,1,0,0,0,0,0,0,0
teespring.com,0,0,1,2,0,0,0,0,0,1,0,0,0,0,0,0,0
himado.in,0,0,1,0,0,0,0,0,0,1,0,0,0,0,0,0,0
correios.com.br,0,0,1,4,0,0,0,0,0,1,0,0,0,0,0,0,0
mylust.com,0,0,1,3,0,0,0,0,0,1,0,0,0,0,0,0,0
ifttt.com,0,0,1,2,0,0,0,0,0,1,0,0,0,0,0,0,0
sourceforge.net,0,0,1,3,0,0,0,0,0,1,0,0,0,0,0,0,0
medium.com,0,0,1,2,0,0,0,0,0,0,0,0,0,0,0,0,0
emgn.com,0,0,1,2,0,0,0,0,0,1,0,0,0,0,0,0,0
teespring.com,0,0,1,2,0,0,0,0,0,1,0,0,0,0,0,0,0
olx.ro,0,0,1,7,0,0,0,0,0,1,0,0,0,0,0,0,0
hollywoodlife.com,0,0,1,4,0,0,0,0,0,1,0,0,0,0,0,0,0
babal.net,0,0,1,4,0,0,0,0,0,1,0,0,0,0,0,0,0
tunein.com,0,0,1,5,0,0,0,0,0,1,0,0,0,0,0,0,0
extratorrent.cc,0,0,1,3,0,0,0,0,0,1,0,0,0,0,0,0,0
hollywoodlife.com,0,0,1,2,0,0,0,0,0,1,0,0,0,0,0,0,0
twitter.com,0,0,1,1,0,0,0,0,0,0,0,0,0,0,0,0,0
superuser.com,0,0,1,3,0,0,0,0,0,1,0,0,0,0,0,0,0
themeforest.net,0,0,1,4,0,0,0,0,0,1,0,0,0,0,0,0,0
searchengineland.com,0,0,1,1,0,0,0,0,0,1,0,0,0,0,0,0,0
hollywoodlife.com,0,0,1,4,0,0,0,0,0,1,0,0,0,0,0,0,0
nypost.com,0,0,1,4,0,0,0,0,0,1,0,0,0,0,0,0,0
getpocket.com,0,0,1,1,1,0,0,0,0,1,0,0,0,0,0,0,0
searchengineland.com,0,0,1,1,0,0,0,0,0,1,0,0,0,0,0,0,0
depositphotos.com,0,0,1,2,0,0,0,0,0,1,0,0,0,0,0,0,0
buzzfil.net,0,0,1,3,0,0,0,0,0,1,0,0,0,0,0,0,0
thenextweb.com,0,0,1,6,0,0,0,0,0,1,0,0,0,0,0,0,0
indianexpress.com,0,0,1,4,0,0,0,0,0,1,0,0,0,0,0,0,0
babal.net,0,0,1,4,0,0,0,0,0,1,0,0,0,0,0,0,0
twitter.com,0,0,1,1,0,0,0,0,0,0,0,0,0,0,0,0,0
mashable.com,0,0,1,6,0,0,0,0,0,1,0,0,0,0,0,0,0
distractify.com,0,0,1,10,0,0,0,0,0,1,0,0,0,0,0,0,0
sourceforge.net,0,0,1,3,0,0,0,0,0,1,0,0,0,0,0,0,0
thenextweb.com,0,0,1,7,0,0,0,0,0,1,0,0,0,0,0,0,0
tobogo.net,0,0,1,2,0,0,0,0,0,1,0,0,0,0,0,0,0
olx.ro,0,0,1,7,0,0,0,0,0,1,0,0,0,0,0,0,0
wikimapia.org,0,0,1,3,0,0,0,0,0,1,0,0,0,0,0,0,0
distractify.com,0,0,1,2,0,0,0,0,0,1,0,0,0,0,0,0,0
lifehacker.com,0,0,1,2,0,0,0,0,0,1,0,0,0,0,0,0,0
distractify.com,0,0,1,10,0,0,0,0,0,1,0,0,0,0,0,0,0
extratorrent.cc,0,0,1,3,0,0,0,0,0,1,0,0,0,0,0,0,0
zozo.jp,0,0,1,2,0,0,0,0,0,1,0,0,0,0,0,0,0
extratorrent.cc,0,0,1,3,0,0,0,0,0,1,0,0,0,0,0,0,0
indianexpress.com,0,0,1,4,0,0,0,0,0,1,0,0,0,0,0,0,0
eenadu.net,0,0,1,3,0,0,0,0,0,1,0,0,0,0,0,0,0
olx.ua,0,0,1,2,0,0,0,0,0,1,0,0,0,0,0,0,0
pikabu.ru,0,0,1,3,0,0,0,0,0,1,0,0,0,0,0,0,0
torcache.net,0,0,1,2,0,0,0,0,0,1,0,0,0,0,0,0,0
torrentdn.com,0,0,1,2,0,0,0,0,0,1,0,0,0,0,0,0,0
paytm.com,0,0,1,4,0,0,0,0,0,1,0,0,0,0,0,0,0
emgn.com,0,0,1,2,0,0,0,0,0,1,0,0,0,0,0,0,0
olx.ro,0,0,1,7,0,0,0,0,0,1,0,0,0,0,0,0,0
olx.in,0,0,1,3,0,0,0,0,0,1,0,0,0,0,0,0,0
serverfault.com,0,0,1,3,0,0,0,0,0,1,0,0,0,0,0,0,0
extratorrent.cc,0,0,1,3,0,0,0,0,0,1,0,0,0,0,0,0,0
filehippo.com,0,0,1,4,0,0,0,0,0,1,0,0,0,0,0,0,0
elwatannews.com,0,0,1,2,0,0,0,0,0,1,0,0,0,0,0,0,0
thenextweb.com,0,0,1,6,0,0,0,0,0,1,0,0,0,0,0,0,0
qz.com,0,0,1,2,0,0,0,0,0,1,0,0,0,0,0,0,0
tune.pk,0,0,1,3,0,0,0,0,0,1,0,0,0,0,0,0,0
icicibank.com,0,0,1,3,0,0,0,0,0,1,0,0,0,0,0,0,0
ap.org,0,0,1,4,0,0,0,0,0,1,0,0,0,0,0,0,0
olx.ua,0,0,1,3,0,0,0,0,0,1,0,0,0,0,0,0,0
comicbook.com,0,0,1,4,0,0,0,0,0,1,0,0,0,0,0,0,0
distractify.com,0,0,1,10,0,0,0,0,0,1,0,0,0,0,0,0,0
privatbank.ua,0,0,1,4,0,0,0,0,0,1,0,0,0,0,0,0,0
moviepilot.com,0,0,1,5,0,0,0,0,0,1,0,0,0,0,0,0,0
ap.org,0,0,1,4,0,0,0,0,0,1,0,0,0,0,0,0,0
extratorrent.cc,0,0,1,3,0,0,0,0,0,1,0,0,0,0,0,0,0
mic.com,0,0,1,3,0,0,0,0,0,1,0,0,0,0,0,0,0
grantland.com,0,0,1,1,0,0,0,0,0,1,0,0,0,0,0,0,0
skyrock.com,0,0,1,2,0,0,0,0,0,1,0,0,0,0,0,0,0
kakaku.com,0,0,1,7,0,0,0,0,0,1,0,0,0,0,0,0,0
indianexpress.com,0,0,1,4,0,0,0,0,0,1,0,0,0,0,0,0,0
torcache.net,0,0,1,2,0,0,0,0,0,1,0,0,0,0,0,0,0
thenextweb.com,0,0,1,5,0,0,0,0,0,1,0,0,0,0,0,0,0
paytm.com,0,0,1,2,0,0,0,0,0,1,0,0,0,0,0,0,0
emgn.com,0,0,1,2,0,0,0,0,0,1,0,0,0,0,0,0,0
extratorrent.cc,0,0,1,3,0,0,0,0,0,1,0,0,0,0,0,0,0
serverfault.com,0,0,1,3,0,0,0,0,0,1,0,0,0,0,0,0,0
xvideo-jp.com,0,0,1,1,0,0,0,1,0,1,0,0,0,0,0,0,0
superuser.com,0,0,1,3,0,0,0,0,0,1,0,0,0,0,0,0,0
mic.com,0,0,1,3,0,0,0,0,0,1,0,0,0,0,0,0,0
kenh14.vn,0,0,1,2,0,0,0,0,0,1,0,0,0,0,0,0,0
babal.net,0,0,1,4,0,0,0,0,0,1,0,0,0,0,0,0,0
udn.com,0,0,1,4,0,0,0,0,0,1,0,0,0,0,0,0,0
twitter.com,0,0,1,1,0,0,0,0,0,0,0,0,0,0,0,0,0
patch.com,0,0,1,3,0,0,0,0,0,1,0,0,0,0,0,0,0
babal.net,0,0,1,4,0,0,0,0,0,1,0,0,0,0,0,0,0
kakaku.com,0,0,1,8,0,0,0,0,0,1,0,0,0,0,0,0,0
mic.com,0,0,1,3,0,0,0,0,0,1,0,0,0,0,0,0,0
steamcommunity.com,0,0,1,6,1,0,0,0,0,1,0,0,0,0,0,0,0
kenh14.vn,0,0,1,2,0,0,0,0,0,1,0,0,0,0,0,0,0
plarium.com,0,0,1,5,0,0,0,0,0,1,0,0,0,0,0,0,0
tobogo.net,0,0,1,2,0,0,0,0,0,1,0,0,0,0,0,0,0
olx.co.id,0,0,1,2,0,0,0,0,0,1,0,0,0,0,0,0,0
thechive.com,0,0,1,4,0,0,0,0,0,1,0,0,0,0,0,0,0
katproxy.com,0,0,1,1,0,0,0,0,0,1,0,0,0,0,0,0,0
thenextweb.com,0,0,1,6,0,0,0,0,0,1,0,0,0,0,0,0,0
distractify.com,0,0,1,10,0,0,0,0,0,1,0,0,0,0,0,0,0
udn.com,0,0,1,4,0,0,0,0,0,1,0,0,0,0,0,0,0
bankmellat.ir,0,0,1,1,0,0,0,0,0,1,0,0,0,0,0,0,0
pornsharing.com,0,0,1,1,0,0,0,0,0,1,0,0,0,0,0,0,0
plarium.com,0,0,1,5,0,0,0,0,0,1,0,0,0,0,0,0,0
stackoverflow.com,0,0,1,3,0,0,0,0,0,0,0,0,0,0,0,0,0
nesn.com,0,0,1,3,0,0,0,0,0,1,0,0,0,0,0,0,0
interpark.com,0,0,1,2,0,0,0,0,0,1,0,0,0,0,0,0,0
pornsharing.com,0,0,1,1,0,0,0,0,0,1,0,0,0,0,0,0,0
depositphotos.com,0,0,1,1,0,0,0,0,0,1,0,0,0,0,0,0,0
allegro.pl,0,0,1,1,0,0,0,0,0,1,0,0,0,0,0,0,0
fazenda.gov.br,0,0,1,2,0,0,0,0,0,1,0,0,0,0,0,0,0
espn.go.com,0,0,1,6,0,0,0,0,0,1,0,0,0,0,0,0,0
metro.co.uk,0,0,1,4,0,0,0,0,0,1,0,0,0,0,0,0,0
distractify.com,0,0,1,10,0,0,0,0,0,1,0,0,0,0,0,0,0
kienthuc.net.vn,0,0,1,2,0,0,0,0,0,1,0,0,0,0,0,0,0
searchengineland.com,0,0,1,1,0,0,0,0,0,1,0,0,0,0,0,0,0
torcache.net,0,0,1,2,0,0,0,0,0,1,0,0,0,0,0,0,0
ap.org,0,0,1,4,0,0,0,0,0,1,0,0,0,0,0,0,0
torcache.net,0,0,1,2,0,0,0,0,0,1,0,0,0,0,0,0,0
buzzfil.net,0,0,1,4,0,0,0,0,0,1,0,0,0,0,0,0,0
ap.org,0,0,1,4,0,0,0,0,0,1,0,0,0,0,0,0,0
udn.com,0,0,1,4,0,0,0,0,0,1,0,0,0,0,0,0,0
searchengineland.com,0,0,1,1,0,0,0,0,0,1,0,0,0,0,0,0,0
grantland.com,0,0,1,2,0,0,0,0,0,1,0,0,0,0,0,0,0
grantland.com,0,0,1,2,0,0,0,0,0,1,0,0,0,0,0,0,0
seesaawiki.jp,0,0,1,4,0,0,0,0,0,1,0,0,0,0,0,0,0
interpark.com,0,0,1,2,0,0,0,0,0,1,0,0,0,0,0,0,0
tinnhanh360.net,0,0,1,1,0,0,0,0,0,1,0,0,0,0,0,0,0
jezebel.com,0,0,1,2,0,0,0,0,0,1,0,0,0,0,0,0,0
qz.com,0,0,1,2,0,0,0,0,0,1,0,0,0,0,0,0,0
patch.com,0,0,1,3,0,0,0,0,0,1,0,0,0,0,0,0,0
aljazeera.net,0,0,1,4,0,0,0,0,0,1,0,0,0,0,0,0,0
sfglobe.com,0,0,1,4,0,0,0,0,0,1,0,0,0,0,0,0,0
searchengineland.com,0,0,1,1,0,0,0,0,0,1,0,0,0,0,0,0,0
bdnews24.com,0,0,1,5,0,0,0,0,0,1,0,0,0,0,0,0,0
web.de,0,0,1,4,0,0,0,0,0,1,0,0,0,0,0,0,0
smallseotools.com,0,0,1,2,0,0,0,0,0,1,0,0,0,0,0,0,0
kotaku.com,0,0,1,2,0,0,0,0,0,1,0,0,0,0,0,0,0
espn.go.com,0,0,1,6,0,0,0,0,0,1,0,0,0,0,0,0,0
digg.com,0,0,1,2,0,0,0,0,0,1,0,0,0,0,0,0,0
tinnhanh360.net,0,0,1,1,0,0,0,0,0,1,0,0,0,0,0,0,0
yourlust.com,0,0,1,2,0,0,0,0,0,1,0,0,0,0,0,0,0
torcache.net,0,0,1,2,0,0,0,0,0,1,0,0,0,0,0,0,0
xvideo-jp.com,0,0,1,3,0,0,0,1,0,1,0,0,0,0,0,0,0
buzzfil.net,0,0,1,4,0,0,0,0,0,1,0,0,0,0,0,0,0
telegraf.com.ua,0,0,1,3,0,0,0,0,0,1,0,0,0,0,0,0,0
slashdot.org,0,0,1,3,0,0,0,0,0,1,0,0,0,0,0,0,0
distractify.com,0,0,1,10,0,0,0,0,0,1,0,0,0,0,0,0,0
sfglobe.com,0,0,1,4,0,0,0,0,0,1,0,0,0,0,0,0,0
aljazeera.net,0,0,1,6,0,0,0,0,0,1,0,0,0,0,0,0,0
indianexpress.com,0,0,1,4,0,0,0,0,0,1,0,0,0,0,0,0,0
web.tv,0,0,1,8,0,0,0,0,0,1,0,0,0,0,0,0,0
aljazeera.net,0,0,1,6,0,0,0,0,0,1,0,0,0,0,0,0,0
olx.ua,0,0,1,4,0,0,0,0,0,1,0,0,0,0,0,0,0
hootsuite.com,0,0,1,3,0,0,0,0,0,1,0,0,0,0,0,0,0
xhamster.com,0,0,1,3,0,0,0,0,0,1,0,0,0,0,0,0,0
bigcinema.tv,0,0,1,2,0,0,0,0,0,1,0,0,0,0,0,0,0
interpark.com,0,0,1,2,0,0,0,0,0,1,0,0,0,0,0,0,0
extratorrent.cc,0,0,1,3,0,0,0,0,0,1,0,0,0,0,0,0,0
plarium.com,0,0,1,5,0,0,0,0,0,1,0,0,0,0,0,0,0
allrecipes.com,0,0,1,3,0,0,0,0,0,1,0,0,0,0,0,0,0
buzzfil.net,0,0,1,4,0,0,0,0,0,1,0,0,0,0,0,0,0
torcache.net,0,0,1,2,0,0,0,0,0,1,0,0,0,0,0,0,0
indianexpress.com,0,0,1,4,0,0,0,0,0,1,0,0,0,0,0,0,0
emgn.com,0,0,1,2,0,0,0,0,0,1,0,0,0,0,0,0,0
steamcommunity.com,0,0,1,8,1,0,0,0,0,1,0,0,0,0,0,0,0
babal.net,0,0,1,4,0,0,0,0,0,1,0,0,0,0,0,0,0
mic.com,0,0,1,3,0,0,0,0,0,1,0,0,0,0,0,0,0
tunein.com,0,0,1,5,0,0,0,0,0,1,0,0,0,0,0,0,0
pornsharing.com,0,0,1,1,0,0,0,0,0,1,0,0,0,0,0,0,0
xvideo-jp.com,0,0,1,4,0,0,0,1,0,1,0,0,0,0,0,0,0
torcache.net,0,0,1,2,0,0,0,0,0,1,0,0,0,0,0,0,0
hubpages.com,0,0,1,2,0,0,0,0,0,1,0,0,0,0,0,0,0
distractify.com,0,0,1,10,0,0,0,0,0,1,0,0,0,0,0,0,0
askubuntu.com,0,0,1,3,0,0,0,0,0,1,0,0,0,0,0,0,0
thenextweb.com,0,0,1,6,0,0,0,0,0,1,0,0,0,0,0,0,0
ck101.com,0,0,1,1,0,0,0,0,0,1,0,0,0,0,0,0,0
serverfault.com,0,0,1,3,0,0,0,0,0,1,0,0,0,0,0,0,0
censor.net.ua,0,0,1,3,0,0,0,0,0,1,0,0,0,0,0,0,0
genius.com,0,0,1,3,0,0,0,0,0,1,0,0,0,0,0,0,0
ringring.vn,0,0,1,1,0,0,0,0,0,1,0,0,0,0,0,0,0
olx.co.id,0,0,1,7,0,0,0,0,0,1,0,0,0,0,0,0,0
eenadu.net,0,0,1,3,0,0,0,0,0,1,0,0,0,0,0,0,0
nesn.com,0,0,1,3,0,0,0,0,0,1,0,0,0,0,0,0,0
skyrock.com,0,0,1,2,0,0,0,0,0,1,0,0,0,0,0,0,0
buzzfil.net,0,0,1,3,0,0,0,0,0,1,0,0,0,0,0,0,0
olx.in,0,0,1,3,0,0,0,0,0,1,0,0,0,0,0,0,0
torcache.net,0,0,1,2,0,0,0,0,0,1,0,0,0,0,0,0,0
thenextweb.com,0,0,1,6,0,0,0,0,0,1,0,0,0,0,0,0,0
kenh14.vn,0,0,1,2,0,0,0,0,0,1,0,0,0,0,0,0,0
putlocker.is,0,0,1,1,0,0,0,0,0,1,0,0,0,0,0,0,0
motthegioi.vn,0,0,1,3,0,0,0,0,0,1,0,0,0,0,0,0,0
io9.com,0,0,1,2,0,0,0,0,0,1,0,0,0,0,0,0,0
udn.com,0,0,1,4,0,0,0,0,0,1,0,0,0,0,0,0,0
olx.ro,0,0,1,6,0,0,0,0,0,1,0,0,0,0,0,0,0
perezhilton.com,0,0,1,1,0,0,0,0,0,1,0,0,0,0,0,0,0
olx.ua,0,0,1,3,0,0,0,0,0,1,0,0,0,0,0,0,0
sourceforge.net,0,0,1,3,0,0,0,0,0,1,0,0,0,0,0,0,0
distractify.com,0,0,1,10,0,0,0,0,0,1,0,0,0,0,0,0,0
patch.com,0,0,1,3,0,0,0,0,0,1,0,0,0,0,0,0,0
kenh14.vn,0,0,1,2,0,0,0,0,0,1,0,0,0,0,0,0,0
pelis24.com,0,0,1,2,0,0,0,0,0,1,0,0,0,0,0,0,0
1337x.to,0,0,1,3,0,0,0,0,0,1,0,0,0,0,0,0,0
torcache.net,0,0,1,2,0,0,0,0,0,1,0,0,0,0,0,0,0
zozo.jp,0,0,1,2,0,0,0,0,0,1,0,0,0,0,0,0,0
torcache.net,0,0,1,2,0,0,0,0,0,1,0,0,0,0,0,0,0
thenextweb.com,0,0,1,5,0,0,0,0,0,1,0,0,0,0,0,0,0
medium.com,0,0,1,2,0,0,0,0,0,0,0,0,0,0,0,0,0
dropbooks.tv,0,0,1,5,0,0,0,0,0,1,0,0,0,0,0,0,0
web.de,0,0,1,5,0,0,0,0,0,1,0,0,0,0,0,0,0
mic.com,0,0,1,3,0,0,0,0,0,1,0,0,0,0,0,0,0
atwiki.jp,0,0,1,2,0,0,0,0,0,1,0,0,0,0,0,0,0
kickass.to,0,0,1,1,0,0,0,0,0,1,0,0,0,0,0,0,0
interpark.com,0,0,1,2,0,0,0,0,0,1,0,0,0,0,0,0,0
distractify.com,0,0,1,10,0,0,0,0,0,1,0,0,0,0,0,0,0
sourceforge.net,0,0,1,3,0,0,0,0,0,1,0,0,0,0,0,0,0
jezebel.com,0,0,1,3,0,0,0,0,0,1,0,0,0,0,0,0,0
europa.eu,0,0,1,6,0,0,0,0,0,0,0,0,0,0,0,0,0
distractify.com,0,0,1,2,0,0,0,0,0,1,0,0,0,0,0,0,0
comicbook.com,0,0,1,5,0,0,0,0,0,1,0,0,0,0,0,0,0
espn.go.com,0,0,1,6,0,0,0,0,0,1,0,0,0,0,0,0,0
distractify.com,0,0,1,10,0,0,0,0,0,1,0,0,0,0,0,0,0
indianexpress.com,0,0,1,4,0,0,0,0,0,1,0,0,0,0,0,0,0
tinnhanh360.net,0,0,1,1,0,0,0,0,0,1,0,0,0,0,0,0,0
xossip.com,0,0,1,1,0,0,0,0,0,1,0,0,0,0,0,0,0
web.de,0,0,1,5,0,0,0,0,0,1,0,0,0,0,0,0,0
web.de,0,0,1,6,0,0,0,0,0,1,0,0,0,0,0,0,0
kienthuc.net.vn,0,0,1,2,0,0,0,0,0,1,0,0,0,0,0,0,0
correios.com.br,0,0,1,4,0,0,0,0,0,1,0,0,0,0,0,0,0
noticias.uol.com.br,0,0,1,5,0,0,0,0,0,1,0,0,0,0,0,0,0
cheezburger.com,0,0,1,2,0,0,0,0,0,1,0,0,0,0,0,0,0
stackoverflow.com,0,0,1,3,0,0,0,0,0,0,0,0,0,0,0,0,0
otomoto.pl,0,0,1,2,0,0,0,0,0,1,0,0,0,0,0,0,0
thechive.com,0,0,1,4,0,0,0,0,0,1,0,0,0,0,0,0,0
thenextweb.com,0,0,1,6,0,0,0,0,0,1,0,0,0,0,0,0,0
sberbank.ru,0,0,1,9,0,0,0,0,0,1,0,0,0,0,0,0,0
fortune.com,0,0,1,4,0,0,0,0,0,1,0,0,0,0,0,0,0
otomoto.pl,0,0,1,2,0,0,0,0,0,1,0,0,0,0,0,0,0
torcache.net,0,0,1,2,0,0,0,0,0,1,0,0,0,0,0,0,0
extratorrent.cc,0,0,1,3,0,0,0,0,0,1,0,0,0,0,0,0,0
ap.org,0,0,1,4,0,0,0,0,0,1,0,0,0,0,0,0,0
indianexpress.com,0,0,1,3,0,0,0,0,0,1,0,0,0,0,0,0,0
fanpage.gr,0,0,1,2,0,0,0,0,0,1,0,0,0,0,0,0,0
olx.in,0,0,1,1,0,0,0,0,0,1,0,0,0,0,0,0,0
motthegioi.vn,0,0,1,2,0,0,0,0,0,1,0,0,0,0,0,0,0
babal.net,0,0,1,4,0,0,0,0,0,1,0,0,0,0,0,0,0
abc.go.com,0,0,1,4,0,0,0,0,0,1,0,0,0,0,0,0,0
persianblog.ir,0,0,1,3,0,0,0,0,0,1,0,0,0,0,0,0,0
olx.co.id,0,0,1,2,0,0,0,0,0,1,0,0,0,0,0,0,0
atwiki.jp,0,0,1,2,0,0,0,0,0,1,0,0,0,0,0,0,0
grantland.com,0,0,1,2,0,0,0,0,0,1,0,0,0,0,0,0,0
techcrunch.com,0,0,1,3,0,0,0,0,0,1,0,0,0,0,0,0,0
kienthuc.net.vn,0,0,1,2,0,0,0,0,0,1,0,0,0,0,0,0,0
motthegioi.vn,0,0,1,2,0,0,0,0,0,1,0,0,0,0,0,0,0
twitter.com,0,0,1,1,0,0,0,0,0,0,0,0,0,0,0,0,0
tune.pk,0,0,1,3,0,0,0,0,0,1,0,0,0,0,0,0,0
io9.com,0,0,1,2,0,0,0,0,0,1,0,0,0,0,0,0,0
web.de,0,0,1,4,0,0,0,0,0,1,0,0,0,0,0,0,0
codecanyon.net,0,0,1,4,0,0,0,0,0,1,0,0,0,0,0,0,0
tobogo.net,0,0,1,2,0,0,0,0,0,1,0,0,0,0,0,0,0
metro.co.uk,0,0,1,4,0,0,0,0,0,1,0,0,0,0,0,0,0
mic.com,0,0,1,3,0,0,0,0,0,1,0,0,0,0,0,0,0
plarium.com,0,0,1,5,0,0,0,0,0,1,0,0,0,0,0,0,0
1337x.to,0,0,1,3,0,0,0,0,0,1,0,0,0,0,0,0,0
maybank2u.com.my,0,0,1,4,0,0,0,0,0,1,0,0,0,0,0,0,0
thenextweb.com,0,0,1,5,0,0,0,0,0,1,0,0,0,0,0,0,0
extratorrent.cc,0,0,1,3,0,0,0,0,0,1,0,0,0,0,0,0,0
twitter.com,0,0,1,1,0,0,0,0,0,0,0,0,0,0,0,0,0
1337x.to,0,0,1,3,0,0,0,0,0,1,0,0,0,0,0,0,0
bigcinema.tv,0,0,1,2,0,0,0,0,0,1,0,0,0,0,0,0,0
prezi.com,0,0,1,4,0,0,0,0,0,1,0,0,0,0,0,0,0
censor.net.ua,0,0,1,3,0,0,0,0,0,1,0,0,0,0,0,0,0
kickass.to,0,0,1,1,0,0,0,0,0,1,0,0,0,0,0,0,0
tunein.com,0,0,1,5,0,0,0,0,0,1,0,0,0,0,0,0,0
extratorrent.cc,0,0,1,3,0,0,0,0,0,1,0,0,0,0,0,0,0
otomoto.pl,0,0,1,3,0,0,0,0,0,1,0,0,0,0,0,0,0
babal.net,0,0,1,4,0,0,0,0,0,1,0,0,0,0,0,0,0
bleacherreport.com,0,0,1,2,0,0,0,0,0,1,0,0,0,0,0,0,0
kotaku.com,0,0,1,1,0,0,0,0,0,1,0,0,0,0,0,0,0
giphy.com,0,0,1,2,1,0,0,0,0,1,0,0,0,0,0,0,0
archive.org,0,0,1,1,0,0,0,0,0,1,0,0,0,0,0,0,0
themeforest.net,0,0,1,1,0,0,0,0,0,1,0,0,0,0,0,0,0
digg.com,0,0,1,2,0,0,0,0,0,1,0,0,0,0,0,0,0
thenextweb.com,0,0,1,6,0,0,0,0,0,1,0,0,0,0,0,0,0
pikabu.ru,0,0,1,2,0,0,0,0,0,1,0,0,0,0,0,0,0
extratorrent.cc,0,0,1,3,0,0,0,0,0,1,0,0,0,0,0,0,0
pitchfork.com,0,0,1,3,0,0,0,0,0,1,0,0,0,0,0,0,0
onedio.com,0,0,1,2,0,0,0,0,0,1,0,0,0,0,0,0,0
gizmodo.com,0,0,1,2,0,0,0,0,0,1,0,0,0,0,0,0,0
deadspin.com,0,0,1,3,0,0,0,0,0,1,0,0,0,0,0,0,0
olx.ro,0,0,1,7,0,0,0,0,0,1,0,0,0,0,0,0,0
thenextweb.com,0,0,1,7,0,0,0,0,0,1,0,0,0,0,0,0,0
mic.com,0,0,1,3,0,0,0,0,0,1,0,0,0,0,0,0,0
codecanyon.net,0,0,1,4,0,0,0,0,0,1,0,0,0,0,0,0,0
olx.in,0,0,1,3,0,0,0,0,0,1,0,0,0,0,0,0,0
udn.com,0,0,1,4,0,0,0,0,0,1,0,0,0,0,0,0,0
indianexpress.com,0,0,1,4,0,0,0,0,0,1,0,0,0,0,0,0,0
genius.com,0,0,1,3,0,0,0,0,0,1,0,0,0,0,0,0,0
maybank2u.com.my,0,0,1,4,0,0,0,0,0,1,0,0,0,0,0,0,0
ringring.vn,0,0,1,1,0,0,0,0,0,1,0,0,0,0,0,0,0
twitter.com,0,0,1,1,0,0,0,0,0,0,0,0,0,0,0,0,0
tinnhanh360.net,0,0,1,1,0,0,0,0,0,1,0,0,0,0,0,0,0
pornsharing.com,0,0,1,1,0,0,0,0,0,1,0,0,0,0,0,0,0
thechive.com,0,0,1,4,0,0,0,0,0,1,0,0,0,0,0,0,0
extratorrent.cc,0,0,1,3,0,0,0,0,0,1,0,0,0,0,0,0,0
extratorrent.cc,0,0,1,3,0,0,0,0,0,1,0,0,0,0,0,0,0
kakaku.com,0,0,1,6,0,0,0,0,0,1,0,0,0,0,0,0,0
megogo.net,0,0,1,3,0,0,0,0,0,1,0,0,0,0,0,0,0
bleacherreport.com,0,0,1,2,0,0,0,0,0,1,0,0,0,0,0,0,0
foursquare.com,0,0,1,3,0,0,0,0,0,1,0,0,0,0,0,0,0
twitter.com,0,0,1,1,0,0,0,0,0,0,0,0,0,0,0,0,0
steamcommunity.com,0,0,1,6,1,0,0,0,0,1,0,0,0,0,0,0,0
web.de,0,0,1,5,0,0,0,0,0,1,0,0,0,0,0,0,0
olx.ua,0,0,1,4,0,0,0,0,0,1,0,0,0,0,0,0,0
correios.com.br,0,0,1,6,0,0,0,0,0,1,0,0,0,0,0,0,0
bdnews24.com,0,0,1,5,0,0,0,0,0,1,0,0,0,0,0,0,0
superuser.com,0,0,1,3,0,0,0,0,0,1,0,0,0,0,0,0,0
censor.net.ua,0,0,1,3,0,0,0,0,0,1,0,0,0,0,0,0,0
babal.net,0,0,1,4,0,0,0,0,0,1,0,0,0,0,0,0,0
extratorrent.cc,0,0,1,3,0,0,0,0,0,1,0,0,0,0,0,0,0
olx.ua,0,0,1,3,0,0,0,0,0,1,0,0,0,0,0,0,0
correios.com.br,0,0,1,5,0,0,0,0,0,1,0,0,0,0,0,0,0
askubuntu.com,0,0,1,3,0,0,0,0,0,1,0,0,0,0,0,0,0
nguyentandung.org,0,0,1,1,0,0,0,0,0,1,0,0,0,0,0,0,0
olx.ro,0,0,1,7,0,0,0,0,0,1,0,0,0,0,0,0,0
serverfault.com,0,0,1,3,0,0,0,0,0,1,0,0,0,0,0,0,0
yourlust.com,0,0,1,2,0,0,0,0,0,1,0,0,0,0,0,0,0
allegro.pl,0,0,1,2,0,0,0,0,0,1,0,0,0,0,0,0,0
ecnavi.jp,0,0,1,1,1,0,0,0,0,1,0,0,0,0,0,0,0
olx.in,0,0,1,3,0,0,0,0,0,1,0,0,0,0,0,0,0
distractify.com,0,0,1,2,0,0,0,0,0,1,0,0,0,0,0,0,0
allegro.pl,0,0,1,2,0,0,0,0,0,1,0,0,0,0,0,0,0
buzzfil.net,0,0,1,3,0,0,0,0,0,1,0,0,0,0,0,0,0
searchengineland.com,0,0,1,1,0,0,0,0,0,1,0,0,0,0,0,0,0
hubpages.com,0,0,1,2,0,0,0,0,0,1,0,0,0,0,0,0,0
censor.net.ua,0,0,1,14,0,0,0,0,0,1,0,0,0,0,0,0,0
xhamster.com,0,0,1,3,0,0,0,0,0,1,0,0,0,0,0,0,0
depositphotos.com,0,0,1,2,0,0,0,0,0,1,0,0,0,0,0,0,0
serverfault.com,0,0,1,3,0,0,0,0,0,1,0,0,0,0,0,0,0
mic.com,0,0,1,3,0,0,0,0,0,1,0,0,0,0,0,0,0
tobogo.net,0,0,1,2,0,0,0,0,0,1,0,0,0,0,0,0,0
seekingalpha.com,0,0,1,2,0,0,0,0,0,1,0,0,0,0,0,0,0
hubpages.com,0,0,1,2,0,0,0,0,0,1,0,0,0,0,0,0,0
askubuntu.com,0,0,1,3,0,0,0,0,0,1,0,0,0,0,0,0,0
torcache.net,0,0,1,2,0,0,0,0,0,1,0,0,0,0,0,0,0
extratorrent.cc,0,0,1,3,0,0,0,0,0,1,0,0,0,0,0,0,0
nguyentandung.org,0,0,1,1,0,0,0,0,0,1,0,0,0,0,0,0,0
distractify.com,0,0,1,10,0,0,0,0,0,1,0,0,0,0,0,0,0
mic.com,0,0,1,3,0,0,0,0,0,1,0,0,0,0,0,0,0
bigcinema.tv,0,0,1,2,0,0,0,0,0,1,0,0,0,0,0,0,0
tobogo.net,0,0,1,2,0,0,0,0,0,1,0,0,0,0,0,0,0
distractify.com,0,0,1,10,0,0,0,0,0,1,0,0,0,0,0,0,0
buzzfil.net,0,0,1,4,0,0,0,0,0,1,0,0,0,0,0,0,0
udn.com,0,0,1,4,0,0,0,0,0,1,0,0,0,0,0,0,0
fazenda.gov.br,0,0,1,5,0,0,0,0,0,1,0,0,0,0,0,0,0
elitedaily.com,0,0,1,4,0,0,0,0,0,1,0,0,0,0,0,0,0
bestblackhatforum.com,0,0,1,1,0,0,0,0,0,1,0,0,0,0,0,0,0
jezebel.com,0,0,1,2,0,0,0,0,0,1,0,0,0,0,0,0,0
elitedaily.com,0,0,1,4,0,0,0,0,0,1,0,0,0,0,0,0,0
bleacherreport.com,0,0,1,2,0,0,0,0,0,1,0,0,0,0,0,0,0
kienthuc.net.vn,0,0,1,2,0,0,0,0,0,1,0,0,0,0,0,0,0
mylust.com,0,0,1,3,0,0,0,0,0,1,0,0,0,0,0,0,0
buzzfil.net,0,0,1,4,0,0,0,0,0,1,0,0,0,0,0,0,0
jezebel.com,0,0,1,2,0,0,0,0,0,1,0,0,0,0,0,0,0
olx.ua,0,0,1,2,0,0,0,0,0,1,0,0,0,0,0,0,0
auto.ru,0,0,1,4,0,0,0,0,0,1,0,0,0,0,0,0,0
interpark.com,0,0,1,2,0,0,0,0,0,1,0,0,0,0,0,0,0
katproxy.com,0,0,1,1,0,0,0,0,0,1,0,0,0,0,0,0,0
himado.in,0,0,1,0,0,0,0,0,0,1,0,0,0,0,0,0,0
uproxx.com,0,0,1,4,0,0,0,0,0,1,0,0,0,0,0,0,0
torcache.net,0,0,1,2,0,0,0,0,0,1,0,0,0,0,0,0,0
torcache.net,0,0,1,2,0,0,0,0,0,1,0,0,0,0,0,0,0
superuser.com,0,0,1,3,0,0,0,0,0,1,0,0,0,0,0,0,0
sourceforge.net,0,0,1,3,0,0,0,0,0,1,0,0,0,0,0,0,0
qz.com,0,0,1,2,0,0,0,0,0,1,0,0,0,0,0,0,0
extratorrent.cc,0,0,1,3,0,0,0,0,0,1,0,0,0,0,0,0,0
kenh14.vn,0,0,1,2,0,0,0,0,0,1,0,0,0,0,0,0,0
superuser.com,0,0,1,3,0,0,0,0,0,1,0,0,0,0,0,0,0
deadspin.com,0,0,1,1,0,0,0,0,0,1,0,0,0,0,0,0,0
olx.ro,0,0,1,7,0,0,0,0,0,1,0,0,0,0,0,0,0
caixa.gov.br,0,0,1,3,0,0,0,0,0,1,0,0,0,0,0,0,0
pornsharing.com,0,0,1,1,0,0,0,0,0,1,0,0,0,0,0,0,0
thenextweb.com,0,0,1,6,0,0,0,0,0,1,0,0,0,0,0,0,0
serverfault.com,0,0,1,3,0,0,0,0,0,1,0,0,0,0,0,0,0
otomoto.pl,0,0,1,4,0,0,0,0,0,1,0,0,0,0,0,0,0
techcrunch.com,0,0,1,4,0,0,0,0,0,1,0,0,0,0,0,0,0
mashable.com,0,0,1,6,0,0,0,0,0,1,0,0,0,0,0,0,0
otomoto.pl,0,0,1,2,0,0,0,0,0,1,0,0,0,0,0,0,0
tobogo.net,0,0,1,2,0,0,0,0,0,1,0,0,0,0,0,0,0
arstechnica.com,0,0,1,4,0,0,0,0,0,1,0,0,0,0,0,0,0
nesn.com,0,0,1,3,0,0,0,0,0,1,0,0,0,0,0,0,0
censor.net.ua,0,0,1,3,0,0,0,0,0,1,0,0,0,0,0,0,0
emgn.com,0,0,1,2,0,0,0,0,0,1,0,0,0,0,0,0,0
bdnews24.com,0,0,1,5,0,0,0,0,0,1,0,0,0,0,0,0,0
torcache.net,0,0,1,2,0,0,0,0,0,1,0,0,0,0,0,0,0
zozo.jp,0,0,1,2,0,0,0,0,0,1,0,0,0,0,0,0,0
thenextweb.com,0,0,1,5,0,0,0,0,0,1,0,0,0,0,0,0,0
codecanyon.net,0,0,1,4,0,0,0,0,0,1,0,0,0,0,0,0,0
thenextweb.com,0,0,1,6,0,0,0,0,0,1,0,0,0,0,0,0,0
otomoto.pl,0,0,1,2,0,0,0,0,0,1,0,0,0,0,0,0,0
sourceforge.net,0,0,1,6,0,0,0,0,0,1,0,0,0,0,0,0,0
themeforest.net,0,0,1,4,0,0,0,0,0,1,0,0,0,0,0,0,0
momoshop.com.tw,0,0,1,2,0,0,0,0,0,1,0,0,0,0,0,0,0
comicbook.com,0,0,1,4,0,0,0,0,0,1,0,0,0,0,0,0,0
hdfcbank.com,0,0,1,5,0,0,0,0,0,1,0,0,0,0,0,0,0
comicbook.com,0,0,1,3,0,0,0,0,0,1,0,0,0,0,0,0,0
noticias.uol.com.br,0,0,1,6,0,0,0,0,0,1,0,0,0,0,0,0,0
bestblackhatforum.com,0,0,1,1,0,0,0,0,0,1,0,0,0,0,0,0,0
codecanyon.net,0,0,1,4,0,0,0,0,0,1,0,0,0,0,0,0,0
cheezburger.com,0,0,1,2,0,0,0,0,0,1,0,0,0,0,0,0,0
web.tv,0,0,1,8,0,0,0,0,0,1,0,0,0,0,0,0,0
kienthuc.net.vn,0,0,1,2,0,0,0,0,0,1,0,0,0,0,0,0,0
ap.org,0,0,1,4,0,0,0,0,0,1,0,0,0,0,0,0,0
plarium.com,0,0,1,5,0,0,0,0,0,1,0,0,0,0,0,0,0
pelis24.com,0,0,1,2,0,0,0,0,0,1,0,0,0,0,0,0,0
tunein.com,0,0,1,5,0,0,0,0,0,1,0,0,0,0,0,0,0
pornsharing.com,0,0,1,1,0,0,0,0,0,1,0,0,0,0,0,0,0
auto.ru,0,0,1,4,0,0,0,0,0,1,0,0,0,0,0,0,0
torcache.net,0,0,1,2,0,0,0,0,0,1,0,0,0,0,0,0,0
elitedaily.com,0,0,1,4,0,0,0,0,0,1,0,0,0,0,0,0,0
askubuntu.com,0,0,1,3,0,0,0,0,0,1,0,0,0,0,0,0,0
ap.org,0,0,1,4,0,0,0,0,0,1,0,0,0,0,0,0,0
mylust.com,0,0,1,3,0,0,0,0,0,1,0,0,0,0,0,0,0
pikabu.ru,0,0,1,2,0,0,0,0,0,1,0,0,0,0,0,0,0
dantri.com.vn,0,0,1,2,0,0,0,0,0,1,0,0,0,0,0,0,0
medium.com,0,0,1,2,0,0,0,0,0,0,0,0,0,0,0,0,0
emgn.com,0,0,1,2,0,0,0,0,0,1,0,0,0,0,0,0,0
torrentdn.com,0,0,1,2,0,0,0,0,0,1,0,0,0,0,0,0,0
extratorrent.cc,0,0,1,3,0,0,0,0,0,1,0,0,0,0,0,0,0
bdnews24.com,0,0,1,5,0,0,0,0,0,1,0,0,0,0,0,0,0
maybank2u.com.my,0,0,1,4,0,0,0,0,0,1,0,0,0,0,0,0,0
avxhome.se,0,0,1,3,0,0,0,0,0,1,0,0,0,0,0,0,0
thenextweb.com,0,0,1,7,0,0,0,0,0,1,0,0,0,0,0,0,0
syosetu.com,0,0,1,3,0,0,0,0,0,1,0,0,0,0,0,0,0
atwiki.jp,0,0,1,2,0,0,0,0,0,1,0,0,0,0,0,0,0
plarium.com,0,0,1,5,0,0,0,0,0,1,0,0,0,0,0,0,0
mixi.jp,0,0,1,1,1,0,0,0,0,1,0,0,0,0,0,0,0
olx.pl,0,0,1,3,0,0,0,0,0,1,0,0,0,0,0,0,0
torcache.net,0,0,1,2,0,0,0,0,0,1,0,0,0,0,0,0,0
searchengineland.com,0,0,1,1,0,0,0,0,0,1,0,0,0,0,0,0,0
extratorrent.cc,0,0,1,3,0,0,0,0,0,1,0,0,0,0,0,0,0
twitter.com,0,0,1,1,0,0,0,0,0,0,0,0,0,0,0,0,0
tune.pk,0,0,1,3,0,0,0,0,0,1,0,0,0,0,0,0,0
variety.com,0,0,1,8,0,0,0,0,0,1,0,0,0,0,0,0,0
prezi.com,0,0,1,4,0,0,0,0,0,1,0,0,0,0,0,0,0
allegro.pl,0,0,1,2,0,0,0,0,0,1,0,0,0,0,0,0,0
babal.net,0,0,1,4,0,0,0,0,0,1,0,0,0,0,0,0,0
otomoto.pl,0,0,1,4,0,0,0,0,0,1,0,0,0,0,0,0,0
stackoverflow.com,0,0,1,3,0,0,0,0,0,0,0,0,0,0,0,0,0
seasonvar.ru,0,0,1,1,0,0,0,0,0,1,0,0,0,0,0,0,0
thenextweb.com,0,0,1,6,0,0,0,0,0,1,0,0,0,0,0,0,0
kienthuc.net.vn,0,0,1,2,0,0,0,0,0,1,0,0,0,0,0,0,0
sourceforge.net,0,0,1,2,0,0,0,0,0,1,0,0,0,0,0,0,0
kakaku.com,0,0,1,6,0,0,0,0,0,1,0,0,0,0,0,0,0
medium.com,0,0,1,2,0,0,0,0,0,0,0,0,0,0,0,0,0
elitedaily.com,0,0,1,3,0,0,0,0,0,1,0,0,0,0,0,0,0
ringring.vn,0,0,1,1,0,0,0,0,0,1,0,0,0,0,0,0,0
zozo.jp,0,0,1,2,0,0,0,0,0,1,0,0,0,0,0,0,0
ifttt.com,0,0,1,2,0,0,0,0,0,1,0,0,0,0,0,0,0
twitter.com,0,0,1,1,0,0,0,0,0,0,0,0,0,0,0,0,0
olx.ro,0,0,1,6,0,0,0,0,0,1,0,0,0,0,0,0,0
distractify.com,0,0,1,10,0,0,0,0,0,1,0,0,0,0,0,0,0
techcrunch.com,0,0,1,4,0,0,0,0,0,1,0,0,0,0,0,0,0
elitedaily.com,0,0,1,4,0,0,0,0,0,1,0,0,0,0,0,0,0
qz.com,0,0,1,2,0,0,0,0,0,1,0,0,0,0,0,0,0
olx.ua,0,0,1,3,0,0,0,0,0,1,0,0,0,0,0,0,0
plarium.com,0,0,1,5,0,0,0,0,0,1,0,0,0,0,0,0,0
mashable.com,0,0,1,6,0,0,0,0,0,1,0,0,0,0,0,0,0
emgn.com,0,0,1,2,0,0,0,0,0,1,0,0,0,0,0,0,0
udn.com,0,0,1,4,0,0,0,0,0,1,0,0,0,0,0,0,0
udn.com,0,0,1,4,0,0,0,0,0,1,0,0,0,0,0,0,0
pikabu.ru,0,0,1,3,0,0,0,0,0,1,0,0,0,0,0,0,0
torcache.net,0,0,1,2,0,0,0,0,0,1,0,0,0,0,0,0,0
torcache.net,0,0,1,2,0,0,0,0,0,1,0,0,0,0,0,0,0
motthegioi.vn,0,0,1,2,0,0,0,0,0,1,0,0,0,0,0,0,0
web.de,0,0,1,5,0,0,0,0,0,1,0,0,0,0,0,0,0
extratorrent.cc,0,0,1,3,0,0,0,0,0,1,0,0,0,0,0,0,0
olx.in,0,0,1,3,0,0,0,0,0,1,0,0,0,0,0,0,0
censor.net.ua,0,0,1,14,0,0,0,0,0,1,0,0,0,0,0,0,0
ap.org,0,0,1,4,0,0,0,0,0,1,0,0,0,0,0,0,0
torrentdn.com,0,0,1,2,0,0,0,0,0,1,0,0,0,0,0,0,0
stackoverflow.com,0,0,1,3,0,0,0,0,0,0,0,0,0,0,0,0,0
emgn.com,0,0,1,2,0,0,0,0,0,1,0,0,0,0,0,0,0
caixa.gov.br,0,0,1,5,0,0,0,0,0,1,0,0,0,0,0,0,0
distractify.com,0,0,1,10,0,0,0,0,0,1,0,0,0,0,0,0,0
kenh14.vn,0,0,1,2,0,0,0,0,0,1,0,0,0,0,0,0,0
distractify.com,0,0,1,10,0,0,0,0,0,1,0,0,0,0,0,0,0
distractify.com,0,0,1,10,0,0,0,0,0,1,0,0,0,0,0,0,0
jezebel.com,0,0,1,2,0,0,0,0,0,1,0,0,0,0,0,0,0
torcache.net,0,0,1,2,0,0,0,0,0,1,0,0,0,0,0,0,0
metro.co.uk,0,0,1,4,0,0,0,0,0,1,0,0,0,0,0,0,0
hdfcbank.com,0,0,1,5,0,0,0,0,0,1,0,0,0,0,0,0,0
motthegioi.vn,0,0,1,3,0,0,0,0,0,1,0,0,0,0,0,0,0
superuser.com,0,0,1,3,0,0,0,0,0,1,0,0,0,0,0,0,0
distractify.com,0,0,1,10,0,0,0,0,0,1,0,0,0,0,0,0,0
extratorrent.cc,0,0,1,3,0,0,0,0,0,1,0,0,0,0,0,0,0
mylust.com,0,0,1,3,0,0,0,0,0,1,0,0,0,0,0,0,0
medium.com,0,0,1,2,0,0,0,0,0,0,0,0,0,0,0,0,0
olx.ro,0,0,1,4,0,0,0,0,0,1,0,0,0,0,0,0,0
censor.net.ua,0,0,1,3,0,0,0,0,0,1,0,0,0,0,0,0,0
ringring.vn,0,0,1,1,0,0,0,0,0,1,0,0,0,0,0,0,0
motthegioi.vn,0,0,1,3,0,0,0,0,0,1,0,0,0,0,0,0,0
themeforest.net,0,0,1,4,0,0,0,0,0,1,0,0,0,0,0,0,0
olx.ua,0,0,1,3,0,0,0,0,0,1,0,0,0,0,0,0,0
elitedaily.com,0,0,1,4,0,0,0,0,0,1,0,0,0,0,0,0,0
extratorrent.cc,0,0,1,3,0,0,0,0,0,1,0,0,0,0,0,0,0
censor.net.ua,0,0,1,3,0,0,0,0,0,1,0,0,0,0,0,0,0
hollywoodlife.com,0,0,1,4,0,0,0,0,0,1,0,0,0,0,0,0,0
motthegioi.vn,0,0,1,3,0,0,0,0,0,1,0,0,0,0,0,0,0
tobogo.net,0,0,1,2,0,0,0,0,0,1,0,0,0,0,0,0,0
extratorrent.cc,0,0,1,3,0,0,0,0,0,1,0,0,0,0,0,0,0
wmaraci.com,0,0,1,3,0,0,0,0,0,1,0,0,0,0,0,0,0
bestblackhatforum.com,0,0,1,1,0,0,0,0,0,1,0,0,0,0,0,0,0
onedio.com,0,0,1,2,0,0,0,0,0,1,0,0,0,0,0,0,0
olx.co.id,0,0,1,7,0,0,0,0,0,1,0,0,0,0,0,0,0
babal.net,0,0,1,4,0,0,0,0,0,1,0,0,0,0,0,0,0
emgn.com,0,0,1,2,0,0,0,0,0,1,0,0,0,0,0,0,0
thenextweb.com,0,0,1,5,0,0,0,0,0,1,0,0,0,0,0,0,0
hubpages.com,0,0,1,2,0,0,0,0,0,1,0,0,0,0,0,0,0
hollywoodlife.com,0,0,1,4,0,0,0,0,0,1,0,0,0,0,0,0,0
xhamster.com,0,0,1,3,0,0,0,0,0,1,0,0,0,0,0,0,0
mic.com,0,0,1,3,0,0,0,0,0,1,0,0,0,0,0,0,0
motthegioi.vn,0,0,1,2,0,0,0,0,0,1,0,0,0,0,0,0,0
nguyentandung.org,0,0,1,1,0,0,0,0,0,1,0,0,0,0,0,0,0
maybank2u.com.my,0,0,1,4,0,0,0,0,0,1,0,0,0,0,0,0,0
kenh14.vn,0,0,1,2,0,0,0,0,0,1,0,0,0,0,0,0,0
bestblackhatforum.com,0,0,1,1,0,0,0,0,0,1,0,0,0,0,0,0,0
allrecipes.com,0,0,1,4,0,0,0,0,0,1,0,0,0,0,0,0,0
bigcinema.tv,0,0,1,2,0,0,0,0,0,1,0,0,0,0,0,0,0
thenextweb.com,0,0,1,5,0,0,0,0,0,1,0,0,0,0,0,0,0
jezebel.com,0,0,1,2,0,0,0,0,0,1,0,0,0,0,0,0,0
torcache.net,0,0,1,2,0,0,0,0,0,1,0,0,0,0,0,0,0
irecommend.ru,0,0,1,2,0,0,0,0,0,1,0,0,0,0,0,0,0
stackoverflow.com,0,0,1,3,0,0,0,0,0,0,0,0,0,0,0,0,0
kienthuc.net.vn,0,0,1,2,0,0,0,0,0,1,0,0,0,0,0,0,0
kenh14.vn,0,0,1,2,0,0,0,0,0,1,0,0,0,0,0,0,0
clien.net,0,0,1,3,0,0,0,0,0,1,0,0,0,0,0,0,0
tunein.com,0,0,1,5,0,0,0,0,0,1,0,0,0,0,0,0,0
udn.com,0,0,1,4,0,0,0,0,0,1,0,0,0,0,0,0,0
deadspin.com,0,0,1,1,0,0,0,0,0,1,0,0,0,0,0,0,0
tinnhanh360.net,0,0,1,1,0,0,0,0,0,1,0,0,0,0,0,0,0
thenextweb.com,0,0,1,6,0,0,0,0,0,1,0,0,0,0,0,0,0
momoshop.com.tw,0,0,1,2,0,0,0,0,0,1,0,0,0,0,0,0,0
gtbank.com,0,0,1,5,0,0,0,0,0,1,0,0,0,0,0,0,0
moz.com,0,0,1,2,0,0,0,0,0,1,0,0,0,0,0,0,0
mashable.com,0,0,1,6,0,0,0,0,0,1,0,0,0,0,0,0,0
momoshop.com.tw,0,0,1,2,0,0,0,0,0,1,0,0,0,0,0,0,0
ap.org,0,0,1,4,0,0,0,0,0,1,0,0,0,0,0,0,0
skyrock.com,0,0,1,1,0,0,0,0,0,1,0,0,0,0,0,0,0
indianexpress.com,0,0,1,4,0,0,0,0,0,1,0,0,0,0,0,0,0
ecnavi.jp,0,0,1,1,1,0,0,0,0,1,0,0,0,0,0,0,0
momoshop.com.tw,0,0,1,2,0,0,0,0,0,1,0,0,0,0,0,0,0
uproxx.com,0,0,1,4,0,0,0,0,0,1,0,0,0,0,0,0,0
steamcommunity.com,0,0,1,5,0,0,0,0,0,1,0,0,0,0,0,0,0
medium.com,0,0,1,2,0,0,0,0,0,0,0,0,0,0,0,0,0
thenextweb.com,0,0,1,6,0,0,0,0,0,1,0,0,0,0,0,0,0
indianexpress.com,0,0,1,4,0,0,0,0,0,1,0,0,0,0,0,0,0
spankbang.com,0,0,1,3,0,0,0,0,0,1,0,0,0,0,0,0,0
thenextweb.com,0,0,1,6,0,0,0,0,0,1,0,0,0,0,0,0,0
distractify.com,0,0,1,10,0,0,0,0,0,1,0,0,0,0,0,0,0
yourlust.com,0,0,1,2,0,0,0,0,0,1,0,0,0,0,0,0,0
bmi.ir,0,0,1,2,0,0,0,0,0,1,0,0,0,0,0,0,0
olx.ro,0,0,1,5,0,0,0,0,0,1,0,0,0,0,0,0,0
esporte.uol.com.br,0,0,1,6,0,0,0,0,0,1,0,0,0,0,0,0,0
ap.org,0,0,1,4,0,0,0,0,0,1,0,0,0,0,0,0,0
icicibank.com,0,0,1,6,0,0,0,0,0,1,0,0,0,0,0,0,0
torrentdn.com,0,0,1,2,0,0,0,0,0,1,0,0,0,0,0,0,0
mirtesen.ru,0,0,1,1,0,0,0,0,0,1,0,0,0,0,0,0,0
plarium.com,0,0,1,5,0,0,0,0,0,1,0,0,0,0,0,0,0
indianexpress.com,0,0,1,4,0,0,0,0,0,1,0,0,0,0,0,0,0
correios.com.br,0,0,1,4,0,0,0,0,0,1,0,0,0,0,0,0,0
pikabu.ru,0,0,1,3,0,0,0,0,0,1,0,0,0,0,0,0,0
dantri.com.vn,0,0,1,2,0,0,0,0,0,1,0,0,0,0,0,0,0
tunein.com,0,0,1,5,0,0,0,0,0,1,0,0,0,0,0,0,0
genius.com,0,0,1,3,0,0,0,0,0,1,0,0,0,0,0,0,0
gizmodo.com,0,0,1,2,0,0,0,0,0,1,0,0,0,0,0,0,0
otomoto.pl,0,0,1,2,0,0,0,0,0,1,0,0,0,0,0,0,0
askubuntu.com,0,0,1,3,0,0,0,0,0,1,0,0,0,0,0,0,0
deadspin.com,0,0,1,1,0,0,0,0,0,1,0,0,0,0,0,0,0
correios.com.br,0,0,1,4,0,0,0,0,0,1,0,0,0,0,0,0,0
allegro.pl,0,0,1,2,0,0,0,0,0,1,0,0,0,0,0,0,0
babal.net,0,0,1,3,0,0,0,0,0,1,0,0,0,0,0,0,0
smallseotools.com,0,0,1,2,0,0,0,0,0,1,0,0,0,0,0,0,0
correios.com.br,0,0,1,4,0,0,0,0,0,1,0,0,0,0,0,0,0
superuser.com,0,0,1,3,0,0,0,0,0,1,0,0,0,0,0,0,0
tinnhanh360.net,0,0,1,1,0,0,0,0,0,1,0,0,0,0,0,0,0
plarium.com,0,0,1,5,0,0,0,0,0,1,0,0,0,0,0,0,0
tune.pk,0,0,1,3,0,0,0,0,0,1,0,0,0,0,0,0,0
torcache.net,0,0,1,2,0,0,0,0,0,1,0,0,0,0,0,0,0
ap.org,0,0,1,4,0,0,0,0,0,1,0,0,0,0,0,0,0
tinnhanh360.net,0,0,1,1,0,0,0,0,0,1,0,0,0,0,0,0,0
qz.com,0,0,1,2,0,0,0,0,0,1,0,0,0,0,0,0,0
interpark.com,0,0,1,2,0,0,0,0,0,1,0,0,0,0,0,0,0
medium.com,0,0,1,2,0,0,0,0,0,0,0,0,0,0,0,0,0
irecommend.ru,0,0,1,2,0,0,0,0,0,1,0,0,0,0,0,0,0
elitedaily.com,0,0,1,4,0,0,0,0,0,1,0,0,0,0,0,0,0
udn.com,0,0,1,4,0,0,0,0,0,1,0,0,0,0,0,0,0
plarium.com,0,0,1,5,0,0,0,0,0,1,0,0,0,0,0,0,0
tunein.com,0,0,1,6,0,0,0,0,0,1,0,0,0,0,0,0,0
deadspin.com,0,0,1,2,0,0,0,0,0,1,0,0,0,0,0,0,0
tunein.com,0,0,1,5,0,0,0,0,0,1,0,0,0,0,0,0,0
motthegioi.vn,0,0,1,2,0,0,0,0,0,1,0,0,0,0,0,0,0
otomoto.pl,0,0,1,4,0,0,0,0,0,1,0,0,0,0,0,0,0
allegro.pl,0,0,1,2,0,0,0,0,0,1,0,0,0,0,0,0,0
variety.com,0,0,1,4,0,0,0,0,0,1,0,0,0,0,0,0,0
thenextweb.com,0,0,1,6,0,0,0,0,0,1,0,0,0,0,0,0,0
olx.ua,0,0,1,3,0,0,0,0,0,1,0,0,0,0,0,0,0
censor.net.ua,0,0,1,3,0,0,0,0,0,1,0,0,0,0,0,0,0
elevenia.co.id,0,0,1,3,0,0,0,0,0,1,0,0,0,0,0,0,0
rocketnews24.com,0,0,1,2,0,0,0,0,0,1,0,0,0,0,0,0,0
atwiki.jp,0,0,1,2,0,0,0,0,0,1,0,0,0,0,0,0,0
chaturbate.com,0,0,1,3,0,0,0,0,0,1,0,0,0,0,0,0,0
nesn.com,0,0,1,3,0,0,0,0,0,1,0,0,0,0,0,0,0
paytm.com,0,0,1,2,0,0,0,0,0,1,0,0,0,0,0,0,0
indianexpress.com,0,0,1,4,0,0,0,0,0,1,0,0,0,0,0,0,0
uproxx.com,0,0,1,4,0,0,0,0,0,1,0,0,0,0,0,0,0
depositphotos.com,0,0,1,1,0,0,0,0,0,1,0,0,0,0,0,0,0
babal.net,0,0,1,4,0,0,0,0,0,1,0,0,0,0,0,0,0
medium.com,0,1,1,2,0,0,0,0,0,0,0,0,0,0,0,0,0
sfglobe.com,0,0,1,4,0,0,0,0,0,1,0,0,0,0,0,0,0
correios.com.br,0,0,1,4,0,0,0,0,0,1,0,0,0,0,0,0,0
emgn.com,0,0,1,2,0,0,0,0,0,1,0,0,0,0,0,0,0
pikabu.ru,0,0,1,3,0,0,0,0,0,1,0,0,0,0,0,0,0
extratorrent.cc,0,0,1,3,0,0,0,0,0,1,0,0,0,0,0,0,0
codecanyon.net,0,0,1,4,0,0,0,0,0,1,0,0,0,0,0,0,0
buzzfil.net,0,0,1,4,0,0,0,0,0,1,0,0,0,0,0,0,0
olx.ua,0,0,1,3,0,0,0,0,0,1,0,0,0,0,0,0,0
seekingalpha.com,0,0,1,2,0,0,0,0,0,1,0,0,0,0,0,0,0
mylust.com,0,0,1,3,0,0,0,0,0,1,0,0,0,0,0,0,0
motthegioi.vn,0,0,1,2,0,0,0,0,0,1,0,0,0,0,0,0,0
eenadu.net,0,0,1,3,0,0,0,0,0,1,0,0,0,0,0,0,0
otomoto.pl,0,0,1,2,0,0,0,0,0,1,0,0,0,0,0,0,0
olx.ua,0,0,1,4,0,0,0,0,0,1,0,0,0,0,0,0,0
babal.net,0,0,1,4,0,0,0,0,0,1,0,0,0,0,0,0,0
distractify.com,0,0,1,10,0,0,0,0,0,1,0,0,0,0,0,0,0
bgr.com,0,0,1,4,0,0,0,0,0,1,0,0,0,0,0,0,0
thenextweb.com,0,0,1,7,0,0,0,0,0,1,0,0,0,0,0,0,0
interpark.com,0,0,1,2,0,0,0,0,0,1,0,0,0,0,0,0,0
babal.net,0,0,1,4,0,0,0,0,0,1,0,0,0,0,0,0,0
fanpage.gr,0,0,1,3,0,0,0,0,0,1,0,0,0,0,0,0,0
kotaku.com,0,0,1,2,0,0,0,0,0,1,0,0,0,0,0,0,0
rt.com,0,0,1,3,0,0,0,0,0,1,0,0,0,0,0,0,0
plarium.com,0,0,1,5,0,0,0,0,0,1,0,0,0,0,0,0,0
pinterest.com,0,0,1,3,1,0,0,0,0,0,0,0,0,0,0,0,0
thechive.com,0,0,1,4,0,0,0,0,0,1,0,0,0,0,0,0,0
olx.co.id,0,0,1,7,0,0,0,0,0,1,0,0,0,0,0,0,0
techcrunch.com,0,0,1,4,0,0,0,0,0,1,0,0,0,0,0,0,0
torcache.net,0,0,1,2,0,0,0,0,0,1,0,0,0,0,0,0,0
mashable.com,0,0,1,6,0,0,0,0,0,1,0,0,0,0,0,0,0
ecnavi.jp,0,0,1,1,1,0,0,0,0,1,0,0,0,0,0,0,0
correios.com.br,0,0,1,3,0,0,0,0,0,1,0,0,0,0,0,0,0
katproxy.com,0,0,1,1,0,0,0,0,0,1,0,0,0,0,0,0,0
thenextweb.com,0,0,1,6,0,0,0,0,0,1,0,0,0,0,0,0,0
paytm.com,0,0,1,2,0,0,0,0,0,1,0,0,0,0,0,0,0
udn.com,0,0,1,4,0,0,0,0,0,1,0,0,0,0,0,0,0
elevenia.co.id,0,0,1,3,0,0,0,0,0,1,0,0,0,0,0,0,0
distractify.com,0,0,1,10,0,0,0,0,0,1,0,0,0,0,0,0,0
pikabu.ru,0,0,1,3,0,0,0,0,0,1,0,0,0,0,0,0,0
extratorrent.cc,0,0,1,3,0,0,0,0,0,1,0,0,0,0,0,0,0
medium.com,0,0,1,2,0,0,0,0,0,0,0,0,0,0,0,0,0
jalopnik.com,0,0,1,2,0,0,0,0,0,1,0,0,0,0,0,0,0
mashable.com,0,0,1,5,0,0,0,0,0,1,0,0,0,0,0,0,0
ap.org,0,0,1,4,0,0,0,0,0,1,0,0,0,0,0,0,0
auto.ru,0,0,1,4,0,0,0,0,0,1,0,0,0,0,0,0,0
maybank2u.com.my,0,0,1,4,0,0,0,0,0,1,0,0,0,0,0,0,0
elitedaily.com,0,0,1,4,0,0,0,0,0,1,0,0,0,0,0,0,0
mashable.com,0,0,1,6,0,0,0,0,0,1,0,0,0,0,0,0,0
grantland.com,0,0,1,2,0,0,0,0,0,1,0,0,0,0,0,0,0
thenextweb.com,0,0,1,6,0,0,0,0,0,1,0,0,0,0,0,0,0
momoshop.com.tw,0,0,1,2,0,0,0,0,0,1,0,0,0,0,0,0,0
allegro.pl,0,0,1,1,0,0,0,0,0,1,0,0,0,0,0,0,0
thenextweb.com,0,0,1,5,0,0,0,0,0,1,0,0,0,0,0,0,0
sourceforge.net,0,0,1,3,0,0,0,0,0,1,0,0,0,0,0,0,0
xvideo-jp.com,0,0,1,3,0,0,0,1,0,1,0,0,0,0,0,0,0
tunein.com,0,0,1,5,0,0,0,0,0,1,0,0,0,0,0,0,0
instagram.com,0,0,1,2,0,0,0,0,0,0,0,0,0,0,0,0,0
techcrunch.com,0,0,1,4,0,0,0,0,0,1,0,0,0,0,0,0,0
olx.in,0,0,1,3,0,0,0,0,0,1,0,0,0,0,0,0,0
buzzfil.net,0,0,1,4,0,0,0,0,0,1,0,0,0,0,0,0,0
zozo.jp,0,0,1,2,0,0,0,0,0,1,0,0,0,0,0,0,0
arstechnica.com,0,0,1,4,0,0,0,0,0,1,0,0,0,0,0,0,0
olx.co.id,0,0,1,7,0,0,0,0,0,1,0,0,0,0,0,0,0
atwiki.jp,0,0,1,2,0,0,0,0,0,1,0,0,0,0,0,0,0
babal.net,0,0,1,3,0,0,0,0,0,1,0,0,0,0,0,0,0
allegro.pl,0,0,1,2,0,0,0,0,0,1,0,0,0,0,0,0,0
interpark.com,0,0,1,2,0,0,0,0,0,1,0,0,0,0,0,0,0
www.gov.uk,0,0,1,3,0,0,0,0,0,0,0,0,0,0,0,0,0
sfglobe.com,0,0,1,4,0,0,0,0,0,1,0,0,0,0,0,0,0
askubuntu.com,0,0,1,3,0,0,0,0,0,1,0,0,0,0,0,0,0
hubpages.com,0,0,1,5,0,0,0,0,0,1,0,0,0,0,0,0,0
extratorrent.cc,0,0,1,1,0,0,0,0,0,1,0,0,0,0,0,0,0
slashdot.org,0,0,1,1,0,0,0,0,0,1,0,0,0,0,0,0,0
twitter.com,0,0,1,1,0,0,0,0,0,0,0,0,0,0,0,0,0
hollywoodlife.com,0,0,1,4,0,0,0,0,0,1,0,0,0,0,0,0,0
otomoto.pl,0,0,1,2,0,0,0,0,0,1,0,0,0,0,0,0,0
codecanyon.net,0,0,1,3,0,0,0,0,0,1,0,0,0,0,0,0,0
kenh14.vn,0,0,1,2,0,0,0,0,0,1,0,0,0,0,0,0,0
censor.net.ua,0,0,1,14,0,0,0,0,0,1,0,0,0,0,0,0,0
wpengine.com,0,0,1,4,0,0,0,0,0,1,0,0,0,0,0,0,0
putlocker.is,0,0,1,1,0,0,0,0,0,1,0,0,0,0,0,0,0
espn.go.com,0,0,1,7,0,0,0,0,0,1,0,0,0,0,0,0,0
superuser.com,0,0,1,3,0,0,0,0,0,1,0,0,0,0,0,0,0
babal.net,0,0,1,4,0,0,0,0,0,1,0,0,0,0,0,0,0
sourceforge.net,0,0,1,3,0,0,0,0,0,1,0,0,0,0,0,0,0
diply.com,0,0,1,3,0,0,0,0,0,1,0,0,0,0,0,0,0
mic.com,0,0,1,3,0,0,0,0,0,1,0,0,0,0,0,0,0
babal.net,0,0,1,3,0,0,0,0,0,1,0,0,0,0,0,0,0
elitedaily.com,0,0,1,4,0,0,0,0,0,1,0,0,0,0,0,0,0
icicibank.com,0,0,1,4,0,0,0,0,0,1,0,0,0,0,0,0,0
tunein.com,0,0,1,5,0,0,0,0,0,1,0,0,0,0,0,0,0
techcrunch.com,0,0,1,3,0,0,0,0,0,1,0,0,0,0,0,0,0
mylust.com,0,0,1,3,0,0,0,0,0,1,0,0,0,0,0,0,0
serverfault.com,0,0,1,3,0,0,0,0,0,1,0,0,0,0,0,0,0
motthegioi.vn,0,0,1,2,0,0,0,0,0,1,0,0,0,0,0,0,0
udn.com,0,0,1,4,0,0,0,0,0,1,0,0,0,0,0,0,0
fortune.com,0,0,1,4,0,0,0,0,0,1,0,0,0,0,0,0,0
deadspin.com,0,0,1,2,0,0,0,0,0,1,0,0,0,0,0,0,0
metro.co.uk,0,0,1,4,0,0,0,0,0,1,0,0,0,0,0,0,0
babal.net,0,0,1,4,0,0,0,0,0,1,0,0,0,0,0,0,0
olx.ua,0,0,1,3,0,0,0,0,0,1,0,0,0,0,0,0,0
bleacherreport.com,0,0,1,2,0,0,0,0,0,1,0,0,0,0,0,0,0
thenextweb.com,0,0,1,6,0,0,0,0,0,1,0,0,0,0,0,0,0
thechive.com,0,0,1,4,0,0,0,0,0,1,0,0,0,0,0,0,0
genius.com,0,0,1,3,0,0,0,0,0,1,0,0,0,0,0,0,0
graphicriver.net,0,0,1,3,0,0,0,0,0,1,0,0,0,0,0,0,0
evernote.com,0,0,1,3,0,0,0,0,0,1,0,0,0,0,0,0,0
nesn.com,0,0,1,3,0,0,0,0,0,1,0,0,0,0,0,0,0
techcrunch.com,0,0,1,4,0,0,0,0,0,1,0,0,0,0,0,0,0
babal.net,0,0,1,4,0,0,0,0,0,1,0,0,0,0,0,0,0
ringring.vn,0,0,1,1,0,0,0,0,0,1,0,0,0,0,0,0,0
udn.com,0,0,1,4,0,0,0,0,0,1,0,0,0,0,0,0,0
searchengineland.com,0,0,1,1,0,0,0,0,0,1,0,0,0,0,0,0,0
emgn.com,0,0,1,2,0,0,0,0,0,1,0,0,0,0,0,0,0
plarium.com,0,0,1,5,0,0,0,0,0,1,0,0,0,0,0,0,0
auto.ru,0,0,1,4,0,0,0,0,0,1,0,0,0,0,0,0,0
ringring.vn,0,0,1,1,0,0,0,0,0,1,0,0,0,0,0,0,0
steamcommunity.com,0,0,1,5,0,0,0,0,0,1,0,0,0,0,0,0,0
plarium.com,0,0,1,5,0,0,0,0,0,1,0,0,0,0,0,0,0
serverfault.com,0,0,1,3,0,0,0,0,0,1,0,0,0,0,0,0,0
olx.in,0,0,1,3,0,0,0,0,0,1,0,0,0,0,0,0,0
pikabu.ru,0,0,1,2,0,0,0,0,0,1,0,0,0,0,0,0,0
tunein.com,0,0,1,6,0,0,0,0,0,1,0,0,0,0,0,0,0
yourlust.com,0,0,1,2,0,0,0,0,0,1,0,0,0,0,0,0,0
thenextweb.com,0,0,1,5,0,0,0,0,0,1,0,0,0,0,0,0,0
akhbarelyom.com,0,0,1,5,0,0,0,0,0,1,0,0,0,0,0,0,0
perezhilton.com,0,0,1,3,0,0,0,0,0,1,0,0,0,0,0,0,0
udn.com,0,0,1,4,0,0,0,0,0,1,0,0,0,0,0,0,0
slashdot.org,0,0,1,3,0,0,0,0,0,1,0,0,0,0,0,0,0
lifehacker.com,0,0,1,2,0,0,0,0,0,1,0,0,0,0,0,0,0
torcache.net,0,0,1,2,0,0,0,0,0,1,0,0,0,0,0,0,0
interpark.com,0,0,1,2,0,0,0,0,0,1,0,0,0,0,0,0,0
mic.com,0,0,1,3,0,0,0,0,0,1,0,0,0,0,0,0,0
cheezburger.com,0,0,1,2,0,0,0,0,0,1,0,0,0,0,0,0,0
techcrunch.com,0,0,1,4,0,0,0,0,0,1,0,0,0,0,0,0,0
twitter.com,0,0,1,1,0,0,0,0,0,0,0,0,0,0,0,0,0
otomoto.pl,0,0,1,2,0,0,0,0,0,1,0,0,0,0,0,0,0
vnexpress.net,0,0,1,3,0,0,0,0,0,1,0,0,0,0,0,0,0
censor.net.ua,0,0,1,3,0,0,0,0,0,1,0,0,0,0,0,0,0
metro.co.uk,0,0,1,4,0,0,0,0,0,1,0,0,0,0,0,0,0
interpark.com,0,0,1,2,0,0,0,0,0,1,0,0,0,0,0,0,0
slashdot.org,0,0,1,3,0,0,0,0,0,1,0,0,0,0,0,0,0
1337x.to,0,0,1,3,0,0,0,0,0,1,0,0,0,0,0,0,0
indianexpress.com,0,0,1,4,0,0,0,0,0,1,0,0,0,0,0,0,0
distractify.com,0,0,1,10,0,0,0,0,0,1,0,0,0,0,0,0,0
depositphotos.com,0,0,1,1,0,0,0,0,0,1,0,0,0,0,0,0,0
twitter.com,0,0,1,1,0,0,0,0,0,0,0,0,0,0,0,0,0
extratorrent.cc,0,0,1,3,0,0,0,0,0,1,0,0,0,0,0,0,0
searchengineland.com,0,0,1,1,0,0,0,0,0,1,0,0,0,0,0,0,0
pikabu.ru,0,0,1,3,0,0,0,0,0,1,0,0,0,0,0,0,0
seesaawiki.jp,0,0,1,3,0,0,0,0,0,1,0,0,0,0,0,0,0
codecanyon.net,0,0,1,1,0,0,0,0,0,1,0,0,0,0,0,0,0
mashable.com,0,0,1,6,0,0,0,0,0,1,0,0,0,0,0,0,0
elitedaily.com,0,0,1,4,0,0,0,0,0,1,0,0,0,0,0,0,0
kenh14.vn,0,0,1,2,0,0,0,0,0,1,0,0,0,0,0,0,0
css-tricks.com,0,0,1,3,0,0,0,1,0,1,0,0,0,0,0,0,0
interpark.com,0,0,1,2,0,0,0,0,0,1,0,0,0,0,0,0,0
motthegioi.vn,0,0,1,2,0,0,0,0,0,1,0,0,0,0,0,0,0
babal.net,0,0,1,4,0,0,0,0,0,1,0,0,0,0,0,0,0
cox.com,0,0,1,4,0,0,0,0,0,1,0,0,0,0,0,0,0
jezebel.com,0,0,1,3,0,0,0,0,0,1,0,0,0,0,0,0,0
otomoto.pl,0,0,1,2,0,0,0,0,0,1,0,0,0,0,0,0,0
otomoto.pl,0,0,1,2,0,0,0,0,0,1,0,0,0,0,0,0,0
extratorrent.cc,0,0,1,3,0,0,0,0,0,1,0,0,0,0,0,0,0
stackoverflow.com,0,0,1,3,0,0,0,0,0,0,0,0,0,0,0,0,0
qz.com,0,0,1,2,0,0,0,0,0,1,0,0,0,0,0,0,0
torcache.net,0,0,1,2,0,0,0,0,0,1,0,0,0,0,0,0,0
motthegioi.vn,0,0,1,2,0,0,0,0,0,1,0,0,0,0,0,0,0
nesn.com,0,0,1,3,0,0,0,0,0,1,0,0,0,0,0,0,0
skyrock.com,0,0,1,2,0,0,0,0,0,1,0,0,0,0,0,0,0
mylust.com,0,0,1,3,0,0,0,0,0,1,0,0,0,0,0,0,0
torrentdn.com,0,0,1,2,0,0,0,0,0,1,0,0,0,0,0,0,0
bigcinema.tv,0,0,1,2,0,0,0,0,0,1,0,0,0,0,0,0,0
jezebel.com,0,0,1,1,0,0,0,0,0,1,0,0,0,0,0,0,0
zozo.jp,0,0,1,2,0,0,0,0,0,1,0,0,0,0,0,0,0
thenextweb.com,0,0,1,5,0,0,0,0,0,1,0,0,0,0,0,0,0
lifehacker.com,0,0,1,2,0,0,0,0,0,1,0,0,0,0,0,0,0
khabaronline.ir,0,0,1,5,0,0,0,0,0,1,0,0,0,0,0,0,0
emgn.com,0,0,1,2,0,0,0,0,0,1,0,0,0,0,0,0,0
olx.ua,0,0,1,2,0,0,0,0,0,1,0,0,0,0,0,0,0
conservativetribune.com,0,0,1,1,0,0,0,0,0,1,0,0,0,0,0,0,0
twitter.com,0,0,1,1,0,0,0,0,0,0,0,0,0,0,0,0,0
mylust.com,0,0,1,3,0,0,0,0,0,1,0,0,0,0,0,0,0
olx.ua,0,0,1,3,0,0,0,0,0,1,0,0,0,0,0,0,0
io9.com,0,0,1,2,0,0,0,0,0,1,0,0,0,0,0,0,0
torcache.net,0,0,1,2,0,0,0,0,0,1,0,0,0,0,0,0,0
indianexpress.com,0,0,1,4,0,0,0,0,0,1,0,0,0,0,0,0,0
kickass.to,0,0,1,1,0,0,0,0,0,1,0,0,0,0,0,0,0
slashdot.org,0,0,1,3,0,0,0,0,0,1,0,0,0,0,0,0,0
mic.com,0,0,1,3,0,0,0,0,0,1,0,0,0,0,0,0,0
venturebeat.com,0,0,1,4,0,0,0,0,0,1,0,0,0,0,0,0,0
syosetu.com,0,0,1,3,0,0,0,0,0,1,0,0,0,0,0,0,0
jalopnik.com,0,0,1,1,0,0,0,0,0,1,0,0,0,0,0,0,0
icicibank.com,0,0,1,4,0,0,0,0,0,1,0,0,0,0,0,0,0
depositphotos.com,0,0,1,2,0,0,0,0,0,1,0,0,0,0,0,0,0
olx.co.id,0,0,1,7,0,0,0,0,0,1,0,0,0,0,0,0,0
correios.com.br,0,0,1,3,0,0,0,0,0,1,0,0,0,0,0,0,0
torcache.net,0,0,1,2,0,0,0,0,0,1,0,0,0,0,0,0,0
themeforest.net,0,0,1,4,0,0,0,0,0,1,0,0,0,0,0,0,0
prezi.com,0,0,1,4,0,0,0,0,0,1,0,0,0,0,0,0,0
maybank2u.com.my,0,0,1,4,0,0,0,0,0,1,0,0,0,0,0,0,0
torcache.net,0,0,1,2,0,0,0,0,0,1,0,0,0,0,0,0,0
squarespace.com,0,0,1,5,0,0,0,0,0,0,0,0,0,0,0,0,0
elitedaily.com,0,0,1,3,0,0,0,0,0,1,0,0,0,0,0,0,0
babal.net,0,0,1,3,0,0,0,0,0,1,0,0,0,0,0,0,0
codecanyon.net,0,0,1,4,0,0,0,0,0,1,0,0,0,0,0,0,0
bleacherreport.com,0,0,1,2,0,0,0,0,0,1,0,0,0,0,0,0,0
akhbarelyom.com,0,0,1,5,0,0,0,0,0,1,0,0,0,0,0,0,0
caixa.gov.br,0,0,1,5,0,0,0,0,0,1,0,0,0,0,0,0,0
hollywoodlife.com,0,0,1,4,0,0,0,0,0,1,0,0,0,0,0,0,0
torcache.net,0,0,1,2,0,0,0,0,0,1,0,0,0,0,0,0,0
thenextweb.com,0,0,1,5,0,0,0,0,0,1,0,0,0,0,0,0,0
tobogo.net,0,0,1,2,0,0,0,0,0,1,0,0,0,0,0,0,0
motthegioi.vn,0,0,1,2,0,0,0,0,0,1,0,0,0,0,0,0,0
motthegioi.vn,0,0,1,2,0,0,0,0,0,1,0,0,0,0,0,0,0
kakaku.com,0,0,1,6,0,0,0,0,0,1,0,0,0,0,0,0,0
mylust.com,0,0,1,3,0,0,0,0,0,1,0,0,0,0,0,0,0
censor.net.ua,0,0,1,3,0,0,0,0,0,1,0,0,0,0,0,0,0
babal.net,0,0,1,4,0,0,0,0,0,1,0,0,0,0,0,0,0
mixi.jp,0,0,1,7,0,0,0,0,0,1,0,0,0,0,0,0,0
extratorrent.cc,0,0,1,3,0,0,0,0,0,1,0,0,0,0,0,0,0
filehippo.com,0,0,1,3,0,0,0,0,0,1,0,0,0,0,0,0,0
extratorrent.cc,0,0,1,3,0,0,0,0,0,1,0,0,0,0,0,0,0
torrentdn.com,0,0,1,2,0,0,0,0,0,1,0,0,0,0,0,0,0
diply.com,0,0,1,4,0,0,0,0,0,1,0,0,0,0,0,0,0
tobogo.net,0,0,1,2,0,0,0,0,0,1,0,0,0,0,0,0,0
otomoto.pl,0,0,1,3,0,0,0,0,0,1,0,0,0,0,0,0,0
torcache.net,0,0,1,2,0,0,0,0,0,1,0,0,0,0,0,0,0
otomoto.pl,0,0,1,3,0,0,0,0,0,1,0,0,0,0,0,0,0
pikabu.ru,0,0,1,2,0,0,0,0,0,1,0,0,0,0,0,0,0
iconosquare.com,0,0,1,3,0,0,0,0,0,1,0,0,0,0,0,0,0
telegraf.com.ua,0,0,1,3,0,0,0,0,0,1,0,0,0,0,0,0,0
otomoto.pl,0,0,1,2,0,0,0,0,0,1,0,0,0,0,0,0,0
mashable.com,0,0,1,6,0,0,0,0,0,1,0,0,0,0,0,0,0
extratorrent.cc,0,0,1,3,0,0,0,0,0,1,0,0,0,0,0,0,0
twitter.com,0,0,1,1,0,0,0,0,0,0,0,0,0,0,0,0,0
1337x.to,0,0,1,3,0,0,0,0,0,1,0,0,0,0,0,0,0
espn.go.com,0,0,1,7,0,0,0,0,0,1,0,0,0,0,0,0,0
xvideo-jp.com,0,0,1,3,0,0,0,1,0,1,0,0,0,0,0,0,0
twitter.com,0,0,1,1,0,0,0,0,0,0,0,0,0,0,0,0,0
mentalfloss.com,0,0,1,5,0,0,0,0,0,1,0,0,0,0,0,0,0
fishki.net,0,0,1,2,0,0,0,0,0,1,0,0,0,0,0,0,0
otomoto.pl,0,0,1,2,0,0,0,0,0,1,0,0,0,0,0,0,0
ink361.com,0,0,1,6,0,0,0,0,0,1,0,0,0,0,0,0,0
pornsharing.com,0,0,1,1,0,0,0,0,0,1,0,0,0,0,0,0,0
skyrock.com,0,0,1,2,0,0,0,0,0,1,0,0,0,0,0,0,0
grantland.com,0,0,1,2,0,0,0,0,0,1,0,0,0,0,0,0,0
correios.com.br,0,0,1,4,0,0,0,0,0,1,0,0,0,0,0,0,0
tobogo.net,0,0,1,2,0,0,0,0,0,1,0,0,0,0,0,0,0
perezhilton.com,0,0,1,1,0,0,0,0,0,1,0,0,0,0,0,0,0
nesn.com,0,0,1,3,0,0,0,0,0,1,0,0,0,0,0,0,0
torcache.net,0,0,1,2,0,0,0,0,0,1,0,0,0,0,0,0,0
allrecipes.com,0,0,1,4,0,0,0,0,0,1,0,0,0,0,0,0,0
kakaku.com,0,0,1,7,0,0,0,0,0,1,0,0,0,0,0,0,0
thenextweb.com,0,0,1,5,0,0,0,0,0,1,0,0,0,0,0,0,0
interpark.com,0,0,1,2,0,0,0,0,0,1,0,0,0,0,0,0,0
tunein.com,0,0,1,5,0,0,0,0,0,1,0,0,0,0,0,0,0
correios.com.br,0,0,1,5,0,0,0,0,0,1,0,0,0,0,0,0,0
tunein.com,0,0,1,5,0,0,0,0,0,1,0,0,0,0,0,0,0
housing.com,0,0,1,4,0,0,0,0,0,1,0,0,0,0,0,0,0
ap.org,0,0,1,4,0,0,0,0,0,1,0,0,0,0,0,0,0
thenextweb.com,0,0,1,6,0,0,0,0,0,1,0,0,0,0,0,0,0
distractify.com,0,0,1,10,0,0,0,0,0,1,0,0,0,0,0,0,0
hdfcbank.com,0,0,1,5,0,0,0,0,0,1,0,0,0,0,0,0,0
olx.ro,0,0,1,7,0,0,0,0,0,1,0,0,0,0,0,0,0
cheezburger.com,0,0,1,2,0,0,0,0,0,1,0,0,0,0,0,0,0
twitter.com,0,0,1,1,0,0,0,0,0,0,0,0,0,0,0,0,0
mic.com,0,0,1,3,0,0,0,0,0,1,0,0,0,0,0,0,0
otomoto.pl,0,0,1,2,0,0,0,0,0,1,0,0,0,0,0,0,0
tobogo.net,0,0,1,2,0,0,0,0,0,1,0,0,0,0,0,0,0
tobogo.net,0,0,1,2,0,0,0,0,0,1,0,0,0,0,0,0,0
allegro.pl,0,0,1,1,0,0,0,0,0,1,0,0,0,0,0,0,0
olx.ua,0,0,1,3,0,0,0,0,0,1,0,0,0,0,0,0,0
elcomercio.pe,0,0,1,3,0,0,0,0,0,1,0,0,0,0,0,0,0
fazenda.gov.br,0,0,1,3,0,0,0,0,0,1,0,0,0,0,0,0,0
zozo.jp,0,0,1,2,0,0,0,0,0,1,0,0,0,0,0,0,0
bleacherreport.com,0,0,1,2,0,0,0,0,0,1,0,0,0,0,0,0,0
kenh14.vn,0,0,1,2,0,0,0,0,0,1,0,0,0,0,0,0,0
olx.co.id,0,0,1,2,0,0,0,0,0,1,0,0,0,0,0,0,0
emgn.com,0,0,1,2,0,0,0,0,0,1,0,0,0,0,0,0,0
tobogo.net,0,0,1,2,0,0,0,0,0,1,0,0,0,0,0,0,0
seekingalpha.com,0,0,1,2,0,0,0,0,0,1,0,0,0,0,0,0,0
torcache.net,0,0,1,2,0,0,0,0,0,1,0,0,0,0,0,0,0
comicbook.com,0,0,1,4,0,0,0,0,0,1,0,0,0,0,0,0,0
ap.org,0,0,1,4,0,0,0,0,0,1,0,0,0,0,0,0,0
grantland.com,0,0,1,2,0,0,0,0,0,1,0,0,0,0,0,0,0
grantland.com,0,0,1,2,0,0,0,0,0,1,0,0,0,0,0,0,0
bleacherreport.com,0,0,1,2,0,0,0,0,0,1,0,0,0,0,0,0,0
tinnhanh360.net,0,0,1,1,0,0,0,0,0,1,0,0,0,0,0,0,0
jezebel.com,0,0,1,1,0,0,0,0,0,1,0,0,0,0,0,0,0
patch.com,0,0,1,3,0,0,0,0,0,1,0,0,0,0,0,0,0
olx.ro,0,0,1,5,0,0,0,0,0,1,0,0,0,0,0,0,0
indianexpress.com,0,0,1,4,0,0,0,0,0,1,0,0,0,0,0,0,0
askubuntu.com,0,0,1,3,0,0,0,0,0,1,0,0,0,0,0,0,0
persianblog.ir,0,0,1,3,0,0,0,0,0,1,0,0,0,0,0,0,0
babal.net,0,0,1,4,0,0,0,0,0,1,0,0,0,0,0,0,0
eksisozluk.com,0,0,1,0,0,0,0,0,0,1,0,0,0,0,0,0,0
olx.pl,0,0,1,7,0,0,0,0,0,1,0,0,0,0,0,0,0
patch.com,0,0,1,3,0,0,0,0,0,1,0,0,0,0,0,0,0
nguyentandung.org,0,0,1,1,0,0,0,0,0,1,0,0,0,0,0,0,0
thechive.com,0,0,1,4,0,0,0,0,0,1,0,0,0,0,0,0,0
filehippo.com,0,0,1,3,0,0,0,0,0,1,0,0,0,0,0,0,0
babal.net,0,0,1,4,0,0,0,0,0,1,0,0,0,0,0,0,0
distractify.com,0,0,1,2,0,0,0,0,0,1,0,0,0,0,0,0,0
allegro.pl,0,0,1,2,0,0,0,0,0,1,0,0,0,0,0,0,0
squarespace.com,0,0,1,5,0,0,0,0,0,0,0,0,0,0,0,0,0
quizlet.com,0,0,1,1,0,0,0,0,0,1,0,0,0,0,0,0,0
babal.net,0,0,1,4,0,0,0,0,0,1,0,0,0,0,0,0,0
khabaronline.ir,0,0,1,5,0,0,0,0,0,1,0,0,0,0,0,0,0
nesn.com,0,0,1,3,0,0,0,0,0,1,0,0,0,0,0,0,0
genius.com,0,0,1,3,0,0,0,0,0,1,0,0,0,0,0,0,0
torrentdn.com,0,0,1,2,0,0,0,0,0,1,0,0,0,0,0,0,0
interpark.com,0,0,1,2,0,0,0,0,0,1,0,0,0,0,0,0,0
udn.com,0,0,1,4,0,0,0,0,0,1,0,0,0,0,0,0,0
irecommend.ru,0,0,1,2,0,0,0,0,0,1,0,0,0,0,0,0,0
motthegioi.vn,0,0,1,3,0,0,0,0,0,1,0,0,0,0,0,0,0
icicibank.com,0,0,1,3,0,0,0,0,0,1,0,0,0,0,0,0,0
persianblog.ir,0,0,1,4,0,0,0,0,0,1,0,0,0,0,0,0,0
tobogo.net,0,0,1,2,0,0,0,0,0,1,0,0,0,0,0,0,0
myspace.com,0,0,1,4,0,0,0,0,0,1,0,0,0,0,0,0,0
correios.com.br,0,0,1,4,0,0,0,0,0,1,0,0,0,0,0,0,0
paytm.com,0,0,1,2,0,0,0,0,0,1,0,0,0,0,0,0,0
ringring.vn,0,0,1,1,0,0,0,0,0,1,0,0,0,0,0,0,0
sourceforge.net,0,0,1,2,0,0,0,0,0,1,0,0,0,0,0,0,0
olx.ua,0,0,1,5,0,0,0,0,0,1,0,0,0,0,0,0,0
mylust.com,0,0,1,3,0,0,0,0,0,1,0,0,0,0,0,0,0
kickass.to,0,0,1,1,0,0,0,0,0,1,0,0,0,0,0,0,0
torcache.net,0,0,1,2,0,0,0,0,0,1,0,0,0,0,0,0,0
extratorrent.cc,0,0,1,3,0,0,0,0,0,1,0,0,0,0,0,0,0
diply.com,0,0,1,3,0,0,0,0,0,1,0,0,0,0,0,0,0
eksisozluk.com,0,0,1,0,0,0,0,0,0,1,0,0,0,0,0,0,0
patch.com,0,0,1,3,0,0,0,0,0,1,0,0,0,0,0,0,0
mic.com,0,0,1,3,0,0,0,0,0,1,0,0,0,0,0,0,0
skyrock.com,0,0,1,2,0,0,0,0,0,1,0,0,0,0,0,0,0
searchengineland.com,0,0,1,1,0,0,0,0,0,1,0,0,0,0,0,0,0
torcache.net,0,0,1,2,0,0,0,0,0,1,0,0,0,0,0,0,0
motthegioi.vn,0,0,1,2,0,0,0,0,0,1,0,0,0,0,0,0,0
kenh14.vn,0,0,1,2,0,0,0,0,0,1,0,0,0,0,0,0,0
myspace.com,0,0,1,5,0,0,0,0,0,1,0,0,0,0,0,0,0
buzzfil.net,0,0,1,4,0,0,0,0,0,1,0,0,0,0,0,0,0
yourlust.com,0,0,1,2,0,0,0,0,0,1,0,0,0,0,0,0,0
olx.co.id,0,0,1,2,0,0,0,0,0,1,0,0,0,0,0,0,0
elitedaily.com,0,0,1,3,0,0,0,0,0,1,0,0,0,0,0,0,0
coccoc.com,0,0,1,3,0,0,0,0,0,1,0,0,0,0,0,0,0
kickass.to,0,0,1,1,0,0,0,0,0,1,0,0,0,0,0,0,0
metro.co.uk,0,0,1,4,0,0,0,0,0,1,0,0,0,0,0,0,0
io9.com,0,0,1,2,0,0,0,0,0,1,0,0,0,0,0,0,0
privatbank.ua,0,0,1,2,0,0,0,0,0,1,0,0,0,0,0,0,0
censor.net.ua,0,0,1,3,0,0,0,0,0,1,0,0,0,0,0,0,0
torcache.net,0,0,1,2,0,0,0,0,0,1,0,0,0,0,0,0,0
depositphotos.com,0,0,1,2,0,0,0,0,0,1,0,0,0,0,0,0,0
pantip.com,0,0,1,2,0,0,0,0,0,1,0,0,0,0,0,0,0
katproxy.com,0,0,1,1,0,0,0,0,0,1,0,0,0,0,0,0,0
metro.co.uk,0,0,1,4,0,0,0,0,0,1,0,0,0,0,0,0,0
stackoverflow.com,0,0,1,3,0,0,0,0,0,0,0,0,0,0,0,0,0
bestblackhatforum.com,0,0,1,1,0,0,0,0,0,1,0,0,0,0,0,0,0
grantland.com,0,0,1,2,0,0,0,0,0,1,0,0,0,0,0,0,0
searchengineland.com,0,0,1,1,0,0,0,0,0,1,0,0,0,0,0,0,0
perezhilton.com,0,0,1,2,0,0,0,0,0,1,0,0,0,0,0,0,0
grantland.com,0,0,1,2,0,0,0,0,0,1,0,0,0,0,0,0,0
maybank2u.com.my,0,0,1,4,0,0,0,0,0,1,0,0,0,0,0,0,0
telegraf.com.ua,0,0,1,3,0,0,0,0,0,1,0,0,0,0,0,0,0
techcrunch.com,0,0,1,4,0,0,0,0,0,1,0,0,0,0,0,0,0
themeforest.net,0,0,1,4,0,0,0,0,0,1,0,0,0,0,0,0,0
techcrunch.com,0,0,1,4,0,0,0,0,0,1,0,0,0,0,0,0,0
otomoto.pl,0,0,1,4,0,0,0,0,0,1,0,0,0,0,0,0,0
techcrunch.com,0,0,1,4,0,0,0,0,0,1,0,0,0,0,0,0,0
ameblo.jp,0,0,1,3,0,0,0,0,0,1,0,0,0,0,0,0,0
fazenda.gov.br,0,0,1,3,0,0,0,0,0,1,0,0,0,0,0,0,0
distractify.com,0,0,1,10,0,0,0,0,0,1,0,0,0,0,0,0,0
codecanyon.net,0,0,1,4,0,0,0,0,0,1,0,0,0,0,0,0,0
metro.co.uk,0,0,1,4,0,0,0,0,0,1,0,0,0,0,0,0,0
variety.com,0,0,1,4,0,0,0,0,0,1,0,0,0,0,0,0,0
ringring.vn,0,0,1,1,0,0,0,0,0,1,0,0,0,0,0,0,0
mic.com,0,0,1,3,0,0,0,0,0,1,0,0,0,0,0,0,0
udn.com,0,0,1,4,0,0,0,0,0,1,0,0,0,0,0,0,0
metro.co.uk,0,0,1,4,0,0,0,0,0,1,0,0,0,0,0,0,0
hubpages.com,0,0,1,5,0,0,0,0,0,1,0,0,0,0,0,0,0
emgn.com,0,0,1,2,0,0,0,0,0,1,0,0,0,0,0,0,0
syosetu.com,0,0,1,3,0,0,0,0,0,1,0,0,0,0,0,0,0
web.de,0,0,1,4,0,0,0,0,0,1,0,0,0,0,0,0,0
comicbook.com,0,0,1,4,0,0,0,0,0,1,0,0,0,0,0,0,0
megogo.net,0,0,1,3,0,0,0,0,0,1,0,0,0,0,0,0,0
atwiki.jp,0,0,1,2,0,0,0,0,0,1,0,0,0,0,0,0,0
stackoverflow.com,0,0,1,3,0,0,0,0,0,0,0,0,0,0,0,0,0
fortune.com,0,0,1,4,0,0,0,0,0,1,0,0,0,0,0,0,0
persianblog.ir,0,0,1,4,0,0,0,0,0,1,0,0,0,0,0,0,0
mic.com,0,0,1,3,0,0,0,0,0,1,0,0,0,0,0,0,0
depositphotos.com,0,0,1,1,0,0,0,0,0,1,0,0,0,0,0,0,0
correios.com.br,0,0,1,4,0,0,0,0,0,1,0,0,0,0,0,0,0
mylust.com,0,0,1,3,0,0,0,0,0,1,0,0,0,0,0,0,0
icicibank.com,0,0,1,5,0,0,0,0,0,1,0,0,0,0,0,0,0
myegy.to,0,0,1,3,0,0,0,0,0,1,0,0,0,0,0,0,0
babal.net,0,0,1,4,0,0,0,0,0,1,0,0,0,0,0,0,0
twitter.com,0,0,1,1,0,0,0,0,0,0,0,0,0,0,0,0,0
otomoto.pl,0,0,1,2,0,0,0,0,0,1,0,0,0,0,0,0,0
babal.net,0,0,1,4,0,0,0,0,0,1,0,0,0,0,0,0,0
distractify.com,0,0,1,10,0,0,0,0,0,1,0,0,0,0,0,0,0
fanpage.gr,0,0,1,3,0,0,0,0,0,1,0,0,0,0,0,0,0
web.de,0,0,1,4,0,0,0,0,0,1,0,0,0,0,0,0,0
momoshop.com.tw,0,0,1,2,0,0,0,0,0,1,0,0,0,0,0,0,0
babal.net,0,0,1,4,0,0,0,0,0,1,0,0,0,0,0,0,0
tunein.com,0,0,1,5,0,0,0,0,0,1,0,0,0,0,0,0,0
europa.eu,0,0,1,6,0,0,0,0,0,0,0,0,0,0,0,0,0
lifehacker.com,0,0,1,1,0,0,0,0,0,1,0,0,0,0,0,0,0
1337x.to,0,0,1,3,0,0,0,0,0,1,0,0,0,0,0,0,0
yourlust.com,0,0,1,2,0,0,0,0,0,1,0,0,0,0,0,0,0
twitter.com,0,0,1,1,0,0,0,0,0,0,0,0,0,0,0,0,0
extratorrent.cc,0,0,1,3,0,0,0,0,0,1,0,0,0,0,0,0,0
torcache.net,0,0,1,2,0,0,0,0,0,1,0,0,0,0,0,0,0
torcache.net,0,0,1,2,0,0,0,0,0,1,0,0,0,0,0,0,0
torcache.net,0,0,1,2,0,0,0,0,0,1,0,0,0,0,0,0,0
superuser.com,0,0,1,3,0,0,0,0,0,1,0,0,0,0,0,0,0
pikabu.ru,0,0,1,3,0,0,0,0,0,1,0,0,0,0,0,0,0
vnexpress.net,0,0,1,2,0,0,0,0,0,1,0,0,0,0,0,0,0
bestblackhatforum.com,0,0,1,1,0,0,0,0,0,1,0,0,0,0,0,0,0
stackoverflow.com,0,0,1,3,0,0,0,0,0,0,0,0,0,0,0,0,0
thenextweb.com,0,0,1,5,0,0,0,0,0,1,0,0,0,0,0,0,0
pikabu.ru,0,0,1,2,0,0,0,0,0,1,0,0,0,0,0,0,0
eenadu.net,0,0,1,3,0,0,0,0,0,1,0,0,0,0,0,0,0
ecnavi.jp,0,0,1,1,1,0,0,0,0,1,0,0,0,0,0,0,0
censor.net.ua,0,0,1,3,0,0,0,0,0,1,0,0,0,0,0,0,0
censor.net.ua,0,0,1,3,0,0,0,0,0,1,0,0,0,0,0,0,0
ecnavi.jp,0,0,1,1,1,0,0,0,0,1,0,0,0,0,0,0,0
olx.co.id,0,0,1,7,0,0,0,0,0,1,0,0,0,0,0,0,0
tsite.jp,0,0,1,2,0,0,0,0,0,1,0,0,0,0,0,0,0
grantland.com,0,0,1,2,0,0,0,0,0,1,0,0,0,0,0,0,0
spankbang.com,0,0,1,3,0,0,0,0,0,1,0,0,0,0,0,0,0
thechive.com,0,0,1,4,0,0,0,0,0,1,0,0,0,0,0,0,0
extratorrent.cc,0,0,1,3,0,0,0,0,0,1,0,0,0,0,0,0,0
buzzfil.net,0,0,1,4,0,0,0,0,0,1,0,0,0,0,0,0,0
mylust.com,0,0,1,3,0,0,0,0,0,1,0,0,0,0,0,0,0
fanpage.gr,0,0,1,3,0,0,0,0,0,1,0,0,0,0,0,0,0
olx.ro,0,0,1,7,0,0,0,0,0,1,0,0,0,0,0,0,0
mixi.jp,0,0,1,2,0,0,0,0,0,1,0,0,0,0,0,0,0
teespring.com,0,0,1,2,0,0,0,0,0,1,0,0,0,0,0,0,0
plarium.com,0,0,1,5,0,0,0,0,0,1,0,0,0,0,0,0,0
pornsharing.com,0,0,1,1,0,0,0,0,0,1,0,0,0,0,0,0,0
distractify.com,0,0,1,10,0,0,0,0,0,1,0,0,0,0,0,0,0
nesn.com,0,0,1,3,0,0,0,0,0,1,0,0,0,0,0,0,0
otomoto.pl,0,0,1,2,0,0,0,0,0,1,0,0,0,0,0,0,0
torrentdn.com,0,0,1,2,0,0,0,0,0,1,0,0,0,0,0,0,0
plarium.com,0,0,1,5,0,0,0,0,0,1,0,0,0,0,0,0,0
thenextweb.com,0,0,1,6,0,0,0,0,0,1,0,0,0,0,0,0,0
elitedaily.com,0,0,1,4,0,0,0,0,0,1,0,0,0,0,0,0,0
superuser.com,0,0,1,3,0,0,0,0,0,1,0,0,0,0,0,0,0
tobogo.net,0,0,1,2,0,0,0,0,0,1,0,0,0,0,0,0,0
babal.net,0,0,1,4,0,0,0,0,0,1,0,0,0,0,0,0,0
seesaawiki.jp,0,0,1,4,0,0,0,0,0,1,0,0,0,0,0,0,0
tinnhanh360.net,0,0,1,1,0,0,0,0,0,1,0,0,0,0,0,0,0
censor.net.ua,0,0,1,3,0,0,0,0,0,1,0,0,0,0,0,0,0
hubpages.com,0,0,1,2,0,0,0,0,0,1,0,0,0,0,0,0,0
steamcommunity.com,0,0,1,6,1,0,0,0,0,1,0,0,0,0,0,0,0
babal.net,0,0,1,4,0,0,0,0,0,1,0,0,0,0,0,0,0
icicibank.com,0,0,1,3,0,0,0,0,0,1,0,0,0,0,0,0,0
icicibank.com,0,0,1,3,0,0,0,0,0,1,0,0,0,0,0,0,0
codecanyon.net,0,0,1,4,0,0,0,0,0,1,0,0,0,0,0,0,0
censor.net.ua,0,0,1,3,0,0,0,0,0,1,0,0,0,0,0,0,0
olx.co.id,0,0,1,7,0,0,0,0,0,1,0,0,0,0,0,0,0
seasonvar.ru,0,0,1,1,0,0,0,0,0,1,0,0,0,0,0,0,0
distractify.com,0,0,1,10,0,0,0,0,0,1,0,0,0,0,0,0,0
emgn.com,0,0,1,2,0,0,0,0,0,1,0,0,0,0,0,0,0
allegro.pl,0,0,1,2,0,0,0,0,0,1,0,0,0,0,0,0,0
codecanyon.net,0,0,1,3,0,0,0,0,0,1,0,0,0,0,0,0,0
emgn.com,0,0,1,2,0,0,0,0,0,1,0,0,0,0,0,0,0
interpark.com,0,0,1,2,0,0,0,0,0,1,0,0,0,0,0,0,0
motthegioi.vn,0,0,1,3,0,0,0,0,0,1,0,0,0,0,0,0,0
twitter.com,0,0,1,1,0,0,0,0,0,0,0,0,0,0,0,0,0
olx.ua,0,0,1,2,0,0,0,0,0,1,0,0,0,0,0,0,0
metro.co.uk,0,0,1,4,0,0,0,0,0,1,0,0,0,0,0,0,0
ap.org,0,0,1,4,0,0,0,0,0,1,0,0,0,0,0,0,0
hollywoodlife.com,0,0,1,4,0,0,0,0,0,1,0,0,0,0,0,0,0
medium.com,0,1,1,2,0,0,0,0,0,0,0,0,0,0,0,0,0
indianexpress.com,0,0,1,4,0,0,0,0,0,1,0,0,0,0,0,0,0
hollywoodlife.com,0,0,1,4,0,0,0,0,0,1,0,0,0,0,0,0,0
torcache.net,0,0,1,2,0,0,0,0,0,1,0,0,0,0,0,0,0
extratorrent.cc,0,0,1,3,0,0,0,0,0,1,0,0,0,0,0,0,0
superuser.com,0,0,1,3,0,0,0,0,0,1,0,0,0,0,0,0,0
hollywoodlife.com,0,0,1,4,0,0,0,0,0,1,0,0,0,0,0,0,0
kakaku.com,0,0,1,6,0,0,0,0,0,1,0,0,0,0,0,0,0
kenh14.vn,0,0,1,2,0,0,0,0,0,1,0,0,0,0,0,0,0
mediaset.it,0,0,1,5,0,0,0,0,0,1,0,0,0,0,0,0,0
mic.com,0,0,1,3,0,0,0,0,0,1,0,0,0,0,0,0,0
venturebeat.com,0,0,1,4,0,0,0,0,0,1,0,0,0,0,0,0,0
superuser.com,0,0,1,3,0,0,0,0,0,1,0,0,0,0,0,0,0
pikabu.ru,0,0,1,2,0,0,0,0,0,1,0,0,0,0,0,0,0
bestblackhatforum.com,0,0,1,1,0,0,0,0,0,1,0,0,0,0,0,0,0
xvideo-jp.com,0,0,1,6,0,0,0,1,0,1,0,0,0,0,0,0,0
mic.com,0,0,1,3,0,0,0,0,0,1,0,0,0,0,0,0,0
babal.net,0,0,1,4,0,0,0,0,0,1,0,0,0,0,0,0,0
fanpage.gr,0,0,1,3,0,0,0,0,0,1,0,0,0,0,0,0,0
tobogo.net,0,0,1,2,0,0,0,0,0,1,0,0,0,0,0,0,0
twitter.com,0,0,1,1,0,0,0,0,0,0,0,0,0,0,0,0,0
torcache.net,0,0,1,2,0,0,0,0,0,1,0,0,0,0,0,0,0
techcrunch.com,0,0,1,3,0,0,0,0,0,1,0,0,0,0,0,0,0
alfalfalfa.com,0,0,1,2,0,0,0,0,0,1,0,0,0,0,0,0,0
torcache.net,0,0,1,2,0,0,0,0,0,1,0,0,0,0,0,0,0
www.nhs.uk,0,0,1,5,0,0,0,0,0,1,0,0,0,0,0,0,0
extratorrent.cc,0,0,1,3,0,0,0,0,0,1,0,0,0,0,0,0,0
fanpage.gr,0,0,1,3,0,0,0,0,0,1,0,0,0,0,0,0,0
allegro.pl,0,0,1,2,0,0,0,0,0,1,0,0,0,0,0,0,0
indianexpress.com,0,0,1,4,0,0,0,0,0,1,0,0,0,0,0,0,0
nypost.com,0,0,1,4,0,0,0,0,0,1,0,0,0,0,0,0,0
tobogo.net,0,0,1,2,0,0,0,0,0,1,0,0,0,0,0,0,0
momoshop.com.tw,0,0,1,2,0,0,0,0,0,1,0,0,0,0,0,0,0
mashable.com,0,0,1,6,0,0,0,0,0,1,0,0,0,0,0,0,0
gawker.com,0,0,1,2,0,0,0,0,0,1,0,0,0,0,0,0,0
medium.com,0,1,1,2,0,0,0,0,0,0,0,0,0,0,0,0,0
emgn.com,0,0,1,2,0,0,0,0,0,1,0,0,0,0,0,0,0
thechive.com,0,0,1,4,0,0,0,0,0,1,0,0,0,0,0,0,0
medium.com,0,0,1,2,0,0,0,0,0,0,0,0,0,0,0,0,0
correios.com.br,0,0,1,4,0,0,0,0,0,1,0,0,0,0,0,0,0
bdnews24.com,0,0,1,5,0,0,0,0,0,1,0,0,0,0,0,0,0
sfglobe.com,0,0,1,4,0,0,0,0,0,1,0,0,0,0,0,0,0
bongda88.info,0,0,1,6,0,0,0,0,0,1,0,0,0,0,0,0,0
hubpages.com,0,0,1,2,0,0,0,0,0,1,0,0,0,0,0,0,0
mylust.com,0,0,1,3,0,0,0,0,0,1,0,0,0,0,0,0,0
variety.com,0,0,1,4,0,0,0,0,0,1,0,0,0,0,0,0,0
tobogo.net,0,0,1,2,0,0,0,0,0,1,0,0,0,0,0,0,0
squarespace.com,0,0,1,5,0,0,0,0,0,0,0,0,0,0,0,0,0
indianexpress.com,0,0,1,4,0,0,0,0,0,1,0,0,0,0,0,0,0
otomoto.pl,0,0,1,4,0,0,0,0,0,1,0,0,0,0,0,0,0
mic.com,0,0,1,3,0,0,0,0,0,1,0,0,0,0,0,0,0
syosetu.com,0,0,1,3,0,0,0,0,0,1,0,0,0,0,0,0,0
olx.co.id,0,0,1,7,0,0,0,0,0,1,0,0,0,0,0,0,0
tobogo.net,0,0,1,2,0,0,0,0,0,1,0,0,0,0,0,0,0
babal.net,0,0,1,4,0,0,0,0,0,1,0,0,0,0,0,0,0
olx.ro,0,0,1,7,0,0,0,0,0,1,0,0,0,0,0,0,0
web.de,0,0,1,6,0,0,0,0,0,1,0,0,0,0,0,0,0
indianexpress.com,0,0,1,3,0,0,0,0,0,1,0,0,0,0,0,0,0
thenextweb.com,0,0,1,6,0,0,0,0,0,1,0,0,0,0,0,0,0
katproxy.com,0,0,1,1,0,0,0,0,0,1,0,0,0,0,0,0,0
nymag.com,0,0,1,9,0,0,0,0,0,1,0,0,0,0,0,0,0
mic.com,0,0,1,3,0,0,0,0,0,1,0,0,0,0,0,0,0
zozo.jp,0,0,1,2,0,0,0,0,0,1,0,0,0,0,0,0,0
perezhilton.com,0,0,1,2,0,0,0,0,0,1,0,0,0,0,0,0,0
indianexpress.com,0,0,1,3,0,0,0,0,0,1,0,0,0,0,0,0,0
tobogo.net,0,0,1,2,0,0,0,0,0,1,0,0,0,0,0,0,0
torrentdn.com,0,0,1,2,0,0,0,0,0,1,0,0,0,0,0,0,0
tinnhanh360.net,0,0,1,1,0,0,0,0,0,1,0,0,0,0,0,0,0
stackoverflow.com,0,0,1,3,0,0,0,0,0,0,0,0,0,0,0,0,0
thenextweb.com,0,0,1,6,0,0,0,0,0,1,0,0,0,0,0,0,0
superuser.com,0,0,1,3,0,0,0,0,0,1,0,0,0,0,0,0,0
twitter.com,0,0,1,1,0,0,0,0,0,0,0,0,0,0,0,0,0
pinterest.com,0,0,1,3,1,0,0,0,0,0,0,0,0,0,0,0,0
mic.com,0,0,1,3,0,0,0,0,0,1,0,0,0,0,0,0,0
uproxx.com,0,0,1,4,0,0,0,0,0,1,0,0,0,0,0,0,0
espn.go.com,0,0,1,8,0,0,0,0,0,1,0,0,0,0,0,0,0
tobogo.net,0,0,1,2,0,0,0,0,0,1,0,0,0,0,0,0,0
fanpage.gr,0,0,1,3,0,0,0,0,0,1,0,0,0,0,0,0,0
interpark.com,0,0,1,2,0,0,0,0,0,1,0,0,0,0,0,0,0
torcache.net,0,0,1,2,0,0,0,0,0,1,0,0,0,0,0,0,0
couchtuner.eu.com,0,0,1,3,0,0,0,0,0,1,0,0,0,0,0,0,0
elcomercio.pe,0,0,1,3,0,0,0,0,0,1,0,0,0,0,0,0,0
getpocket.com,0,0,1,1,1,0,0,0,0,1,0,0,0,0,0,0,0
tunein.com,0,0,1,5,0,0,0,0,0,1,0,0,0,0,0,0,0
interpark.com,0,0,1,2,0,0,0,0,0,1,0,0,0,0,0,0,0
yourlust.com,0,0,1,2,0,0,0,0,0,1,0,0,0,0,0,0,0
techcrunch.com,0,0,1,4,0,0,0,0,0,1,0,0,0,0,0,0,0
xvideo-jp.com,0,0,1,3,0,0,0,1,0,1,0,0,0,0,0,0,0
olx.ro,0,0,1,6,0,0,0,0,0,1,0,0,0,0,0,0,0
kickass.to,0,0,1,1,0,0,0,0,0,1,0,0,0,0,0,0,0
persianblog.ir,0,0,1,4,0,0,0,0,0,1,0,0,0,0,0,0,0
babal.net,0,0,1,3,0,0,0,0,0,1,0,0,0,0,0,0,0
torcache.net,0,0,1,2,0,0,0,0,0,1,0,0,0,0,0,0,0
metro.co.uk,0,0,1,4,0,0,0,0,0,1,0,0,0,0,0,0,0
onedio.com,0,0,1,2,0,0,0,0,0,1,0,0,0,0,0,0,0
twitter.com,0,0,1,1,0,0,0,0,0,0,0,0,0,0,0,0,0
hubpages.com,0,0,1,2,0,0,0,0,0,1,0,0,0,0,0,0,0
tunein.com,0,0,1,5,0,0,0,0,0,1,0,0,0,0,0,0,0
tobogo.net,0,0,1,2,0,0,0,0,0,1,0,0,0,0,0,0,0
tsite.jp,0,0,1,5,0,0,0,0,0,1,0,0,0,0,0,0,0
olx.ua,0,0,1,3,0,0,0,0,0,1,0,0,0,0,0,0,0
serverfault.com,0,0,1,3,0,0,0,0,0,1,0,0,0,0,0,0,0
elitedaily.com,0,0,1,3,0,0,0,0,0,1,0,0,0,0,0,0,0
motthegioi.vn,0,0,1,3,0,0,0,0,0,1,0,0,0,0,0,0,0
techcrunch.com,0,0,1,3,0,0,0,0,0,1,0,0,0,0,0,0,0
fortune.com,0,0,1,4,0,0,0,0,0,1,0,0,0,0,0,0,0
motthegioi.vn,0,0,1,2,0,0,0,0,0,1,0,0,0,0,0,0,0
olx.ro,0,0,1,7,0,0,0,0,0,1,0,0,0,0,0,0,0
indianexpress.com,0,0,1,4,0,0,0,0,0,1,0,0,0,0,0,0,0
censor.net.ua,0,0,1,3,0,0,0,0,0,1,0,0,0,0,0,0,0
babal.net,0,0,1,4,0,0,0,0,0,1,0,0,0,0,0,0,0
interpark.com,0,0,1,2,0,0,0,0,0,1,0,0,0,0,0,0,0
1337x.to,0,0,1,3,0,0,0,0,0,1,0,0,0,0,0,0,0
rocketnews24.com,0,0,1,4,0,0,0,0,0,1,0,0,0,0,0,0,0
elitedaily.com,0,0,1,4,0,0,0,0,0,1,0,0,0,0,0,0,0
thenextweb.com,0,0,1,5,0,0,0,0,0,1,0,0,0,0,0,0,0
ecnavi.jp,0,0,1,3,0,0,0,0,0,1,0,0,0,0,0,0,0
graphicriver.net,0,0,1,3,0,0,0,0,0,1,0,0,0,0,0,0,0
motthegioi.vn,0,0,1,3,0,0,0,0,0,1,0,0,0,0,0,0,0
akhbarelyom.com,0,0,1,5,0,0,0,0,0,1,0,0,0,0,0,0,0
web.de,0,0,1,5,0,0,0,0,0,1,0,0,0,0,0,0,0
olx.ro,0,0,1,5,0,0,0,0,0,1,0,0,0,0,0,0,0
olx.ua,0,0,1,2,0,0,0,0,0,1,0,0,0,0,0,0,0
icicibank.com,0,0,1,5,0,0,0,0,0,1,0,0,0,0,0,0,0
icicibank.com,0,0,1,3,0,0,0,0,0,1,0,0,0,0,0,0,0
kenh14.vn,0,0,1,2,0,0,0,0,0,1,0,0,0,0,0,0,0
allegro.pl,0,0,1,1,0,0,0,0,0,1,0,0,0,0,0,0,0
extratorrent.cc,0,0,1,3,0,0,0,0,0,1,0,0,0,0,0,0,0
olx.pl,0,0,1,3,0,0,0,0,0,1,0,0,0,0,0,0,0
mylust.com,0,0,1,3,0,0,0,0,0,1,0,0,0,0,0,0,0
lifehacker.com,0,0,1,1,0,0,0,0,0,1,0,0,0,0,0,0,0
ink361.com,0,0,1,6,0,0,0,0,0,1,0,0,0,0,0,0,0
torcache.net,0,0,1,2,0,0,0,0,0,1,0,0,0,0,0,0,0
stackoverflow.com,0,0,1,3,0,0,0,0,0,0,0,0,0,0,0,0,0
techcrunch.com,0,0,1,4,0,0,0,0,0,1,0,0,0,0,0,0,0
nypost.com,0,0,1,4,0,0,0,0,0,1,0,0,0,0,0,0,0
extratorrent.cc,0,0,1,3,0,0,0,0,0,1,0,0,0,0,0,0,0
olx.co.id,0,0,1,7,0,0,0,0,0,1,0,0,0,0,0,0,0
elitedaily.com,0,0,1,3,0,0,0,0,0,1,0,0,0,0,0,0,0
nesn.com,0,0,1,3,0,0,0,0,0,1,0,0,0,0,0,0,0
motthegioi.vn,0,0,1,2,0,0,0,0,0,1,0,0,0,0,0,0,0
searchengineland.com,0,0,1,1,0,0,0,0,0,1,0,0,0,0,0,0,0
tsite.jp,0,0,1,2,0,0,0,0,0,1,0,0,0,0,0,0,0
buzzfil.net,0,0,1,4,0,0,0,0,0,1,0,0,0,0,0,0,0
pikabu.ru,0,0,1,3,0,0,0,0,0,1,0,0,0,0,0,0,0
babal.net,0,0,1,3,0,0,0,0,0,1,0,0,0,0,0,0,0
qz.com,0,0,1,2,0,0,0,0,0,1,0,0,0,0,0,0,0
clien.net,0,0,1,3,0,0,0,0,0,1,0,0,0,0,0,0,0
distractify.com,0,0,1,10,0,0,0,0,0,1,0,0,0,0,0,0,0
pornsharing.com,0,0,1,1,0,0,0,0,0,1,0,0,0,0,0,0,0
grantland.com,0,0,1,2,0,0,0,0,0,1,0,0,0,0,0,0,0
qz.com,0,0,1,2,0,0,0,0,0,1,0,0,0,0,0,0,0
venturebeat.com,0,0,1,4,0,0,0,0,0,1,0,0,0,0,0,0,0
pantip.com,0,0,1,2,0,0,0,0,0,1,0,0,0,0,0,0,0
prezi.com,0,0,1,4,0,0,0,0,0,1,0,0,0,0,0,0,0
plarium.com,0,0,1,5,0,0,0,0,0,1,0,0,0,0,0,0,0
tunein.com,0,0,1,5,0,0,0,0,0,1,0,0,0,0,0,0,0
slashdot.org,0,0,1,3,0,0,0,0,0,1,0,0,0,0,0,0,0
sourceforge.net,0,0,1,3,0,0,0,0,0,1,0,0,0,0,0,0,0
nymag.com,0,0,1,9,0,0,0,0,0,1,0,0,0,0,0,0,0
metro.co.uk,0,0,1,4,0,0,0,0,0,1,0,0,0,0,0,0,0
espn.go.com,0,0,1,7,0,0,0,0,0,1,0,0,0,0,0,0,0
mylust.com,0,0,1,3,0,0,0,0,0,1,0,0,0,0,0,0,0
1337x.to,0,0,1,3,0,0,0,0,0,1,0,0,0,0,0,0,0
torrentdn.com,0,0,1,2,0,0,0,0,0,1,0,0,0,0,0,0,0
distractify.com,0,0,1,10,0,0,0,0,0,1,0,0,0,0,0,0,0
superuser.com,0,0,1,3,0,0,0,0,0,1,0,0,0,0,0,0,0
xvideo-jp.com,0,0,1,4,0,0,0,1,0,1,0,0,0,0,0,0,0
bigcinema.tv,0,0,1,2,0,0,0,0,0,1,0,0,0,0,0,0,0
hdfcbank.com,0,0,1,5,0,0,0,0,0,1,0,0,0,0,0,0,0
bestblackhatforum.com,0,0,1,1,0,0,0,0,0,1,0,0,0,0,0,0,0
icicibank.com,0,0,1,4,0,0,0,0,0,1,0,0,0,0,0,0,0
bdnews24.com,0,0,1,5,0,0,0,0,0,1,0,0,0,0,0,0,0
kakaku.com,0,0,1,6,0,0,0,0,0,1,0,0,0,0,0,0,0
maybank2u.com.my,0,0,1,4,0,0,0,0,0,1,0,0,0,0,0,0,0
xhamster.com,0,0,1,3,0,0,0,0,0,1,0,0,0,0,0,0,0
skyrock.com,0,0,1,2,0,0,0,0,0,1,0,0,0,0,0,0,0
web.de,0,0,1,5,0,0,0,0,0,1,0,0,0,0,0,0,0
akhbarelyom.com,0,0,1,5,0,0,0,0,0,1,0,0,0,0,0,0,0
maybank2u.com.my,0,0,1,4,0,0,0,0,0,1,0,0,0,0,0,0,0
indianexpress.com,0,0,1,4,0,0,0,0,0,1,0,0,0,0,0,0,0
kakaku.com,0,0,1,6,0,0,0,0,0,1,0,0,0,0,0,0,0
moviepilot.com,0,0,1,5,0,0,0,0,0,1,0,0,0,0,0,0,0
bleacherreport.com,0,0,1,2,0,0,0,0,0,1,0,0,0,0,0,0,0
grantland.com,0,0,1,2,0,0,0,0,0,1,0,0,0,0,0,0,0
techcrunch.com,0,0,1,4,0,0,0,0,0,1,0,0,0,0,0,0,0
cheezburger.com,0,0,1,2,0,0,0,0,0,1,0,0,0,0,0,0,0
foursquare.com,0,0,1,3,0,0,0,0,0,1,0,0,0,0,0,0,0
taboola.com,0,0,1,5,0,0,0,0,0,1,0,0,0,0,0,0,0
torcache.net,0,0,1,2,0,0,0,0,0,1,0,0,0,0,0,0,0
torcache.net,0,0,1,2,0,0,0,0,0,1,0,0,0,0,0,0,0
mashable.com,0,0,1,6,0,0,0,0,0,1,0,0,0,0,0,0,0
pitchfork.com,0,0,1,2,0,0,0,0,0,1,0,0,0,0,0,0,0
olx.co.id,0,0,1,2,0,0,0,0,0,1,0,0,0,0,0,0,0
themeforest.net,0,0,1,4,0,0,0,0,0,1,0,0,0,0,0,0,0
qz.com,0,0,1,2,0,0,0,0,0,1,0,0,0,0,0,0,0
distractify.com,0,0,1,10,0,0,0,0,0,1,0,0,0,0,0,0,0
squarespace.com,0,0,1,5,0,0,0,0,0,0,0,0,0,0,0,0,0
privatbank.ua,0,0,1,4,0,0,0,0,0,1,0,0,0,0,0,0,0
mylust.com,0,0,1,3,0,0,0,0,0,1,0,0,0,0,0,0,0
lifehacker.com,0,0,1,2,0,0,0,0,0,1,0,0,0,0,0,0,0
katproxy.com,0,0,1,1,0,0,0,0,0,1,0,0,0,0,0,0,0
sourceforge.net,0,0,1,3,0,0,0,0,0,1,0,0,0,0,0,0,0
graphicriver.net,0,0,1,3,0,0,0,0,0,1,0,0,0,0,0,0,0
hubpages.com,0,0,1,2,0,0,0,0,0,1,0,0,0,0,0,0,0
fanpage.gr,0,0,1,3,0,0,0,0,0,1,0,0,0,0,0,0,0
thenextweb.com,0,0,1,6,0,0,0,0,0,1,0,0,0,0,0,0,0
censor.net.ua,0,0,1,3,0,0,0,0,0,1,0,0,0,0,0,0,0
mixi.jp,0,0,1,1,1,0,0,0,0,1,0,0,0,0,0,0,0
elitedaily.com,0,0,1,4,0,0,0,0,0,1,0,0,0,0,0,0,0
extratorrent.cc,0,0,1,3,0,0,0,0,0,1,0,0,0,0,0,0,0
askubuntu.com,0,0,1,3,0,0,0,0,0,1,0,0,0,0,0,0,0
pornsharing.com,0,0,1,1,0,0,0,0,0,1,0,0,0,0,0,0,0
eksisozluk.com,0,0,1,0,0,0,0,0,0,1,0,0,0,0,0,0,0
correios.com.br,0,0,1,4,0,0,0,0,0,1,0,0,0,0,0,0,0
thenextweb.com,0,0,1,5,0,0,0,0,0,1,0,0,0,0,0,0,0
motthegioi.vn,0,0,1,2,0,0,0,0,0,1,0,0,0,0,0,0,0
torcache.net,0,0,1,2,0,0,0,0,0,1,0,0,0,0,0,0,0
emgn.com,0,0,1,2,0,0,0,0,0,1,0,0,0,0,0,0,0
codecanyon.net,0,0,1,4,0,0,0,0,0,1,0,0,0,0,0,0,0
distractify.com,0,0,1,10,0,0,0,0,0,1,0,0,0,0,0,0,0
kotaku.com,0,0,1,1,0,0,0,0,0,1,0,0,0,0,0,0,0
medium.com,0,0,1,2,0,0,0,0,0,0,0,0,0,0,0,0,0
distractify.com,0,0,1,10,0,0,0,0,0,1,0,0,0,0,0,0,0
tobogo.net,0,0,1,2,0,0,0,0,0,1,0,0,0,0,0,0,0
deadspin.com,0,0,1,2,0,0,0,0,0,1,0,0,0,0,0,0,0
variety.com,0,0,1,4,0,0,0,0,0,1,0,0,0,0,0,0,0
bdnews24.com,0,0,1,5,0,0,0,0,0,1,0,0,0,0,0,0,0
babal.net,0,0,1,4,0,0,0,0,0,1,0,0,0,0,0,0,0
torcache.net,0,0,1,2,0,0,0,0,0,1,0,0,0,0,0,0,0
torrentdn.com,0,0,1,2,0,0,0,0,0,1,0,0,0,0,0,0,0
olx.in,0,0,1,3,0,0,0,0,0,1,0,0,0,0,0,0,0
emgn.com,0,0,1,2,0,0,0,0,0,1,0,0,0,0,0,0,0
torcache.net,0,0,1,2,0,0,0,0,0,1,0,0,0,0,0,0,0
maybank2u.com.my,0,0,1,4,0,0,0,0,0,1,0,0,0,0,0,0,0
fazenda.gov.br,0,0,1,5,0,0,0,0,0,1,0,0,0,0,0,0,0
olx.ua,0,0,1,4,0,0,0,0,0,1,0,0,0,0,0,0,0
depositphotos.com,0,0,1,1,0,0,0,0,0,1,0,0,0,0,0,0,0
allegro.pl,0,0,1,1,0,0,0,0,0,1,0,0,0,0,0,0,0
twitter.com,0,0,1,1,0,0,0,0,0,0,0,0,0,0,0,0,0
sourceforge.net,0,0,1,3,0,0,0,0,0,1,0,0,0,0,0,0,0
censor.net.ua,0,0,1,3,0,0,0,0,0,1,0,0,0,0,0,0,0
pornsharing.com,0,0,1,1,0,0,0,0,0,1,0,0,0,0,0,0,0
cheezburger.com,0,0,1,2,0,0,0,0,0,1,0,0,0,0,0,0,0
motthegioi.vn,0,0,1,2,0,0,0,0,0,1,0,0,0,0,0,0,0
moviepilot.com,0,0,1,5,0,0,0,0,0,1,0,0,0,0,0,0,0
mirtesen.ru,0,0,1,2,0,0,0,0,0,1,0,0,0,0,0,0,0
depositphotos.com,0,0,1,1,0,0,0,0,0,1,0,0,0,0,0,0,0
worldoftanks.ru,0,0,1,5,0,0,0,0,0,1,0,0,0,0,0,0,0
otomoto.pl,0,0,1,2,0,0,0,0,0,1,0,0,0,0,0,0,0
diply.com,0,0,1,3,0,0,0,0,0,1,0,0,0,0,0,0,0
mediaset.it,0,0,1,3,0,0,0,0,0,1,0,0,0,0,0,0,0
otomoto.pl,0,0,1,2,0,0,0,0,0,1,0,0,0,0,0,0,0
xvideo-jp.com,0,0,1,3,0,0,0,1,0,1,0,0,0,0,0,0,0
syosetu.com,0,0,1,3,0,0,0,0,0,1,0,0,0,0,0,0,0
olx.ro,0,0,1,5,0,0,0,0,0,1,0,0,0,0,0,0,0
sourceforge.net,0,0,1,2,0,0,0,0,0,1,0,0,0,0,0,0,0
jezebel.com,0,0,1,2,0,0,0,0,0,1,0,0,0,0,0,0,0
kakaku.com,0,0,1,6,0,0,0,0,0,1,0,0,0,0,0,0,0
arstechnica.com,0,0,1,4,0,0,0,0,0,1,0,0,0,0,0,0,0
tobogo.net,0,0,1,2,0,0,0,0,0,1,0,0,0,0,0,0,0
perezhilton.com,0,0,1,2,0,0,0,0,0,1,0,0,0,0,0,0,0
fishki.net,0,0,1,2,0,0,0,0,0,1,0,0,0,0,0,0,0
kienthuc.net.vn,0,0,1,2,0,0,0,0,0,1,0,0,0,0,0,0,0
nguyentandung.org,0,0,1,1,0,0,0,0,0,1,0,0,0,0,0,0,0
olx.ro,0,0,1,5,0,0,0,0,0,1,0,0,0,0,0,0,0
elitedaily.com,0,0,1,4,0,0,0,0,0,1,0,0,0,0,0,0,0
torcache.net,0,0,1,2,0,0,0,0,0,1,0,0,0,0,0,0,0
squarespace.com,0,0,1,5,0,0,0,0,0,0,0,0,0,0,0,0,0
ap.org,0,0,1,4,0,0,0,0,0,1,0,0,0,0,0,0,0
mic.com,0,0,1,3,0,0,0,0,0,1,0,0,0,0,0,0,0
distractify.com,0,0,1,10,0,0,0,0,0,1,0,0,0,0,0,0,0
dribbble.com,0,0,1,2,0,0,0,0,0,1,0,0,0,0,0,0,0
indianexpress.com,0,0,1,4,0,0,0,0,0,1,0,0,0,0,0,0,0
otomoto.pl,0,0,1,7,0,0,0,0,0,1,0,0,0,0,0,0,0
khabaronline.ir,0,0,1,4,0,0,0,0,0,1,0,0,0,0,0,0,0
fazenda.gov.br,0,0,1,6,0,0,0,0,0,1,0,0,0,0,0,0,0
torcache.net,0,0,1,2,0,0,0,0,0,1,0,0,0,0,0,0,0
udn.com,0,0,1,4,0,0,0,0,0,1,0,0,0,0,0,0,0
olx.pl,0,0,1,7,0,0,0,0,0,1,0,0,0,0,0,0,0
espn.go.com,0,0,1,8,0,0,0,0,0,1,0,0,0,0,0,0,0
thenextweb.com,0,0,1,6,0,0,0,0,0,1,0,0,0,0,0,0,0
bongda88.info,0,0,1,1,0,0,0,0,0,1,0,0,0,0,0,0,0
mediaset.it,0,0,1,5,0,0,0,0,0,1,0,0,0,0,0,0,0
torcache.net,0,0,1,2,0,0,0,0,0,1,0,0,0,0,0,0,0
twitter.com,0,0,1,1,0,0,0,0,0,0,0,0,0,0,0,0,0
avxhome.se,0,0,1,5,0,0,0,0,0,1,0,0,0,0,0,0,0
torcache.net,0,0,1,2,0,0,0,0,0,1,0,0,0,0,0,0,0
zozo.jp,0,0,1,2,0,0,0,0,0,1,0,0,0,0,0,0,0
distractify.com,0,0,1,10,0,0,0,0,0,1,0,0,0,0,0,0,0
mylust.com,0,0,1,3,0,0,0,0,0,1,0,0,0,0,0,0,0
babal.net,0,0,1,4,0,0,0,0,0,1,0,0,0,0,0,0,0
twitter.com,0,0,1,1,0,0,0,0,0,0,0,0,0,0,0,0,0
lastpass.com,0,0,1,1,0,0,0,0,0,1,0,0,0,0,0,0,0
torcache.net,0,0,1,2,0,0,0,0,0,1,0,0,0,0,0,0,0
tobogo.net,0,0,1,2,0,0,0,0,0,1,0,0,0,0,0,0,0
telegraf.com.ua,0,0,1,3,0,0,0,0,0,1,0,0,0,0,0,0,0
wikiwiki.jp,0,0,1,1,0,0,0,0,0,1,0,0,0,0,0,0,0
spankbang.com,0,0,1,3,0,0,0,0,0,1,0,0,0,0,0,0,0
correios.com.br,0,0,1,4,0,0,0,0,0,1,0,0,0,0,0,0,0
kienthuc.net.vn,0,0,1,2,0,0,0,0,0,1,0,0,0,0,0,0,0
kenh14.vn,0,0,1,2,0,0,0,0,0,1,0,0,0,0,0,0,0
otomoto.pl,0,0,1,3,0,0,0,0,0,1,0,0,0,0,0,0,0
twitter.com,0,0,1,1,0,0,0,0,0,0,0,0,0,0,0,0,0
zozo.jp,0,0,1,2,0,0,0,0,0,1,0,0,0,0,0,0,0
correios.com.br,0,0,1,4,0,0,0,0,0,1,0,0,0,0,0,0,0
web.de,0,0,1,4,0,0,0,0,0,1,0,0,0,0,0,0,0
getpocket.com,0,0,1,1,1,0,0,0,0,1,0,0,0,0,0,0,0
fazenda.gov.br,0,0,1,3,0,0,0,0,0,1,0,0,0,0,0,0,0
twitter.com,0,0,1,1,0,0,0,0,0,0,0,0,0,0,0,0,0
otomoto.pl,0,0,1,4,0,0,0,0,0,1,0,0,0,0,0,0,0
lastpass.com,0,0,1,1,0,0,0,0,0,1,0,0,0,0,0,0,0
mylust.com,0,0,1,3,0,0,0,0,0,1,0,0,0,0,0,0,0
nesn.com,0,0,1,3,0,0,0,0,0,1,0,0,0,0,0,0,0
torcache.net,0,0,1,2,0,0,0,0,0,1,0,0,0,0,0,0,0
kienthuc.net.vn,0,0,1,2,0,0,0,0,0,1,0,0,0,0,0,0,0
torcache.net,0,0,1,2,0,0,0,0,0,1,0,0,0,0,0,0,0
medium.com,0,0,1,2,0,0,0,0,0,0,0,0,0,0,0,0,0
mic.com,0,0,1,3,0,0,0,0,0,1,0,0,0,0,0,0,0
qz.com,0,0,1,2,0,0,0,0,0,1,0,0,0,0,0,0,0
pitchfork.com,0,0,1,2,0,0,0,0,0,1,0,0,0,0,0,0,0
codepen.io,0,0,1,3,0,0,0,0,0,1,0,0,0,0,0,0,0
depositphotos.com,0,0,1,1,0,0,0,0,0,1,0,0,0,0,0,0,0
alfalfalfa.com,0,0,1,2,0,0,0,0,0,1,0,0,0,0,0,0,0
depositphotos.com,0,0,1,1,0,0,0,0,0,1,0,0,0,0,0,0,0
steamcommunity.com,0,0,1,2,0,0,0,0,0,1,0,0,0,0,0,0,0
abcnews.go.com,0,0,1,3,0,0,0,0,0,1,0,0,0,0,0,0,0
espn.go.com,0,0,1,8,0,0,0,0,0,1,0,0,0,0,0,0,0
mediaset.it,0,0,1,3,0,0,0,0,0,1,0,0,0,0,0,0,0
extratorrent.cc,0,0,1,3,0,0,0,0,0,1,0,0,0,0,0,0,0
thenextweb.com,0,0,1,6,0,0,0,0,0,1,0,0,0,0,0,0,0
fanpage.gr,0,0,1,3,0,0,0,0,0,1,0,0,0,0,0,0,0
otomoto.pl,0,0,1,3,0,0,0,0,0,1,0,0,0,0,0,0,0
udn.com,0,0,1,4,0,0,0,0,0,1,0,0,0,0,0,0,0
torcache.net,0,0,1,2,0,0,0,0,0,1,0,0,0,0,0,0,0
olx.co.id,0,0,1,4,0,0,0,0,0,1,0,0,0,0,0,0,0
seekingalpha.com,0,0,1,2,0,0,0,0,0,1,0,0,0,0,0,0,0
variety.com,0,0,1,4,0,0,0,0,0,1,0,0,0,0,0,0,0
mashable.com,0,0,1,6,0,0,0,0,0,1,0,0,0,0,0,0,0
kienthuc.net.vn,0,0,1,2,0,0,0,0,0,1,0,0,0,0,0,0,0
web.de,0,0,1,5,0,0,0,0,0,1,0,0,0,0,0,0,0
twitter.com,0,0,1,1,0,0,0,0,0,0,0,0,0,0,0,0,0
olx.ro,0,0,1,7,0,0,0,0,0,1,0,0,0,0,0,0,0
torcache.net,0,0,1,2,0,0,0,0,0,1,0,0,0,0,0,0,0
kickass.to,0,0,1,1,0,0,0,0,0,1,0,0,0,0,0,0,0
teespring.com,0,0,1,2,0,0,0,0,0,1,0,0,0,0,0,0,0
bongda88.info,0,0,1,1,0,0,0,0,0,1,0,0,0,0,0,0,0
distractify.com,0,0,1,10,0,0,0,0,0,1,0,0,0,0,0,0,0
indianexpress.com,0,0,1,4,0,0,0,0,0,1,0,0,0,0,0,0,0
sprint.com,0,0,1,2,0,0,0,0,0,1,0,0,0,0,0,0,0
myspace.com,0,0,1,5,0,0,0,0,0,1,0,0,0,0,0,0,0
nypost.com,0,0,1,4,0,0,0,0,0,1,0,0,0,0,0,0,0
steamcommunity.com,0,0,1,7,1,0,0,0,0,1,0,0,0,0,0,0,0
bigcinema.tv,0,0,1,2,0,0,0,0,0,1,0,0,0,0,0,0,0
slashdot.org,0,0,1,3,0,0,0,0,0,1,0,0,0,0,0,0,0
grantland.com,0,0,1,2,0,0,0,0,0,1,0,0,0,0,0,0,0
twitter.com,0,0,1,1,0,0,0,0,0,0,0,0,0,0,0,0,0
www.nhs.uk,0,0,1,5,0,0,0,0,0,1,0,0,0,0,0,0,0
noticias.uol.com.br,0,0,1,6,0,0,0,0,0,1,0,0,0,0,0,0,0
correios.com.br,0,0,1,6,0,0,0,0,0,1,0,0,0,0,0,0,0
kienthuc.net.vn,0,0,1,2,0,0,0,0,0,1,0,0,0,0,0,0,0
olx.co.id,0,0,1,7,0,0,0,0,0,1,0,0,0,0,0,0,0
extratorrent.cc,0,0,1,3,0,0,0,0,0,1,0,0,0,0,0,0,0
xhamster.com,0,0,1,3,0,0,0,0,0,1,0,0,0,0,0,0,0
mylust.com,0,0,1,3,0,0,0,0,0,1,0,0,0,0,0,0,0
distractify.com,0,0,1,10,0,0,0,0,0,1,0,0,0,0,0,0,0
ap.org,0,0,1,4,0,0,0,0,0,1,0,0,0,0,0,0,0
thenextweb.com,0,0,1,6,0,0,0,0,0,1,0,0,0,0,0,0,0
techcrunch.com,0,0,1,4,0,0,0,0,0,1,0,0,0,0,0,0,0
www.nhs.uk,0,0,1,5,0,0,0,0,0,1,0,0,0,0,0,0,0
olx.in,0,0,1,2,0,0,0,0,0,1,0,0,0,0,0,0,0
extratorrent.cc,0,0,1,3,0,0,0,0,0,1,0,0,0,0,0,0,0
grantland.com,0,0,1,2,0,0,0,0,0,1,0,0,0,0,0,0,0
censor.net.ua,0,0,1,3,0,0,0,0,0,1,0,0,0,0,0,0,0
plarium.com,0,0,1,5,0,0,0,0,0,1,0,0,0,0,0,0,0
motthegioi.vn,0,0,1,2,0,0,0,0,0,1,0,0,0,0,0,0,0
web.de,0,0,1,4,0,0,0,0,0,1,0,0,0,0,0,0,0
grantland.com,0,0,1,2,0,0,0,0,0,1,0,0,0,0,0,0,0
codecanyon.net,0,0,1,4,0,0,0,0,0,1,0,0,0,0,0,0,0
themeforest.net,0,0,1,4,0,0,0,0,0,1,0,0,0,0,0,0,0
syosetu.com,0,0,1,3,0,0,0,0,0,1,0,0,0,0,0,0,0
medium.com,0,1,1,2,0,0,0,0,0,0,0,0,0,0,0,0,0
jezebel.com,0,0,1,3,0,0,0,0,0,1,0,0,0,0,0,0,0
udn.com,0,0,1,4,0,0,0,0,0,1,0,0,0,0,0,0,0
moviepilot.com,0,0,1,5,0,0,0,0,0,1,0,0,0,0,0,0,0
torcache.net,0,0,1,2,0,0,0,0,0,1,0,0,0,0,0,0,0
medium.com,0,0,1,2,0,0,0,0,0,0,0,0,0,0,0,0,0
extratorrent.cc,0,0,1,3,0,0,0,0,0,1,0,0,0,0,0,0,0
xhamster.com,0,0,1,3,0,0,0,0,0,1,0,0,0,0,0,0,0
babal.net,0,0,1,4,0,0,0,0,0,1,0,0,0,0,0,0,0
himado.in,0,0,1,0,0,0,0,0,0,1,0,0,0,0,0,0,0
momoshop.com.tw,0,0,1,2,0,0,0,0,0,1,0,0,0,0,0,0,0
indianexpress.com,0,0,1,4,0,0,0,0,0,1,0,0,0,0,0,0,0
torcache.net,0,0,1,2,0,0,0,0,0,1,0,0,0,0,0,0,0
tobogo.net,0,0,1,2,0,0,0,0,0,1,0,0,0,0,0,0,0
udn.com,0,0,1,4,0,0,0,0,0,1,0,0,0,0,0,0,0
distractify.com,0,0,1,10,0,0,0,0,0,1,0,0,0,0,0,0,0
mylust.com,0,0,1,3,0,0,0,0,0,1,0,0,0,0,0,0,0
babal.net,0,0,1,4,0,0,0,0,0,1,0,0,0,0,0,0,0
babal.net,0,0,1,4,0,0,0,0,0,1,0,0,0,0,0,0,0
sfglobe.com,0,0,1,4,0,0,0,0,0,1,0,0,0,0,0,0,0
babal.net,0,0,1,4,0,0,0,0,0,1,0,0,0,0,0,0,0
persianblog.ir,0,0,1,4,0,0,0,0,0,1,0,0,0,0,0,0,0
deadspin.com,0,0,1,3,0,0,0,0,0,1,0,0,0,0,0,0,0
askubuntu.com,0,0,1,3,0,0,0,0,0,1,0,0,0,0,0,0,0
io9.com,0,0,1,2,0,0,0,0,0,1,0,0,0,0,0,0,0
gizmodo.com,0,0,1,2,0,0,0,0,0,1,0,0,0,0,0,0,0
thechive.com,0,0,1,4,0,0,0,0,0,1,0,0,0,0,0,0,0
espn.go.com,0,0,1,6,0,0,0,0,0,1,0,0,0,0,0,0,0
motthegioi.vn,0,0,1,3,0,0,0,0,0,1,0,0,0,0,0,0,0
nypost.com,0,0,1,4,0,0,0,0,0,1,0,0,0,0,0,0,0
medium.com,0,1,1,2,0,0,0,0,0,0,0,0,0,0,0,0,0
olx.in,0,0,1,3,0,0,0,0,0,1,0,0,0,0,0,0,0
torrentdn.com,0,0,1,2,0,0,0,0,0,1,0,0,0,0,0,0,0
motthegioi.vn,0,0,1,3,0,0,0,0,0,1,0,0,0,0,0,0,0
censor.net.ua,0,0,1,14,0,0,0,0,0,1,0,0,0,0,0,0,0
codepen.io,0,0,1,2,0,0,0,0,0,1,0,0,0,0,0,0,0
torcache.net,0,0,1,2,0,0,0,0,0,1,0,0,0,0,0,0,0
otomoto.pl,0,0,1,4,0,0,0,0,0,1,0,0,0,0,0,0,0
zozo.jp,0,0,1,2,0,0,0,0,0,1,0,0,0,0,0,0,0
interpark.com,0,0,1,2,0,0,0,0,0,1,0,0,0,0,0,0,0
khabaronline.ir,0,0,1,5,0,0,0,0,0,1,0,0,0,0,0,0,0
elitedaily.com,0,0,1,4,0,0,0,0,0,1,0,0,0,0,0,0,0
extratorrent.cc,0,0,1,3,0,0,0,0,0,1,0,0,0,0,0,0,0
taboola.com,0,0,1,2,0,0,0,0,0,1,0,0,0,0,0,0,0
olx.ua,0,0,1,2,0,0,0,0,0,1,0,0,0,0,0,0,0
qz.com,0,0,1,2,0,0,0,0,0,1,0,0,0,0,0,0,0
hollywoodlife.com,0,0,1,4,0,0,0,0,0,1,0,0,0,0,0,0,0
olx.ro,0,0,1,7,0,0,0,0,0,1,0,0,0,0,0,0,0
mirtesen.ru,0,0,1,1,0,0,0,0,0,1,0,0,0,0,0,0,0
tobogo.net,0,0,1,2,0,0,0,0,0,1,0,0,0,0,0,0,0
icicibank.com,0,0,1,3,0,0,0,0,0,1,0,0,0,0,0,0,0
buzzfil.net,0,0,1,3,0,0,0,0,0,1,0,0,0,0,0,0,0
torcache.net,0,0,1,2,0,0,0,0,0,1,0,0,0,0,0,0,0
otomoto.pl,0,0,1,2,0,0,0,0,0,1,0,0,0,0,0,0,0
1337x.to,0,0,1,3,0,0,0,0,0,1,0,0,0,0,0,0,0
gizmodo.com,0,0,1,2,0,0,0,0,0,1,0,0,0,0,0,0,0
icicibank.com,0,0,1,3,0,0,0,0,0,1,0,0,0,0,0,0,0
medium.com,0,1,1,2,0,0,0,0,0,0,0,0,0,0,0,0,0
interpark.com,0,0,1,2,0,0,0,0,0,1,0,0,0,0,0,0,0
babal.net,0,0,1,4,0,0,0,0,0,1,0,0,0,0,0,0,0
gawker.com,0,0,1,1,0,0,0,0,0,1,0,0,0,0,0,0,0
atwiki.jp,0,0,1,2,0,0,0,0,0,1,0,0,0,0,0,0,0
motthegioi.vn,0,0,1,2,0,0,0,0,0,1,0,0,0,0,0,0,0
emgn.com,0,0,1,2,0,0,0,0,0,1,0,0,0,0,0,0,0
torcache.net,0,0,1,2,0,0,0,0,0,1,0,0,0,0,0,0,0
web.de,0,0,1,6,0,0,0,0,0,1,0,0,0,0,0,0,0
momoshop.com.tw,0,0,1,2,0,0,0,0,0,1,0,0,0,0,0,0,0
pornsharing.com,0,0,1,1,0,0,0,0,0,1,0,0,0,0,0,0,0
perezhilton.com,0,0,1,1,0,0,0,0,0,1,0,0,0,0,0,0,0
katproxy.com,0,0,1,1,0,0,0,0,0,1,0,0,0,0,0,0,0
sfglobe.com,0,0,1,4,0,0,0,0,0,1,0,0,0,0,0,0,0
thechive.com,0,0,1,2,0,0,0,0,0,1,0,0,0,0,0,0,0
katproxy.com,0,0,1,1,0,0,0,0,0,1,0,0,0,0,0,0,0
motthegioi.vn,0,0,1,3,0,0,0,0,0,1,0,0,0,0,0,0,0
tinnhanh360.net,0,0,1,1,0,0,0,0,0,1,0,0,0,0,0,0,0
onedio.com,0,0,1,2,0,0,0,0,0,1,0,0,0,0,0,0,0
lifehacker.com,0,0,1,1,0,0,0,0,0,1,0,0,0,0,0,0,0
depositphotos.com,0,0,1,2,0,0,0,0,0,1,0,0,0,0,0,0,0
depositphotos.com,0,0,1,1,0,0,0,0,0,1,0,0,0,0,0,0,0
bankmellat.ir,0,0,1,1,0,0,0,0,0,1,0,0,0,0,0,0,0
torcache.net,0,0,1,2,0,0,0,0,0,1,0,0,0,0,0,0,0
icicibank.com,0,0,1,3,0,0,0,0,0,1,0,0,0,0,0,0,0
depositphotos.com,0,0,1,1,0,0,0,0,0,1,0,0,0,0,0,0,0
olx.ua,0,0,1,3,0,0,0,0,0,1,0,0,0,0,0,0,0
mylust.com,0,0,1,3,0,0,0,0,0,1,0,0,0,0,0,0,0
techcrunch.com,0,0,1,4,0,0,0,0,0,1,0,0,0,0,0,0,0
extratorrent.cc,0,0,1,3,0,0,0,0,0,1,0,0,0,0,0,0,0
thenextweb.com,0,0,1,7,0,0,0,0,0,1,0,0,0,0,0,0,0
kickass.to,0,0,1,1,0,0,0,0,0,1,0,0,0,0,0,0,0
kenh14.vn,0,0,1,2,0,0,0,0,0,1,0,0,0,0,0,0,0
atwiki.jp,0,0,1,2,0,0,0,0,0,1,0,0,0,0,0,0,0
emgn.com,0,0,1,2,0,0,0,0,0,1,0,0,0,0,0,0,0
medium.com,0,0,1,2,0,0,0,0,0,0,0,0,0,0,0,0,0
distractify.com,0,0,1,10,0,0,0,0,0,1,0,0,0,0,0,0,0
plarium.com,0,0,1,5,0,0,0,0,0,1,0,0,0,0,0,0,0
censor.net.ua,0,0,1,3,0,0,0,0,0,1,0,0,0,0,0,0,0
sourceforge.net,0,0,1,3,0,0,0,0,0,1,0,0,0,0,0,0,0
otomoto.pl,0,0,1,4,0,0,0,0,0,1,0,0,0,0,0,0,0
kenh14.vn,0,0,1,2,0,0,0,0,0,1,0,0,0,0,0,0,0
icicibank.com,0,0,1,3,0,0,0,0,0,1,0,0,0,0,0,0,0
xhamster.com,0,0,1,3,0,0,0,0,0,1,0,0,0,0,0,0,0
tobogo.net,0,0,1,2,0,0,0,0,0,1,0,0,0,0,0,0,0
smallseotools.com,0,0,1,2,0,0,0,0,0,1,0,0,0,0,0,0,0
thenextweb.com,0,0,1,6,0,0,0,0,0,1,0,0,0,0,0,0,0
comicbook.com,0,0,1,4,0,0,0,0,0,1,0,0,0,0,0,0,0
sourceforge.net,0,0,1,3,0,0,0,0,0,1,0,0,0,0,0,0,0
moviepilot.com,0,0,1,5,0,0,0,0,0,1,0,0,0,0,0,0,0
fc2.com,0,0,1,3,0,0,0,0,0,1,0,0,0,0,0,0,0
bestblackhatforum.com,0,0,1,1,0,0,0,0,0,1,0,0,0,0,0,0,0
mic.com,0,0,1,3,0,0,0,0,0,1,0,0,0,0,0,0,0
twitter.com,0,0,1,1,0,0,0,0,0,0,0,0,0,0,0,0,0
momoshop.com.tw,0,0,1,2,0,0,0,0,0,1,0,0,0,0,0,0,0
distractify.com,0,0,1,10,0,0,0,0,0,1,0,0,0,0,0,0,0
worldoftanks.ru,0,0,1,5,0,0,0,0,0,1,0,0,0,0,0,0,0
worldoftanks.ru,0,0,1,5,0,0,0,0,0,1,0,0,0,0,0,0,0
superuser.com,0,0,1,3,0,0,0,0,0,1,0,0,0,0,0,0,0
babal.net,0,0,1,4,0,0,0,0,0,1,0,0,0,0,0,0,0
kenh14.vn,0,0,1,2,0,0,0,0,0,1,0,0,0,0,0,0,0
moviepilot.com,0,0,1,5,0,0,0,0,0,1,0,0,0,0,0,0,0
codepen.io,0,0,1,3,0,0,0,0,0,1,0,0,0,0,0,0,0
kakaku.com,0,0,1,6,0,0,0,0,0,1,0,0,0,0,0,0,0
askubuntu.com,0,0,1,3,0,0,0,0,0,1,0,0,0,0,0,0,0
maybank2u.com.my,0,0,1,4,0,0,0,0,0,1,0,0,0,0,0,0,0
maybank2u.com.my,0,0,1,4,0,0,0,0,0,1,0,0,0,0,0,0,0
udn.com,0,0,1,4,0,0,0,0,0,1,0,0,0,0,0,0,0
ringring.vn,0,0,1,1,0,0,0,0,0,1,0,0,0,0,0,0,0
wikiwiki.jp,0,0,1,1,0,0,0,0,0,1,0,0,0,0,0,0,0
thenextweb.com,0,0,1,6,0,0,0,0,0,1,0,0,0,0,0,0,0
alwafd.org,0,0,1,4,0,0,0,0,0,1,0,0,0,0,0,0,0
olx.in,0,0,1,3,0,0,0,0,0,1,0,0,0,0,0,0,0
kotaku.com,0,0,1,3,0,0,0,0,0,1,0,0,0,0,0,0,0
superuser.com,0,0,1,3,0,0,0,0,0,1,0,0,0,0,0,0,0
xhamster.com,0,0,1,3,0,0,0,0,0,1,0,0,0,0,0,0,0
aljazeera.net,0,0,1,4,0,0,0,0,0,1,0,0,0,0,0,0,0
censor.net.ua,0,0,1,14,0,0,0,0,0,1,0,0,0,0,0,0,0
khabaronline.ir,0,0,1,5,0,0,0,0,0,1,0,0,0,0,0,0,0
mylust.com,0,0,1,3,0,0,0,0,0,1,0,0,0,0,0,0,0
searchengineland.com,0,0,1,1,0,0,0,0,0,1,0,0,0,0,0,0,0
syosetu.com,0,0,1,3,0,0,0,0,0,1,0,0,0,0,0,0,0
getpocket.com,0,0,1,1,1,0,0,0,0,1,0,0,0,0,0,0,0
steamcommunity.com,0,0,1,6,1,0,0,0,0,1,0,0,0,0,0,0,0
twitter.com,0,0,1,1,0,0,0,0,0,0,0,0,0,0,0,0,0
qz.com,0,0,1,2,0,0,0,0,0,1,0,0,0,0,0,0,0
tinnhanh360.net,0,0,1,1,0,0,0,0,0,1,0,0,0,0,0,0,0
qz.com,0,0,1,2,0,0,0,0,0,1,0,0,0,0,0,0,0
codecanyon.net,0,0,1,4,0,0,0,0,0,1,0,0,0,0,0,0,0
tobogo.net,0,0,1,2,0,0,0,0,0,1,0,0,0,0,0,0,0
tobogo.net,0,0,1,2,0,0,0,0,0,1,0,0,0,0,0,0,0
skyrock.com,0,0,1,2,0,0,0,0,0,1,0,0,0,0,0,0,0
nesn.com,0,0,1,3,0,0,0,0,0,1,0,0,0,0,0,0,0
distractify.com,0,0,1,10,0,0,0,0,0,1,0,0,0,0,0,0,0
motthegioi.vn,0,0,1,2,0,0,0,0,0,1,0,0,0,0,0,0,0
extratorrent.cc,0,0,1,3,0,0,0,0,0,1,0,0,0,0,0,0,0
elitedaily.com,0,0,1,3,0,0,0,0,0,1,0,0,0,0,0,0,0
web.tv,0,0,1,8,0,0,0,0,0,1,0,0,0,0,0,0,0
distractify.com,0,0,1,10,0,0,0,0,0,1,0,0,0,0,0,0,0
atwiki.jp,0,0,1,3,0,0,0,0,0,1,0,0,0,0,0,0,0
indianexpress.com,0,0,1,4,0,0,0,0,0,1,0,0,0,0,0,0,0
kenh14.vn,0,0,1,2,0,0,0,0,0,1,0,0,0,0,0,0,0
askubuntu.com,0,0,1,3,0,0,0,0,0,1,0,0,0,0,0,0,0
distractify.com,0,0,1,10,0,0,0,0,0,1,0,0,0,0,0,0,0
tobogo.net,0,0,1,2,0,0,0,0,0,1,0,0,0,0,0,0,0
indianexpress.com,0,0,1,4,0,0,0,0,0,1,0,0,0,0,0,0,0
thenextweb.com,0,0,1,7,0,0,0,0,0,1,0,0,0,0,0,0,0
emgn.com,0,0,1,2,0,0,0,0,0,1,0,0,0,0,0,0,0
sourceforge.net,0,0,1,2,0,0,0,0,0,1,0,0,0,0,0,0,0
mashable.com,0,0,1,5,0,0,0,0,0,1,0,0,0,0,0,0,0
emgn.com,0,0,1,2,0,0,0,0,0,1,0,0,0,0,0,0,0
twitter.com,0,0,1,1,0,0,0,0,0,0,0,0,0,0,0,0,0
oneplus.net,0,0,1,4,0,0,0,0,0,1,0,0,0,0,0,0,0
wordpress.org,0,0,1,8,0,0,0,0,0,0,0,0,0,0,0,0,0
thenextweb.com,0,0,1,5,0,0,0,0,0,1,0,0,0,0,0,0,0
nymag.com,0,0,1,5,0,0,0,0,0,1,0,0,0,0,0,0,0
techcrunch.com,0,0,1,1,0,0,0,0,0,1,0,0,0,0,0,0,0
sourceforge.net,0,0,1,3,0,0,0,0,0,1,0,0,0,0,0,0,0
askubuntu.com,0,0,1,3,0,0,0,0,0,1,0,0,0,0,0,0,0
kakaku.com,0,0,1,6,0,0,0,0,0,1,0,0,0,0,0,0,0
themeforest.net,0,0,1,4,0,0,0,0,0,1,0,0,0,0,0,0,0
interpark.com,0,0,1,2,0,0,0,0,0,1,0,0,0,0,0,0,0
indianexpress.com,0,0,1,4,0,0,0,0,0,1,0,0,0,0,0,0,0
codecanyon.net,0,0,1,4,0,0,0,0,0,1,0,0,0,0,0,0,0
twitter.com,0,0,1,1,0,0,0,0,0,0,0,0,0,0,0,0,0
1337x.to,0,0,1,3,0,0,0,0,0,1,0,0,0,0,0,0,0
thenextweb.com,0,0,1,6,0,0,0,0,0,1,0,0,0,0,0,0,0
lastpass.com,0,0,1,1,0,0,0,0,0,1,0,0,0,0,0,0,0
distractify.com,0,0,1,10,0,0,0,0,0,1,0,0,0,0,0,0,0
mic.com,0,0,1,3,0,0,0,0,0,1,0,0,0,0,0,0,0
motthegioi.vn,0,0,1,2,0,0,0,0,0,1,0,0,0,0,0,0,0
1337x.to,0,0,1,3,0,0,0,0,0,1,0,0,0,0,0,0,0
katproxy.com,0,0,1,1,0,0,0,0,0,1,0,0,0,0,0,0,0
twitter.com,0,0,1,1,0,0,0,0,0,0,0,0,0,0,0,0,0
cheezburger.com,0,0,1,2,0,0,0,0,0,1,0,0,0,0,0,0,0
mic.com,0,0,1,3,0,0,0,0,0,1,0,0,0,0,0,0,0
motthegioi.vn,0,0,1,3,0,0,0,0,0,1,0,0,0,0,0,0,0
buzzfil.net,0,0,1,4,0,0,0,0,0,1,0,0,0,0,0,0,0
genius.com,0,0,1,3,0,0,0,0,0,1,0,0,0,0,0,0,0
nesn.com,0,0,1,3,0,0,0,0,0,1,0,0,0,0,0,0,0
rocketnews24.com,0,0,1,4,0,0,0,0,0,1,0,0,0,0,0,0,0
interpark.com,0,0,1,2,0,0,0,0,0,1,0,0,0,0,0,0,0
prezi.com,0,0,1,4,0,0,0,0,0,1,0,0,0,0,0,0,0
cheezburger.com,0,0,1,2,0,0,0,0,0,1,0,0,0,0,0,0,0
bestblackhatforum.com,0,0,1,1,0,0,0,0,0,1,0,0,0,0,0,0,0
emgn.com,0,0,1,2,0,0,0,0,0,1,0,0,0,0,0,0,0
superuser.com,0,0,1,3,0,0,0,0,0,1,0,0,0,0,0,0,0
distractify.com,0,0,1,10,0,0,0,0,0,1,0,0,0,0,0,0,0
bdnews24.com,0,0,1,5,0,0,0,0,0,1,0,0,0,0,0,0,0
mylust.com,0,0,1,3,0,0,0,0,0,1,0,0,0,0,0,0,0
seesaawiki.jp,0,0,1,4,0,0,0,0,0,1,0,0,0,0,0,0,0
venturebeat.com,0,0,1,4,0,0,0,0,0,1,0,0,0,0,0,0,0
nesn.com,0,0,1,3,0,0,0,0,0,1,0,0,0,0,0,0,0
bdnews24.com,0,0,1,5,0,0,0,0,0,1,0,0,0,0,0,0,0
slickdeals.net,0,0,1,2,0,0,0,0,0,1,0,0,0,0,0,0,0
torcache.net,0,0,1,2,0,0,0,0,0,1,0,0,0,0,0,0,0
chaturbate.com,0,0,1,3,0,0,0,0,0,1,0,0,0,0,0,0,0
eksisozluk.com,0,0,1,0,0,0,0,0,0,1,0,0,0,0,0,0,0
seesaawiki.jp,0,0,1,4,0,0,0,0,0,1,0,0,0,0,0,0,0
olx.ua,0,0,1,2,0,0,0,0,0,1,0,0,0,0,0,0,0
tunein.com,0,0,1,5,0,0,0,0,0,1,0,0,0,0,0,0,0
techcrunch.com,0,0,1,4,0,0,0,0,0,1,0,0,0,0,0,0,0
udn.com,0,0,1,4,0,0,0,0,0,1,0,0,0,0,0,0,0
sfglobe.com,0,0,1,4,0,0,0,0,0,1,0,0,0,0,0,0,0
akhbarelyom.com,0,0,1,5,0,0,0,0,0,1,0,0,0,0,0,0,0
distractify.com,0,0,1,2,0,0,0,0,0,1,0,0,0,0,0,0,0
tunein.com,0,0,1,5,0,0,0,0,0,1,0,0,0,0,0,0,0
chaturbate.com,0,0,1,3,0,0,0,0,0,1,0,0,0,0,0,0,0
allegro.pl,0,0,1,2,0,0,0,0,0,1,0,0,0,0,0,0,0
tinypic.com,0,0,1,1,0,0,0,0,0,1,0,0,0,0,0,0,0
putlocker.is,0,0,1,1,0,0,0,0,0,1,0,0,0,0,0,0,0
tobogo.net,0,0,1,2,0,0,0,0,0,1,0,0,0,0,0,0,0
grantland.com,0,0,1,2,0,0,0,0,0,1,0,0,0,0,0,0,0
plarium.com,0,0,1,5,0,0,0,0,0,1,0,0,0,0,0,0,0
censor.net.ua,0,0,1,3,0,0,0,0,0,1,0,0,0,0,0,0,0
kienthuc.net.vn,0,0,1,2,0,0,0,0,0,1,0,0,0,0,0,0,0
torcache.net,0,0,1,2,0,0,0,0,0,1,0,0,0,0,0,0,0
otomoto.pl,0,0,1,4,0,0,0,0,0,1,0,0,0,0,0,0,0
thenextweb.com,0,0,1,6,0,0,0,0,0,1,0,0,0,0,0,0,0
mylust.com,0,0,1,3,0,0,0,0,0,1,0,0,0,0,0,0,0
teespring.com,0,0,1,1,0,0,0,0,0,1,0,0,0,0,0,0,0
askubuntu.com,0,0,1,3,0,0,0,0,0,1,0,0,0,0,0,0,0
tunein.com,0,0,1,5,0,0,0,0,0,1,0,0,0,0,0,0,0
motthegioi.vn,0,0,1,3,0,0,0,0,0,1,0,0,0,0,0,0,0
olx.co.id,0,0,1,2,0,0,0,0,0,1,0,0,0,0,0,0,0
pikabu.ru,0,0,1,2,0,0,0,0,0,1,0,0,0,0,0,0,0
momoshop.com.tw,0,0,1,2,0,0,0,0,0,1,0,0,0,0,0,0,0
tobogo.net,0,0,1,2,0,0,0,0,0,1,0,0,0,0,0,0,0
mylust.com,0,0,1,3,0,0,0,0,0,1,0,0,0,0,0,0,0
otomoto.pl,0,0,1,4,0,0,0,0,0,1,0,0,0,0,0,0,0
emgn.com,0,0,1,2,0,0,0,0,0,1,0,0,0,0,0,0,0
mic.com,0,0,1,3,0,0,0,0,0,1,0,0,0,0,0,0,0
kakaku.com,0,0,1,6,0,0,0,0,0,1,0,0,0,0,0,0,0
mic.com,0,0,1,3,0,0,0,0,0,1,0,0,0,0,0,0,0
gawker.com,0,0,1,2,0,0,0,0,0,1,0,0,0,0,0,0,0
bdnews24.com,0,0,1,5,0,0,0,0,0,1,0,0,0,0,0,0,0
buzzfil.net,0,0,1,4,0,0,0,0,0,1,0,0,0,0,0,0,0
superuser.com,0,0,1,3,0,0,0,0,0,1,0,0,0,0,0,0,0
tobogo.net,0,0,1,2,0,0,0,0,0,1,0,0,0,0,0,0,0
grantland.com,0,0,1,2,0,0,0,0,0,1,0,0,0,0,0,0,0
emgn.com,0,0,1,2,0,0,0,0,0,1,0,0,0,0,0,0,0
mashable.com,0,0,1,6,0,0,0,0,0,1,0,0,0,0,0,0,0
olx.ua,0,0,1,3,0,0,0,0,0,1,0,0,0,0,0,0,0
extratorrent.cc,0,0,1,3,0,0,0,0,0,1,0,0,0,0,0,0,0
torcache.net,0,0,1,2,0,0,0,0,0,1,0,0,0,0,0,0,0
metro.co.uk,0,0,1,4,0,0,0,0,0,1,0,0,0,0,0,0,0
metro.co.uk,0,0,1,4,0,0,0,0,0,1,0,0,0,0,0,0,0
atwiki.jp,0,0,1,2,0,0,0,0,0,1,0,0,0,0,0,0,0
digg.com,0,0,1,2,0,0,0,0,0,1,0,0,0,0,0,0,0
mashable.com,0,0,1,5,0,0,0,0,0,1,0,0,0,0,0,0,0
tinnhanh360.net,0,0,1,1,0,0,0,0,0,1,0,0,0,0,0,0,0
fanpage.gr,0,0,1,3,0,0,0,0,0,1,0,0,0,0,0,0,0
udn.com,0,0,1,4,0,0,0,0,0,1,0,0,0,0,0,0,0
distractify.com,0,0,1,10,0,0,0,0,0,1,0,0,0,0,0,0,0
bdnews24.com,0,0,1,5,0,0,0,0,0,1,0,0,0,0,0,0,0
how-old.net,0,0,1,2,0,0,0,1,0,1,0,0,0,0,0,0,0
nypost.com,0,0,1,4,0,0,0,0,0,1,0,0,0,0,0,0,0
udn.com,0,0,1,4,0,0,0,0,0,1,0,0,0,0,0,0,0
twitter.com,0,0,1,1,0,0,0,0,0,0,0,0,0,0,0,0,0
allegro.pl,0,0,1,2,0,0,0,0,0,1,0,0,0,0,0,0,0
variety.com,0,0,1,4,0,0,0,0,0,1,0,0,0,0,0,0,0
askubuntu.com,0,0,1,3,0,0,0,0,0,1,0,0,0,0,0,0,0
correios.com.br,0,0,1,3,0,0,0,0,0,1,0,0,0,0,0,0,0
pitchfork.com,0,0,1,2,0,0,0,0,0,1,0,0,0,0,0,0,0
olx.co.id,0,0,1,7,0,0,0,0,0,1,0,0,0,0,0,0,0
techcrunch.com,0,0,1,3,0,0,0,0,0,1,0,0,0,0,0,0,0
torcache.net,0,0,1,2,0,0,0,0,0,1,0,0,0,0,0,0,0
uproxx.com,0,0,1,4,0,0,0,0,0,1,0,0,0,0,0,0,0
bleacherreport.com,0,0,1,2,0,0,0,0,0,1,0,0,0,0,0,0,0
thenextweb.com,0,0,1,6,0,0,0,0,0,1,0,0,0,0,0,0,0
fortune.com,0,0,1,2,0,0,0,0,0,1,0,0,0,0,0,0,0
thenextweb.com,0,0,1,5,0,0,0,0,0,1,0,0,0,0,0,0,0
web.de,0,0,1,3,0,0,0,0,0,1,0,0,0,0,0,0,0
tobogo.net,0,0,1,2,0,0,0,0,0,1,0,0,0,0,0,0,0
kotaku.com,0,0,1,2,0,0,0,0,0,1,0,0,0,0,0,0,0
thenextweb.com,0,0,1,6,0,0,0,0,0,1,0,0,0,0,0,0,0
thenextweb.com,0,0,1,7,0,0,0,0,0,1,0,0,0,0,0,0,0
ap.org,0,0,1,4,0,0,0,0,0,1,0,0,0,0,0,0,0
khabaronline.ir,0,0,1,5,0,0,0,0,0,1,0,0,0,0,0,0,0
twitter.com,0,0,1,1,0,0,0,0,0,0,0,0,0,0,0,0,0
cox.com,0,0,1,2,0,0,0,0,0,1,0,0,0,0,0,0,0
techcrunch.com,0,0,1,4,0,0,0,0,0,1,0,0,0,0,0,0,0
torcache.net,0,0,1,2,0,0,0,0,0,1,0,0,0,0,0,0,0
ck101.com,0,0,1,1,0,0,0,0,0,1,0,0,0,0,0,0,0
olx.ro,0,0,1,5,0,0,0,0,0,1,0,0,0,0,0,0,0
grantland.com,0,0,1,2,0,0,0,0,0,1,0,0,0,0,0,0,0
dribbble.com,0,0,1,2,0,0,0,0,0,1,0,0,0,0,0,0,0
buzzfil.net,0,0,1,4,0,0,0,0,0,1,0,0,0,0,0,0,0
atwiki.jp,0,0,1,2,0,0,0,0,0,1,0,0,0,0,0,0,0
www.gov.uk,0,0,1,3,0,0,0,0,0,0,0,0,0,0,0,0,0
udn.com,0,0,1,4,0,0,0,0,0,1,0,0,0,0,0,0,0
sourceforge.net,0,0,1,3,0,0,0,0,0,1,0,0,0,0,0,0,0
depositphotos.com,0,0,1,1,0,0,0,0,0,1,0,0,0,0,0,0,0
thenextweb.com,0,0,1,6,0,0,0,0,0,1,0,0,0,0,0,0,0
maybank2u.com.my,0,0,1,4,0,0,0,0,0,1,0,0,0,0,0,0,0
kenh14.vn,0,0,1,2,0,0,0,0,0,1,0,0,0,0,0,0,0
buzzfil.net,0,0,1,4,0,0,0,0,0,1,0,0,0,0,0,0,0
babal.net,0,0,1,4,0,0,0,0,0,1,0,0,0,0,0,0,0
paytm.com,0,0,1,6,0,0,0,0,0,1,0,0,0,0,0,0,0
torrentdn.com,0,0,1,2,0,0,0,0,0,1,0,0,0,0,0,0,0
distractify.com,0,0,1,10,0,0,0,0,0,1,0,0,0,0,0,0,0
medium.com,0,0,1,2,0,0,0,0,0,0,0,0,0,0,0,0,0
thenextweb.com,0,0,1,6,0,0,0,0,0,1,0,0,0,0,0,0,0
themeforest.net,0,0,1,4,0,0,0,0,0,1,0,0,0,0,0,0,0
olx.ua,0,0,1,2,0,0,0,0,0,1,0,0,0,0,0,0,0
torcache.net,0,0,1,2,0,0,0,0,0,1,0,0,0,0,0,0,0
9gag.tv,0,0,1,3,0,0,0,0,0,1,0,0,0,0,0,0,0
sfglobe.com,0,0,1,4,0,0,0,0,0,1,0,0,0,0,0,0,0
techcrunch.com,0,0,1,4,0,0,0,0,0,1,0,0,0,0,0,0,0
babal.net,0,0,1,4,0,0,0,0,0,1,0,0,0,0,0,0,0
elitedaily.com,0,0,1,4,0,0,0,0,0,1,0,0,0,0,0,0,0
skyrock.com,0,0,1,2,0,0,0,0,0,1,0,0,0,0,0,0,0
allegro.pl,0,0,1,2,0,0,0,0,0,1,0,0,0,0,0,0,0
europa.eu,0,0,1,6,0,0,0,0,0,0,0,0,0,0,0,0,0
ap.org,0,0,1,4,0,0,0,0,0,1,0,0,0,0,0,0,0
torcache.net,0,0,1,2,0,0,0,0,0,1,0,0,0,0,0,0,0
torcache.net,0,0,1,2,0,0,0,0,0,1,0,0,0,0,0,0,0
torcache.net,0,0,1,2,0,0,0,0,0,1,0,0,0,0,0,0,0
techcrunch.com,0,0,1,4,0,0,0,0,0,1,0,0,0,0,0,0,0
searchengineland.com,0,0,1,1,0,0,0,0,0,1,0,0,0,0,0,0,0
maybank2u.com.my,0,0,1,4,0,0,0,0,0,1,0,0,0,0,0,0,0
extratorrent.cc,0,0,1,3,0,0,0,0,0,1,0,0,0,0,0,0,0
venturebeat.com,0,0,1,4,0,0,0,0,0,1,0,0,0,0,0,0,0
ap.org,0,0,1,4,0,0,0,0,0,1,0,0,0,0,0,0,0
mylust.com,0,0,1,3,0,0,0,0,0,1,0,0,0,0,0,0,0
extratorrent.cc,0,0,1,3,0,0,0,0,0,1,0,0,0,0,0,0,0
torcache.net,0,0,1,2,0,0,0,0,0,1,0,0,0,0,0,0,0
kickass.to,0,0,1,1,0,0,0,0,0,1,0,0,0,0,0,0,0
seesaawiki.jp,0,0,1,3,0,0,0,0,0,1,0,0,0,0,0,0,0
otomoto.pl,0,0,1,6,0,0,0,0,0,1,0,0,0,0,0,0,0
getpocket.com,0,0,1,4,0,0,0,0,0,1,0,0,0,0,0,0,0
extratorrent.cc,0,0,1,3,0,0,0,0,0,1,0,0,0,0,0,0,0
web.de,0,0,1,6,0,0,0,0,0,1,0,0,0,0,0,0,0
olx.ro,0,0,1,7,0,0,0,0,0,1,0,0,0,0,0,0,0
distractify.com,0,0,1,10,0,0,0,0,0,1,0,0,0,0,0,0,0
perezhilton.com,0,0,1,1,0,0,0,0,0,1,0,0,0,0,0,0,0
hollywoodlife.com,0,0,1,4,0,0,0,0,0,1,0,0,0,0,0,0,0
bdnews24.com,0,0,1,5,0,0,0,0,0,1,0,0,0,0,0,0,0
olx.ua,0,0,1,2,0,0,0,0,0,1,0,0,0,0,0,0,0
askubuntu.com,0,0,1,3,0,0,0,0,0,1,0,0,0,0,0,0,0
io9.com,0,0,1,3,0,0,0,0,0,1,0,0,0,0,0,0,0
torcache.net,0,0,1,2,0,0,0,0,0,1,0,0,0,0,0,0,0
bdnews24.com,0,0,1,5,0,0,0,0,0,1,0,0,0,0,0,0,0
allrecipes.com,0,0,1,5,0,0,0,0,0,1,0,0,0,0,0,0,0
indianexpress.com,0,0,1,4,0,0,0,0,0,1,0,0,0,0,0,0,0
motthegioi.vn,0,0,1,2,0,0,0,0,0,1,0,0,0,0,0,0,0
quizlet.com,0,0,1,1,0,0,0,0,0,1,0,0,0,0,0,0,0
hootsuite.com,0,0,1,3,0,0,0,0,0,1,0,0,0,0,0,0,0
extratorrent.cc,0,0,1,3,0,0,0,0,0,1,0,0,0,0,0,0,0
torcache.net,0,0,1,2,0,0,0,0,0,1,0,0,0,0,0,0,0
icicibank.com,0,0,1,3,0,0,0,0,0,1,0,0,0,0,0,0,0
espn.go.com,0,0,1,8,0,0,0,0,0,1,0,0,0,0,0,0,0
dribbble.com,0,0,1,2,0,0,0,0,0,1,0,0,0,0,0,0,0
otomoto.pl,0,0,1,4,0,0,0,0,0,1,0,0,0,0,0,0,0
correios.com.br,0,0,1,3,0,0,0,0,0,1,0,0,0,0,0,0,0
emgn.com,0,0,1,2,0,0,0,0,0,1,0,0,0,0,0,0,0
pikabu.ru,0,0,1,3,0,0,0,0,0,1,0,0,0,0,0,0,0
tinnhanh360.net,0,0,1,1,0,0,0,0,0,1,0,0,0,0,0,0,0
dantri.com.vn,0,0,1,3,0,0,0,0,0,1,0,0,0,0,0,0,0
rocketnews24.com,0,0,1,2,0,0,0,0,0,1,0,0,0,0,0,0,0
espn.go.com,0,0,1,8,0,0,0,0,0,1,0,0,0,0,0,0,0
codecanyon.net,0,0,1,1,0,0,0,0,0,1,0,0,0,0,0,0,0
emgn.com,0,0,1,2,0,0,0,0,0,1,0,0,0,0,0,0,0
depositphotos.com,0,0,1,1,0,0,0,0,0,1,0,0,0,0,0,0,0
otomoto.pl,0,0,1,2,0,0,0,0,0,1,0,0,0,0,0,0,0
indianexpress.com,0,0,1,4,0,0,0,0,0,1,0,0,0,0,0,0,0
kenh14.vn,0,0,1,2,0,0,0,0,0,1,0,0,0,0,0,0,0
nymag.com,0,0,1,4,0,0,0,0,0,1,0,0,0,0,0,0,0
ringring.vn,0,0,1,3,0,0,0,0,0,1,0,0,0,0,0,0,0
correios.com.br,0,0,1,3,0,0,0,0,0,1,0,0,0,0,0,0,0
udn.com,0,0,1,4,0,0,0,0,0,1,0,0,0,0,0,0,0
myspace.com,0,0,1,4,0,0,0,0,0,1,0,0,0,0,0,0,0
oneplus.net,0,0,1,6,0,0,0,0,0,1,0,0,0,0,0,0,0
torcache.net,0,0,1,2,0,0,0,0,0,1,0,0,0,0,0,0,0
dantri.com.vn,0,0,1,2,0,0,0,0,0,1,0,0,0,0,0,0,0
bankmellat.ir,0,0,1,1,0,0,0,0,0,1,0,0,0,0,0,0,0
venturebeat.com,0,0,1,4,0,0,0,0,0,1,0,0,0,0,0,0,0
bdnews24.com,0,0,1,5,0,0,0,0,0,1,0,0,0,0,0,0,0
pikabu.ru,0,0,1,2,0,0,0,0,0,1,0,0,0,0,0,0,0
kenh14.vn,0,0,1,2,0,0,0,0,0,1,0,0,0,0,0,0,0
techcrunch.com,0,0,1,4,0,0,0,0,0,1,0,0,0,0,0,0,0
paytm.com,0,0,1,2,0,0,0,0,0,1,0,0,0,0,0,0,0
otomoto.pl,0,0,1,7,0,0,0,0,0,1,0,0,0,0,0,0,0
depositphotos.com,0,0,1,1,0,0,0,0,0,1,0,0,0,0,0,0,0
dantri.com.vn,0,0,1,2,0,0,0,0,0,1,0,0,0,0,0,0,0
vnexpress.net,0,0,1,3,0,0,0,0,0,1,0,0,0,0,0,0,0
allegro.pl,0,0,1,1,0,0,0,0,0,1,0,0,0,0,0,0,0
olx.ro,0,0,1,7,0,0,0,0,0,1,0,0,0,0,0,0,0
jalopnik.com,0,0,1,1,0,0,0,0,0,1,0,0,0,0,0,0,0
seesaawiki.jp,0,0,1,4,0,0,0,0,0,1,0,0,0,0,0,0,0
onedio.com,0,0,1,2,0,0,0,0,0,1,0,0,0,0,0,0,0
udn.com,0,0,1,4,0,0,0,0,0,1,0,0,0,0,0,0,0
perezhilton.com,0,0,1,2,0,0,0,0,0,1,0,0,0,0,0,0,0
babal.net,0,0,1,5,0,0,0,0,0,1,0,0,0,0,0,0,0
500px.com,0,0,1,3,0,0,0,0,0,1,0,0,0,0,0,0,0
olx.ro,0,0,1,5,0,0,0,0,0,1,0,0,0,0,0,0,0
sourceforge.net,0,0,1,2,0,0,0,0,0,1,0,0,0,0,0,0,0
interpark.com,0,0,1,2,0,0,0,0,0,1,0,0,0,0,0,0,0
moviepilot.com,0,0,1,5,0,0,0,0,0,1,0,0,0,0,0,0,0
yourlust.com,0,0,1,2,0,0,0,0,0,1,0,0,0,0,0,0,0
ecnavi.jp,0,0,1,1,1,0,0,0,0,1,0,0,0,0,0,0,0
fazenda.gov.br,0,0,1,4,0,0,0,0,0,1,0,0,0,0,0,0,0
nypost.com,0,0,1,4,0,0,0,0,0,1,0,0,0,0,0,0,0
ap.org,0,0,1,4,0,0,0,0,0,1,0,0,0,0,0,0,0
babal.net,0,0,1,4,0,0,0,0,0,1,0,0,0,0,0,0,0
depositphotos.com,0,0,1,2,0,0,0,0,0,1,0,0,0,0,0,0,0
slashdot.org,0,0,1,1,0,0,0,0,0,1,0,0,0,0,0,0,0
