Domain,Have_IP,Have_At,URL_Length,URL_Depth,Redirection,https_Domain,TinyURL,Prefix/Suffix,DNS_Record,Web_Traffic,Domain_Age,Domain_End,iFrame,Mouse_Over,Right_Click,Web_Forwards,Label
soundcloud.com,0,0,0,1,0,0,0,0,0,0,0,0,0,0,0,0,0
wellsfargo.com,0,0,0,4,0,0,0,0,0,0,0,0,0,0,0,0,0
www.adobe.com,0,0,0,1,0,0,0,0,0,0,0,0,0,0,0,0,0
www.golang.org,0,0,0,1,0,0,0,0,0,0,0,0,0,0,0,0,0
reuters.com,0,0,0,1,0,0,0,0,0,0,0,0,0,0,0,0,0
leetcode.com,0,0,0,1,0,0,0,0,0,0,0,0,0,0,0,0,0
vimeo.com,0,0,0,4,0,0,0,0,0,0,0,0,0,0,0,0,0
taobao.com,0,0,0,1,0,0,0,0,0,0,0,0,0,0,0,0,0
cam.ac.uk,0,0,0,1,0,0,0,0,0,0,0,0,0,0,0,0,0
cam.ac.uk,0,0,0,1,0,0,0,0,0,0,0,0,0,0,0,0,0
www.fidelity.com,0,0,0,3,0,0,0,0,0,0,0,0,0,0,0,0,0
craigslist.org,0,0,0,1,0,0,0,0,0,0,0,0,0,0,0,0,0
www.sony.com,0,0,0,3,0,0,0,0,0,0,0,0,0,0,0,0,0
www.dropbox.com,0,0,0,1,0,0,0,0,0,0,0,0,0,0,0,0,0
golang.org,0,0,0,3,0,0,0,0,0,0,0,0,0,0,0,0,0
www.php.net,0,0,0,1,0,0,0,0,0,0,0,0,0,0,0,0,0
samsung.com,0,0,0,1,0,0,0,0,0,0,0,0,0,0,0,0,0
www.forbes.com,0,0,0,3,0,0,0,0,0,0,0,0,0,0,0,0,0
oracle.com,0,0,0,1,0,0,0,0,0,0,0,0,0,0,0,0,0
nvidia.com,0,0,0,1,0,0,0,0,0,0,0,0,0,0,0,0,0
www.amd.com,0,0,0,1,0,0,0,0,0,0,0,0,0,0,0,0,0
www.adobe.com,0,0,0,1,0,0,0,0,0,0,0,0,0,0,0,0,0
www.berkeley.edu,0,0,0,4,0,0,0,0,0,0,0,0,0,0,0,0,0
apache.org,0,0,0,3,0,0,0,0,0,0,0,0,0,0,0,0,0
harvard.edu,0,0,0,3,0,0,0,0,0,0,0,0,0,0,0,0,0
ox.ac.uk,0,0,0,1,0,0,0,0,0,0,0,0,0,0,0,0,0
huawei.com,0,0,0,4,0,0,0,0,0,0,0,0,0,0,0,0,0
www.whatsapp.com,0,0,0,3,0,0,0,0,0,0,0,0,0,0,0,0,0
microsoft.com,0,0,0,3,0,0,0,0,0,0,0,0,0,0,0,0,0
nvidia.com,0,0,0,0,0,0,0,0,0,0,0,0,0,0,0,0,0
cisco.com,0,0,0,3,0,0,0,0,0,0,0,0,0,0,0,0,0
www.bing.com,0,0,0,1,0,0,0,0,0,0,0,0,0,0,0,0,0
quora.com,0,0,0,4,0,0,0,0,0,0,0,0,0,0,0,0,0
www.bloomberg.com,0,0,0,1,0,0,0,0,0,0,0,0,0,0,0,0,0
gitlab.com,0,0,0,1,0,0,0,0,0,0,0,0,0,0,0,0,0
bbc.com,0,0,0,1,0,0,0,0,0,0,0,0,0,0,0,0,0
www.bitfinex.com,0,0,0,0,0,0,0,0,0,0,0,0,0,0,0,0,0
www.oracle.com,0,0,0,1,0,0,0,0,0,0,0,0,0,0,0,0,0
www.office.com,0,0,0,1,0,0,0,0,0,0,0,0,0,0,0,0,0
www.digitalocean.com,0,0,1,1,0,0,0,0,0,0,0,0,0,0,0,0,0
www.spotify.com,0,0,0,1,0,0,0,0,0,0,0,0,0,0,0,0,0
www.square.com,0,0,0,1,0,0,0,0,0,0,0,0,0,0,0,0,0
tumblr.com,0,0,0,1,0,0,0,0,0,0,0,0,0,0,0,0,0
www.weather.com,0,0,0,0,0,0,0,0,0,0,0,0,0,0,0,0,0
www.americanexpress.com,0,0,0,1,0,0,0,0,0,0,0,0,0,0,0,0,0
kotlinlang.org,0,0,0,1,0,0,0,0,0,0,0,0,0,0,0,0,0
www.paypal.com,0,0,0,2,0,0,0,0,0,0,0,0,0,0,0,0,0
bankofamerica.com,0,0,0,1,0,0,0,0,0,0,0,0,0,0,0,0,0
www.digitalocean.com,0,0,0,1,0,0,0,0,0,0,0,0,0,0,0,0,0
stanford.edu,0,0,0,1,0,0,0,0,0,0,0,0,0,0,0,0,0
namecheap.com,0,0,0,4,0,0,0,0,0,0,0,0,0,0,0,0,0
www.harvard.edu,0,0,0,0,0,0,0,0,0,0,0,0,0,0,0,0,0
khanacademy.org,0,0,0,1,0,0,0,0,0,0,0,0,0,0,0,0,0
square.com,0,0,0,1,0,0,0,0,0,0,0,0,0,0,0,0,0
php.net,0,0,0,1,0,0,0,0,0,0,0,0,0,0,0,0,0
www.nasa.gov,0,0,0,1,0,0,0,0,0,0,0,0,0,0,0,0,0
flickr.com,0,0,0,1,0,0,0,0,0,0,0,0,0,0,0,0,0
www.taobao.com,0,0,0,1,0,0,0,0,0,0,0,0,0,0,0,0,0
www.trello.com,0,0,0,1,0,0,0,0,0,0,0,0,0,0,0,0,0
nodejs.org,0,0,0,4,0,0,0,0,0,0,0,0,0,0,0,0,0
www.hostgator.com,0,0,0,0,0,0,0,0,0,0,0,0,0,0,0,0,0
www.twitch.tv,0,0,0,3,0,0,0,0,0,0,0,0,0,0,0,0,0
www.qualcomm.com,0,0,0,1,0,0,0,0,0,0,0,0,0,0,0,0,0
cloud.google.com,0,0,0,4,0,0,0,0,0,0,0,0,0,0,0,0,0
www.kotlinlang.org,0,0,0,1,0,0,0,0,0,0,0,0,0,0,0,0,0
www.azure.microsoft.com,0,0,0,1,0,0,0,0,0,0,0,0,0,0,0,0,0
www.ruby-lang.org,0,0,0,1,0,0,0,1,0,0,0,0,0,0,0,0,0
tailwindcss.com,0,0,0,1,0,0,0,0,0,0,0,0,0,0,0,0,0
coinbase.com,0,0,0,3,0,0,0,0,0,0,0,0,0,0,0,0,0
www.yandex.ru,0,0,0,1,0,0,0,0,0,0,0,0,0,0,0,0,0
www.usa.gov,0,0,0,4,0,0,0,0,0,0,0,0,0,0,0,0,0
www.live.com,0,0,0,1,0,0,0,0,0,0,0,0,0,0,0,0,0
typescriptlang.org,0,0,0,2,0,0,0,0,0,0,0,0,0,0,0,0,0
qualcomm.com,0,0,0,3,0,0,0,0,0,0,0,0,0,0,0,0,0
mit.edu,0,0,0,1,0,0,0,0,0,0,0,0,0,0,0,0,0
www.wikipedia.org,0,0,0,4,0,0,0,0,0,0,0,0,0,0,0,0,0
www.mozilla.org,0,0,0,1,0,0,0,0,0,0,0,0,0,0,0,0,0
github.com,0,0,0,3,0,0,0,0,0,0,0,0,0,0,0,0,0
aws.amazon.com,0,0,0,3,0,0,0,0,0,0,0,0,0,0,0,0,0
reddit.com,0,0,0,4,0,0,0,0,0,0,0,0,0,0,0,0,0
trello.com,0,0,0,1,0,0,0,0,0,0,0,0,0,0,0,0,0
www.cam.ac.uk,0,0,0,4,0,0,0,0,0,0,0,0,0,0,0,0,0
linkedin.com,0,0,0,1,0,0,0,0,0,0,0,0,0,0,0,0,0
oneplus.com,0,0,0,0,0,0,0,0,0,0,0,0,0,0,0,0,0
ca.gov,0,0,0,1,0,0,0,0,0,0,0,0,0,0,0,0,0
www.twitter.com,0,0,0,0,0,0,0,0,0,0,0,0,0,0,0,0,0
www.imdb.com,0,0,0,0,0,0,0,0,0,0,0,0,0,0,0,0,0
www.w3schools.com,0,0,0,3,0,0,0,0,0,0,0,0,0,0,0,0,0
citi.com,0,0,0,1,0,0,0,0,0,0,0,0,0,0,0,0,0
linode.com,0,0,0,1,0,0,0,0,0,0,0,0,0,0,0,0,0
reactjs.org,0,0,0,3,0,0,0,0,0,0,0,0,0,0,0,0,0
bluehost.com,0,0,0,1,0,0,0,0,0,0,0,0,0,0,0,0,0
yandex.ru,0,0,0,1,0,0,0,0,0,0,0,0,0,0,0,0,0
www.jd.com,0,0,0,4,0,0,0,0,0,0,0,0,0,0,0,0,0
www.salesforce.com,0,0,0,1,0,0,0,0,0,0,0,0,0,0,0,0,0
www.usbank.com,0,0,0,1,0,0,0,0,0,0,0,0,0,0,0,0,0
www.google.com,0,0,0,4,0,0,0,0,0,0,0,0,0,0,0,0,0
mail.ru,0,0,0,4,0,0,0,0,0,0,0,0,0,0,0,0,0
www.stripe.com,0,0,0,1,0,0,0,0,0,0,0,0,0,0,0,0,0
telegram.org,0,0,0,1,0,0,0,0,0,0,0,0,0,0,0,0,0
tencent.com,0,0,0,1,0,0,0,0,0,0,0,0,0,0,0,0,0
www.mit.edu,0,0,0,3,0,0,0,0,0,0,0,0,0,0,0,0,0
www.canva.com,0,0,0,2,0,0,0,0,0,0,0,0,0,0,0,0,0
huawei.com,0,0,0,3,0,0,0,0,0,0,0,0,0,0,0,0,0
edx.org,0,0,0,1,0,0,0,0,0,0,0,0,0,0,0,0,0
www.python.org,0,0,0,1,0,0,0,0,0,0,0,0,0,0,0,0,0
imdb.com,0,0,0,1,0,0,0,0,0,0,0,0,0,0,0,0,0
www.vivo.com,0,0,0,1,0,0,0,0,0,0,0,0,0,0,0,0,0
www.cloud.google.com,0,0,0,2,0,0,0,0,0,0,0,0,0,0,0,0,0
www.theguardian.com,0,0,0,1,0,0,0,0,0,0,0,0,0,0,0,0,0
www.medium.com,0,0,0,2,0,0,0,0,0,0,0,0,0,0,0,0,0
www.wix.com,0,0,0,1,0,0,0,0,0,0,0,0,0,0,0,0,0
gemini.com,0,0,0,1,0,0,0,0,0,0,0,0,0,0,0,0,0
www.accuweather.com,0,0,0,1,0,0,0,0,0,0,0,0,0,0,0,0,0
berkeley.edu,0,0,0,1,0,0,0,0,0,0,0,0,0,0,0,0,0
www.facebook.com,0,0,0,2,0,0,0,0,0,0,0,0,0,0,0,0,0
www.amd.com,0,0,0,1,0,0,0,0,0,0,0,0,0,0,0,0,0
www.dropbox.com,0,0,0,1,0,0,0,0,0,0,0,0,0,0,0,0,0
www.nytimes.com,0,0,0,1,0,0,0,0,0,0,0,0,0,0,0,0,0
cdc.gov,0,0,0,1,0,0,0,0,0,0,0,0,0,0,0,0,0
www.facebook.com,0,0,0,1,0,0,0,0,0,0,0,0,0,0,0,0,0
pinterest.com,0,0,0,3,0,0,0,0,0,0,0,0,0,0,0,0,0
x.com,0,0,0,4,0,0,0,0,0,0,0,0,0,0,0,0,0
www.hp.com,0,0,0,1,0,0,0,0,0,0,0,0,0,0,0,0,0
un.org,0,0,0,1,0,0,0,0,0,0,0,0,0,0,0,0,0
www.ftx.com,0,0,0,4,0,0,0,0,0,0,0,0,0,0,0,0,0
imdb.com,0,0,0,1,0,0,0,0,0,0,0,0,0,0,0,0,0
leetcode.com,0,0,0,1,0,0,0,0,0,0,0,0,0,0,0,0,0
hackerrank.com,0,0,0,0,0,0,0,0,0,0,0,0,0,0,0,0,0
vanguard.com,0,0,0,1,0,0,0,0,0,0,0,0,0,0,0,0,0
www.medium.com,0,0,0,3,0,0,0,0,0,0,0,0,0,0,0,0,0
udacity.com,0,0,0,1,0,0,0,0,0,0,0,0,0,0,0,0,0
www.apache.org,0,0,0,3,0,0,0,0,0,0,0,0,0,0,0,0,0
europa.eu,0,0,0,1,0,0,0,0,0,0,0,0,0,0,0,0,0
www.wordpress.org,0,0,0,0,0,0,0,0,0,0,0,0,0,0,0,0,0
www.shopify.com,0,0,0,1,0,0,0,0,0,0,0,0,0,0,0,0,0
tumblr.com,0,0,0,4,0,0,0,0,0,0,0,0,0,0,0,0,0
www.jd.com,0,0,0,3,0,0,0,0,0,0,0,0,0,0,0,0,0
www.hackerrank.com,0,0,0,4,0,0,0,0,0,0,0,0,0,0,0,0,0
cdc.gov,0,0,0,1,0,0,0,0,0,0,0,0,0,0,0,0,0
www.nextjs.org,0,0,0,1,0,0,0,0,0,0,0,0,0,0,0,0,0
www.kraken.com,0,0,0,1,0,0,0,0,0,0,0,0,0,0,0,0,0
americanexpress.com,0,0,0,1,0,0,0,0,0,0,0,0,0,0,0,0,0
www.coursera.org,0,0,0,1,0,0,0,0,0,0,0,0,0,0,0,0,0
python.org,0,0,0,3,0,0,0,0,0,0,0,0,0,0,0,0,0
flickr.com,0,0,0,2,0,0,0,0,0,0,0,0,0,0,0,0,0
wordpress.org,0,0,0,1,0,0,0,0,0,0,0,0,0,0,0,0,0
www.nasa.gov,0,0,0,1,0,0,0,0,0,0,0,0,0,0,0,0,0
www.canva.com,0,0,0,3,0,0,0,0,0,0,0,0,0,0,0,0,0
www.dropbox.com,0,0,0,2,0,0,0,0,0,0,0,0,0,0,0,0,0
www.khanacademy.org,0,0,0,1,0,0,0,0,0,0,0,0,0,0,0,0,0
www.qualcomm.com,0,0,0,1,0,0,0,0,0,0,0,0,0,0,0,0,0
youtube.com,0,0,0,1,0,0,0,0,0,0,0,0,0,0,0,0,0
www.ftx.com,0,0,0,1,0,0,0,0,0,0,0,0,0,0,0,0,0
whatsapp.com,0,0,0,1,0,0,0,0,0,0,0,0,0,0,0,0,0
stripe.com,0,0,0,3,0,0,0,0,0,0,0,0,0,0,0,0,0
www.paypal.com,0,0,0,1,0,0,0,0,0,0,0,0,0,0,0,0,0
sina.com.cn,0,0,0,3,0,0,0,0,0,0,0,0,0,0,0,0,0
instagram.com,0,0,0,1,0,0,0,0,0,0,0,0,0,0,0,0,0
pinterest.com,0,0,0,4,0,0,0,0,0,0,0,0,0,0,0,0,0
bybit.com,0,0,0,4,0,0,0,0,0,0,0,0,0,0,0,0,0
coursera.org,0,0,0,4,0,0,0,0,0,0,0,0,0,0,0,0,0
www.quora.com,0,0,0,1,0,0,0,0,0,0,0,0,0,0,0,0,0
www.kraken.com,0,0,0,4,0,0,0,0,0,0,0,0,0,0,0,0,0
www.craigslist.org,0,0,0,1,0,0,0,0,0,0,0,0,0,0,0,0,0
nextjs.org,0,0,0,1,0,0,0,0,0,0,0,0,0,0,0,0,0
aliexpress.com,0,0,0,4,0,0,0,0,0,0,0,0,0,0,0,0,0
www.figma.com,0,0,0,0,0,0,0,0,0,0,0,0,0,0,0,0,0
tailwindcss.com,0,0,0,1,0,0,0,0,0,0,0,0,0,0,0,0,0
mail.ru,0,0,0,1,0,0,0,0,0,0,0,0,0,0,0,0,0
binance.com,0,0,0,3,0,0,0,0,0,0,0,0,0,0,0,0,0
www.craigslist.org,0,0,0,4,0,0,0,0,0,0,0,0,0,0,0,0,0
berkeley.edu,0,0,0,4,0,0,0,0,0,0,0,0,0,0,0,0,0
www.usa.gov,0,0,0,1,0,0,0,0,0,0,0,0,0,0,0,0,0
reactjs.org,0,0,0,1,0,0,0,0,0,0,0,0,0,0,0,0,0
amazon.com,0,0,0,3,0,0,0,0,0,0,0,0,0,0,0,0,0
www.cdc.gov,0,0,0,1,0,0,0,0,0,0,0,0,0,0,0,0,0
salesforce.com,0,0,0,1,0,0,0,0,0,0,0,0,0,0,0,0,0
www.php.net,0,0,0,1,0,0,0,0,0,0,0,0,0,0,0,0,0
www.squarespace.com,0,0,0,1,0,0,0,0,0,0,0,0,0,0,0,0,0
atlassian.com,0,0,0,1,0,0,0,0,0,0,0,0,0,0,0,0,0
render.com,0,0,0,1,0,0,0,0,0,0,0,0,0,0,0,0,0
bing.com,0,0,0,3,0,0,0,0,0,0,0,0,0,0,0,0,0
www.office.com,0,0,0,1,0,0,0,0,0,0,0,0,0,0,0,0,0
reuters.com,0,0,0,1,0,0,0,0,0,0,0,0,0,0,0,0,0
www.gitlab.com,0,0,0,4,0,0,0,0,0,0,0,0,0,0,0,0,0
www.jd.com,0,0,0,1,0,0,0,0,0,0,0,0,0,0,0,0,0
www.youtube.com,0,0,0,1,0,0,0,0,0,0,0,0,0,0,0,0,0
www.ibm.com,0,0,0,1,0,0,0,0,0,0,0,0,0,0,0,0,0
cnn.com,0,0,0,1,0,0,0,0,0,0,0,0,0,0,0,0,0
amd.com,0,0,0,1,0,0,0,0,0,0,0,0,0,0,0,0,0
ca.gov,0,0,0,4,0,0,0,0,0,0,0,0,0,0,0,0,0
www.oppo.com,0,0,0,1,0,0,0,0,0,0,0,0,0,0,0,0,0
www.oppo.com,0,0,0,1,0,0,0,0,0,0,0,0,0,0,0,0,0
www.bankofamerica.com,0,0,0,1,0,0,0,0,0,0,0,0,0,0,0,0,0
ebay.com,0,0,0,4,0,0,0,0,0,0,0,0,0,0,0,0,0
www.azure.microsoft.com,0,0,0,3,0,0,0,0,0,0,0,0,0,0,0,0,0
xiaomi.com,0,0,0,1,0,0,0,0,0,0,0,0,0,0,0,0,0
www.taobao.com,0,0,0,1,0,0,0,0,0,0,0,0,0,0,0,0,0
godaddy.com,0,0,0,1,0,0,0,0,0,0,0,0,0,0,0,0,0
linode.com,0,0,0,1,0,0,0,0,0,0,0,0,0,0,0,0,0
cisco.com,0,0,0,2,0,0,0,0,0,0,0,0,0,0,0,0,0
www.mastercard.com,0,0,0,1,0,0,0,0,0,0,0,0,0,0,0,0,0
www.sohu.com,0,0,0,2,0,0,0,0,0,0,0,0,0,0,0,0,0
vercel.com,0,0,0,4,0,0,0,0,0,0,0,0,0,0,0,0,0
www.bitfinex.com,0,0,0,1,0,0,0,0,0,0,0,0,0,0,0,0,0
www.spotify.com,0,0,0,1,0,0,0,0,0,0,0,0,0,0,0,0,0
flickr.com,0,0,0,4,0,0,0,0,0,0,0,0,0,0,0,0,0
apache.org,0,0,0,1,0,0,0,0,0,0,0,0,0,0,0,0,0
salesforce.com,0,0,0,1,0,0,0,0,0,0,0,0,0,0,0,0,0
www.amazon.com,0,0,0,2,0,0,0,0,0,0,0,0,0,0,0,0,0
www.nextjs.org,0,0,0,3,0,0,0,0,0,0,0,0,0,0,0,0,0
www.imdb.com,0,0,0,2,0,0,0,0,0,0,0,0,0,0,0,0,0
imdb.com,0,0,0,1,0,0,0,0,0,0,0,0,0,0,0,0,0
www.berkeley.edu,0,0,0,1,0,0,0,0,0,0,0,0,0,0,0,0,0
sohu.com,0,0,0,1,0,0,0,0,0,0,0,0,0,0,0,0,0
www.slack.com,0,0,0,0,0,0,0,0,0,0,0,0,0,0,0,0,0
www.xiaomi.com,0,0,0,1,0,0,0,0,0,0,0,0,0,0,0,0,0
www.google.com,0,0,0,1,0,0,0,0,0,0,0,0,0,0,0,0,0
reactjs.org,0,0,0,2,0,0,0,0,0,0,0,0,0,0,0,0,0
www.samsung.com,0,0,0,0,0,0,0,0,0,0,0,0,0,0,0,0,0
getbootstrap.com,0,0,0,1,0,0,0,0,0,0,0,0,0,0,0,0,0
leetcode.com,0,0,0,0,0,0,0,0,0,0,0,0,0,0,0,0,0
www.netflix.com,0,0,0,0,0,0,0,0,0,0,0,0,0,0,0,0,0
www.salesforce.com,0,0,0,1,0,0,0,0,0,0,0,0,0,0,0,0,0
capitalone.com,0,0,0,3,0,0,0,0,0,0,0,0,0,0,0,0,0
www.joomla.org,0,0,0,1,0,0,0,0,0,0,0,0,0,0,0,0,0
www.fidelity.com,0,0,0,1,0,0,0,0,0,0,0,0,0,0,0,0,0
www.tailwindcss.com,0,0,0,4,0,0,0,0,0,0,0,0,0,0,0,0,0
notion.so,0,0,0,1,0,0,0,0,0,0,0,0,0,0,0,0,0
telegram.org,0,0,0,1,0,0,0,0,0,0,0,0,0,0,0,0,0
www.reactjs.org,0,0,0,1,0,0,0,0,0,0,0,0,0,0,0,0,0
www.cdc.gov,0,0,0,1,0,0,0,0,0,0,0,0,0,0,0,0,0
www.wordpress.com,0,0,0,1,0,0,0,0,0,0,0,0,0,0,0,0,0
robinhood.com,0,0,0,2,0,0,0,0,0,0,0,0,0,0,0,0,0
un.org,0,0,0,2,0,0,0,0,0,0,0,0,0,0,0,0,0
apple.com,0,0,0,2,0,0,0,0,0,0,0,0,0,0,0,0,0
www.namecheap.com,0,0,0,3,0,0,0,0,0,0,0,0,0,0,0,0,0
www.linkedin.com,0,0,0,1,0,0,0,0,0,0,0,0,0,0,0,0,0
www.bbc.com,0,0,0,4,0,0,0,0,0,0,0,0,0,0,0,0,0
accuweather.com,0,0,0,3,0,0,0,0,0,0,0,0,0,0,0,0,0
google.com,0,0,0,2,0,0,0,0,0,0,0,0,0,0,0,0,0
www.flickr.com,0,0,0,1,0,0,0,0,0,0,0,0,0,0,0,0,0
bbc.com,0,0,0,4,0,0,0,0,0,0,0,0,0,0,0,0,0
linode.com,0,0,0,2,0,0,0,0,0,0,0,0,0,0,0,0,0
www.lg.com,0,0,0,4,0,0,0,0,0,0,0,0,0,0,0,0,0
www.square.com,0,0,0,1,0,0,0,0,0,0,0,0,0,0,0,0,0
office.com,0,0,0,1,0,0,0,0,0,0,0,0,0,0,0,0,0
nodejs.org,0,0,0,3,0,0,0,0,0,0,0,0,0,0,0,0,0
craigslist.org,0,0,0,1,0,0,0,0,0,0,0,0,0,0,0,0,0
www.panasonic.com,0,0,0,1,0,0,0,0,0,0,0,0,0,0,0,0,0
ftx.com,0,0,0,1,0,0,0,0,0,0,0,0,0,0,0,0,0
www.capitalone.com,0,0,0,4,0,0,0,0,0,0,0,0,0,0,0,0,0
www.canva.com,0,0,0,1,0,0,0,0,0,0,0,0,0,0,0,0,0
medium.com,0,0,0,2,0,0,0,0,0,0,0,0,0,0,0,0,0
www.bankofamerica.com,0,0,0,1,0,0,0,0,0,0,0,0,0,0,0,0,0
facebook.com,0,0,0,3,0,0,0,0,0,0,0,0,0,0,0,0,0
sina.com.cn,0,0,0,1,0,0,0,0,0,0,0,0,0,0,0,0,0
shopify.com,0,0,0,1,0,0,0,0,0,0,0,0,0,0,0,0,0
www.cam.ac.uk,0,0,0,1,0,0,0,0,0,0,0,0,0,0,0,0,0
www.telegram.org,0,0,0,1,0,0,0,0,0,0,0,0,0,0,0,0,0
www.w3schools.com,0,0,0,1,0,0,0,0,0,0,0,0,0,0,0,0,0
www.apache.org,0,0,0,1,0,0,0,0,0,0,0,0,0,0,0,0,0
www.vuejs.org,0,0,0,1,0,0,0,0,0,0,0,0,0,0,0,0,0
notion.so,0,0,0,1,0,0,0,0,0,0,0,0,0,0,0,0,0
bankofamerica.com,0,0,0,4,0,0,0,0,0,0,0,0,0,0,0,0,0
stanford.edu,0,0,0,1,0,0,0,0,0,0,0,0,0,0,0,0,0
nih.gov,0,0,0,1,0,0,0,0,0,0,0,0,0,0,0,0,0
azure.microsoft.com,0,0,0,1,0,0,0,0,0,0,0,0,0,0,0,0,0
www.huawei.com,0,0,0,1,0,0,0,0,0,0,0,0,0,0,0,0,0
www.coinbase.com,0,0,0,1,0,0,0,0,0,0,0,0,0,0,0,0,0
www.dropbox.com,0,0,0,4,0,0,0,0,0,0,0,0,0,0,0,0,0
www.bbc.com,0,0,0,0,0,0,0,0,0,0,0,0,0,0,0,0,0
gitlab.com,0,0,0,0,0,0,0,0,0,0,0,0,0,0,0,0,0
www.netlify.com,0,0,0,1,0,0,0,0,0,0,0,0,0,0,0,0,0
mozilla.org,0,0,0,1,0,0,0,0,0,0,0,0,0,0,0,0,0
hackerrank.com,0,0,0,1,0,0,0,0,0,0,0,0,0,0,0,0,0
pinterest.com,0,0,0,1,0,0,0,0,0,0,0,0,0,0,0,0,0
www.mastercard.com,0,0,0,1,0,0,0,0,0,0,0,0,0,0,0,0,0
americanexpress.com,0,0,0,1,0,0,0,0,0,0,0,0,0,0,0,0,0
rust-lang.org,0,0,0,1,0,0,0,1,0,0,0,0,0,0,0,0,0
www.craigslist.org,0,0,0,1,0,0,0,0,0,0,0,0,0,0,0,0,0
telegram.org,0,0,0,1,0,0,0,0,0,0,0,0,0,0,0,0,0
coinbase.com,0,0,0,1,0,0,0,0,0,0,0,0,0,0,0,0,0
nasa.gov,0,0,0,1,0,0,0,0,0,0,0,0,0,0,0,0,0
www.weibo.com,0,0,0,1,0,0,0,0,0,0,0,0,0,0,0,0,0
rust-lang.org,0,0,0,1,0,0,0,1,0,0,0,0,0,0,0,0,0
capitalone.com,0,0,0,1,0,0,0,0,0,0,0,0,0,0,0,0,0
www.forbes.com,0,0,0,1,0,0,0,0,0,0,0,0,0,0,0,0,0
fidelity.com,0,0,0,4,0,0,0,0,0,0,0,0,0,0,0,0,0
x.com,0,0,0,3,0,0,0,0,0,0,0,0,0,0,0,0,0
www.render.com,0,0,0,4,0,0,0,0,0,0,0,0,0,0,0,0,0
forbes.com,0,0,0,1,0,0,0,0,0,0,0,0,0,0,0,0,0
www.bluehost.com,0,0,0,3,0,0,0,0,0,0,0,0,0,0,0,0,0
codeforces.com,0,0,0,1,0,0,0,0,0,0,0,0,0,0,0,0,0
www.mozilla.org,0,0,0,1,0,0,0,0,0,0,0,0,0,0,0,0,0
codeforces.com,0,0,0,1,0,0,0,0,0,0,0,0,0,0,0,0,0
bitfinex.com,0,0,0,0,0,0,0,0,0,0,0,0,0,0,0,0,0
www.usa.gov,0,0,0,0,0,0,0,0,0,0,0,0,0,0,0,0,0
www.europa.eu,0,0,0,1,0,0,0,0,0,0,0,0,0,0,0,0,0
xiaomi.com,0,0,0,4,0,0,0,0,0,0,0,0,0,0,0,0,0
jira.com,0,0,0,1,0,0,0,0,0,0,0,0,0,0,0,0,0
www.slack.com,0,0,0,3,0,0,0,0,0,0,0,0,0,0,0,0,0
telegram.org,0,0,0,1,0,0,0,0,0,0,0,0,0,0,0,0,0
www.linkedin.com,0,0,0,0,0,0,0,0,0,0,0,0,0,0,0,0,0
aliexpress.com,0,0,0,1,0,0,0,0,0,0,0,0,0,0,0,0,0
www.edx.org,0,0,0,3,0,0,0,0,0,0,0,0,0,0,0,0,0
www.digitalocean.com,0,0,0,2,0,0,0,0,0,0,0,0,0,0,0,0,0
www.kotlinlang.org,0,0,0,1,0,0,0,0,0,0,0,0,0,0,0,0,0
www.namecheap.com,0,0,0,1,0,0,0,0,0,0,0,0,0,0,0,0,0
usa.gov,0,0,0,1,0,0,0,0,0,0,0,0,0,0,0,0,0
www.linkedin.com,0,0,0,1,0,0,0,0,0,0,0,0,0,0,0,0,0
netlify.com,0,0,0,1,0,0,0,0,0,0,0,0,0,0,0,0,0
www.udemy.com,0,0,0,2,0,0,0,0,0,0,0,0,0,0,0,0,0
www.google.com,0,0,0,1,0,0,0,0,0,0,0,0,0,0,0,0,0
squarespace.com,0,0,0,3,0,0,0,0,0,0,0,0,0,0,0,0,0
www.apache.org,0,0,0,0,0,0,0,0,0,0,0,0,0,0,0,0,0
www.tumblr.com,0,0,0,2,0,0,0,0,0,0,0,0,0,0,0,0,0
lg.com,0,0,0,1,0,0,0,0,0,0,0,0,0,0,0,0,0
udacity.com,0,0,0,1,0,0,0,0,0,0,0,0,0,0,0,0,0
www.reuters.com,0,0,0,1,0,0,0,0,0,0,0,0,0,0,0,0,0
telegram.org,0,0,0,2,0,0,0,0,0,0,0,0,0,0,0,0,0
www.twitter.com,0,0,0,1,0,0,0,0,0,0,0,0,0,0,0,0,0
huawei.com,0,0,0,4,0,0,0,0,0,0,0,0,0,0,0,0,0
www.hp.com,0,0,0,1,0,0,0,0,0,0,0,0,0,0,0,0,0
www.python.org,0,0,0,1,0,0,0,0,0,0,0,0,0,0,0,0,0
nih.gov,0,0,0,1,0,0,0,0,0,0,0,0,0,0,0,0,0
www.instagram.com,0,0,0,4,0,0,0,0,0,0,0,0,0,0,0,0,0
dell.com,0,0,0,4,0,0,0,0,0,0,0,0,0,0,0,0,0
www.intel.com,0,0,0,1,0,0,0,0,0,0,0,0,0,0,0,0,0
pinterest.com,0,0,0,1,0,0,0,0,0,0,0,0,0,0,0,0,0
www.wordpress.com,0,0,0,3,0,0,0,0,0,0,0,0,0,0,0,0,0
bluehost.com,0,0,0,1,0,0,0,0,0,0,0,0,0,0,0,0,0
www.dell.com,0,0,0,2,0,0,0,0,0,0,0,0,0,0,0,0,0
www.trello.com,0,0,0,4,0,0,0,0,0,0,0,0,0,0,0,0,0
aws.amazon.com,0,0,0,1,0,0,0,0,0,0,0,0,0,0,0,0,0
digitalocean.com,0,0,0,4,0,0,0,0,0,0,0,0,0,0,0,0,0
spotify.com,0,0,0,1,0,0,0,0,0,0,0,0,0,0,0,0,0
www.qualcomm.com,0,0,0,3,0,0,0,0,0,0,0,0,0,0,0,0,0
quora.com,0,0,0,1,0,0,0,0,0,0,0,0,0,0,0,0,0
vivo.com,0,0,0,1,0,0,0,0,0,0,0,0,0,0,0,0,0
www.stanford.edu,0,0,0,3,0,0,0,0,0,0,0,0,0,0,0,0,0
cloud.google.com,0,0,0,1,0,0,0,0,0,0,0,0,0,0,0,0,0
live.com,0,0,0,3,0,0,0,0,0,0,0,0,0,0,0,0,0
www.dell.com,0,0,0,1,0,0,0,0,0,0,0,0,0,0,0,0,0
www.facebook.com,0,0,0,1,0,0,0,0,0,0,0,0,0,0,0,0,0
qualcomm.com,0,0,0,1,0,0,0,0,0,0,0,0,0,0,0,0,0
www.imdb.com,0,0,0,4,0,0,0,0,0,0,0,0,0,0,0,0,0
oppo.com,0,0,0,1,0,0,0,0,0,0,0,0,0,0,0,0,0
www.hp.com,0,0,0,3,0,0,0,0,0,0,0,0,0,0,0,0,0
soundcloud.com,0,0,0,0,0,0,0,0,0,0,0,0,0,0,0,0,0
dell.com,0,0,0,4,0,0,0,0,0,0,0,0,0,0,0,0,0
www.bitfinex.com,0,0,0,1,0,0,0,0,0,0,0,0,0,0,0,0,0
www.trello.com,0,0,0,3,0,0,0,0,0,0,0,0,0,0,0,0,0
discord.com,0,0,0,3,0,0,0,0,0,0,0,0,0,0,0,0,0
www.wix.com,0,0,0,1,0,0,0,0,0,0,0,0,0,0,0,0,0
golang.org,0,0,0,1,0,0,0,0,0,0,0,0,0,0,0,0,0
www.netflix.com,0,0,0,1,0,0,0,0,0,0,0,0,0,0,0,0,0
www.netflix.com,0,0,0,4,0,0,0,0,0,0,0,0,0,0,0,0,0
www.craigslist.org,0,0,0,1,0,0,0,0,0,0,0,0,0,0,0,0,0
www.mozilla.org,0,0,0,2,0,0,0,0,0,0,0,0,0,0,0,0,0
huawei.com,0,0,0,1,0,0,0,0,0,0,0,0,0,0,0,0,0
schwab.com,0,0,0,1,0,0,0,0,0,0,0,0,0,0,0,0,0
microsoft.com,0,0,0,1,0,0,0,0,0,0,0,0,0,0,0,0,0
www.bybit.com,0,0,0,1,0,0,0,0,0,0,0,0,0,0,0,0,0
office.com,0,0,0,0,0,0,0,0,0,0,0,0,0,0,0,0,0
amd.com,0,0,0,1,0,0,0,0,0,0,0,0,0,0,0,0,0
vuejs.org,0,0,0,1,0,0,0,0,0,0,0,0,0,0,0,0,0
instagram.com,0,0,0,1,0,0,0,0,0,0,0,0,0,0,0,0,0
gov.uk,0,0,0,3,0,0,0,0,0,0,0,0,0,0,0,0,0
paypal.com,0,0,0,2,0,0,0,0,0,0,0,0,0,0,0,0,0
www.bankofamerica.com,0,0,0,1,0,0,0,0,0,0,0,0,0,0,0,0,0
www.ruby-lang.org,0,0,0,4,0,0,0,1,0,0,0,0,0,0,0,0,0
www.leetcode.com,0,0,0,1,0,0,0,0,0,0,0,0,0,0,0,0,0
telegram.org,0,0,0,1,0,0,0,0,0,0,0,0,0,0,0,0,0
vuejs.org,0,0,0,1,0,0,0,0,0,0,0,0,0,0,0,0,0
www.ca.gov,0,0,0,1,0,0,0,0,0,0,0,0,0,0,0,0,0
www.nodejs.org,0,0,0,1,0,0,0,0,0,0,0,0,0,0,0,0,0
www.craigslist.org,0,0,0,4,0,0,0,0,0,0,0,0,0,0,0,0,0
apache.org,0,0,0,1,0,0,0,0,0,0,0,0,0,0,0,0,0
www.ibm.com,0,0,0,1,0,0,0,0,0,0,0,0,0,0,0,0,0
aws.amazon.com,0,0,0,1,0,0,0,0,0,0,0,0,0,0,0,0,0
www.vanguard.com,0,0,0,1,0,0,0,0,0,0,0,0,0,0,0,0,0
rust-lang.org,0,0,0,4,0,0,0,1,0,0,0,0,0,0,0,0,0
vk.com,0,0,0,4,0,0,0,0,0,0,0,0,0,0,0,0,0
www.imdb.com,0,0,0,3,0,0,0,0,0,0,0,0,0,0,0,0,0
reddit.com,0,0,0,1,0,0,0,0,0,0,0,0,0,0,0,0,0
www.europa.eu,0,0,0,4,0,0,0,0,0,0,0,0,0,0,0,0,0
oracle.com,0,0,0,1,0,0,0,0,0,0,0,0,0,0,0,0,0
www.reuters.com,0,0,0,2,0,0,0,0,0,0,0,0,0,0,0,0,0
instagram.com,0,0,0,2,0,0,0,0,0,0,0,0,0,0,0,0,0
www.citi.com,0,0,0,4,0,0,0,0,0,0,0,0,0,0,0,0,0
baidu.com,0,0,0,1,0,0,0,0,0,0,0,0,0,0,0,0,0
x.com,0,0,0,1,0,0,0,0,0,0,0,0,0,0,0,0,0
www.alipay.com,0,0,0,4,0,0,0,0,0,0,0,0,0,0,0,0,0
www.getbootstrap.com,0,0,0,1,0,0,0,0,0,0,0,0,0,0,0,0,0
www.ok.ru,0,0,0,1,0,0,0,0,0,0,0,0,0,0,0,0,0
www.drupal.org,0,0,0,1,0,0,0,0,0,0,0,0,0,0,0,0,0
swift.org,0,0,0,3,0,0,0,0,0,0,0,0,0,0,0,0,0
www.wellsfargo.com,0,0,0,4,0,0,0,0,0,0,0,0,0,0,0,0,0
www.x.com,0,0,0,2,0,0,0,0,0,0,0,0,0,0,0,0,0
sina.com.cn,0,0,0,1,0,0,0,0,0,0,0,0,0,0,0,0,0
discord.com,0,0,0,1,0,0,0,0,0,0,0,0,0,0,0,0,0
mozilla.org,0,0,0,1,0,0,0,0,0,0,0,0,0,0,0,0,0
schwab.com,0,0,0,0,0,0,0,0,0,0,0,0,0,0,0,0,0
www.godaddy.com,0,0,0,1,0,0,0,0,0,0,0,0,0,0,0,0,0
www.wordpress.org,0,0,0,1,0,0,0,0,0,0,0,0,0,0,0,0,0
usbank.com,0,0,0,1,0,0,0,0,0,0,0,0,0,0,0,0,0
www.drupal.org,0,0,0,4,0,0,0,0,0,0,0,0,0,0,0,0,0
www.amazon.com,0,0,0,3,0,0,0,0,0,0,0,0,0,0,0,0,0
www.microsoft.com,0,0,0,1,0,0,0,0,0,0,0,0,0,0,0,0,0
www.vercel.com,0,0,0,1,0,0,0,0,0,0,0,0,0,0,0,0,0
www.lg.com,0,0,0,1,0,0,0,0,0,0,0,0,0,0,0,0,0
asus.com,0,0,0,1,0,0,0,0,0,0,0,0,0,0,0,0,0
google.com,0,0,0,1,0,0,0,0,0,0,0,0,0,0,0,0,0
www.imdb.com,0,0,0,1,0,0,0,0,0,0,0,0,0,0,0,0,0
www.w3schools.com,0,0,0,1,0,0,0,0,0,0,0,0,0,0,0,0,0
accuweather.com,0,0,0,1,0,0,0,0,0,0,0,0,0,0,0,0,0
www.ok.ru,0,0,0,4,0,0,0,0,0,0,0,0,0,0,0,0,0
coursera.org,0,0,0,2,0,0,0,0,0,0,0,0,0,0,0,0,0
udemy.com,0,0,0,1,0,0,0,0,0,0,0,0,0,0,0,0,0
www.netflix.com,0,0,0,3,0,0,0,0,0,0,0,0,0,0,0,0,0
zoom.us,0,0,0,3,0,0,0,0,0,0,0,0,0,0,0,0,0
www.spotify.com,0,0,0,3,0,0,0,0,0,0,0,0,0,0,0,0,0
www.bluehost.com,0,0,0,1,0,0,0,0,0,0,0,0,0,0,0,0,0
www.vercel.com,0,0,0,1,0,0,0,0,0,0,0,0,0,0,0,0,0
www.render.com,0,0,0,3,0,0,0,0,0,0,0,0,0,0,0,0,0
chase.com,0,0,0,1,0,0,0,0,0,0,0,0,0,0,0,0,0
www.zoom.us,0,0,0,3,0,0,0,0,0,0,0,0,0,0,0,0,0
kotlinlang.org,0,0,0,1,0,0,0,0,0,0,0,0,0,0,0,0,0
geeksforgeeks.org,0,0,0,1,0,0,0,0,0,0,0,0,0,0,0,0,0
gov.uk,0,0,0,1,0,0,0,0,0,0,0,0,0,0,0,0,0
www.namecheap.com,0,0,0,4,0,0,0,0,0,0,0,0,0,0,0,0,0
www.apache.org,0,0,0,3,0,0,0,0,0,0,0,0,0,0,0,0,0
www.lenovo.com,0,0,0,1,0,0,0,0,0,0,0,0,0,0,0,0,0
www.heroku.com,0,0,0,1,0,0,0,0,0,0,0,0,0,0,0,0,0
www.coursera.org,0,0,0,3,0,0,0,0,0,0,0,0,0,0,0,0,0
digitalocean.com,0,0,0,2,0,0,0,0,0,0,0,0,0,0,0,0,0
www.gitlab.com,0,0,0,1,0,0,0,0,0,0,0,0,0,0,0,0,0
facebook.com,0,0,0,4,0,0,0,0,0,0,0,0,0,0,0,0,0
www.nasa.gov,0,0,0,4,0,0,0,0,0,0,0,0,0,0,0,0,0
accuweather.com,0,0,0,3,0,0,0,0,0,0,0,0,0,0,0,0,0
www.drupal.org,0,0,0,1,0,0,0,0,0,0,0,0,0,0,0,0,0
binance.com,0,0,0,1,0,0,0,0,0,0,0,0,0,0,0,0,0
www.visa.com,0,0,0,1,0,0,0,0,0,0,0,0,0,0,0,0,0
www.lenovo.com,0,0,0,1,0,0,0,0,0,0,0,0,0,0,0,0,0
lg.com,0,0,0,1,0,0,0,0,0,0,0,0,0,0,0,0,0
www.angular.io,0,0,0,4,0,0,0,0,0,0,0,0,0,0,0,0,0
www.ruby-lang.org,0,0,0,1,0,0,0,1,0,0,0,0,0,0,0,0,0
www.squarespace.com,0,0,0,1,0,0,0,0,0,0,0,0,0,0,0,0,0
salesforce.com,0,0,0,4,0,0,0,0,0,0,0,0,0,0,0,0,0
wix.com,0,0,0,1,0,0,0,0,0,0,0,0,0,0,0,0,0
wellsfargo.com,0,0,0,1,0,0,0,0,0,0,0,0,0,0,0,0,0
www.atlassian.com,0,0,0,4,0,0,0,0,0,0,0,0,0,0,0,0,0
linode.com,0,0,0,0,0,0,0,0,0,0,0,0,0,0,0,0,0
apache.org,0,0,0,2,0,0,0,0,0,0,0,0,0,0,0,0,0
stackoverflow.com,0,0,0,1,0,0,0,0,0,0,0,0,0,0,0,0,0
www.reactjs.org,0,0,0,1,0,0,0,0,0,0,0,0,0,0,0,0,0
www.gemini.com,0,0,0,1,0,0,0,0,0,0,0,0,0,0,0,0,0
www.pinterest.com,0,0,0,1,0,0,0,0,0,0,0,0,0,0,0,0,0
europa.eu,0,0,0,1,0,0,0,0,0,0,0,0,0,0,0,0,0
canva.com,0,0,0,1,0,0,0,0,0,0,0,0,0,0,0,0,0
coursera.org,0,0,0,3,0,0,0,0,0,0,0,0,0,0,0,0,0
www.slack.com,0,0,0,4,0,0,0,0,0,0,0,0,0,0,0,0,0
www.typescriptlang.org,0,0,0,4,0,0,0,0,0,0,0,0,0,0,0,0,0
www.gemini.com,0,0,0,3,0,0,0,0,0,0,0,0,0,0,0,0,0
schwab.com,0,0,0,1,0,0,0,0,0,0,0,0,0,0,0,0,0
www.vuejs.org,0,0,0,2,0,0,0,0,0,0,0,0,0,0,0,0,0
rust-lang.org,0,0,0,1,0,0,0,1,0,0,0,0,0,0,0,0,0
codeforces.com,0,0,0,1,0,0,0,0,0,0,0,0,0,0,0,0,0
acer.com,0,0,0,4,0,0,0,0,0,0,0,0,0,0,0,0,0
www.tailwindcss.com,0,0,0,1,0,0,0,0,0,0,0,0,0,0,0,0,0
cnn.com,0,0,0,2,0,0,0,0,0,0,0,0,0,0,0,0,0
www.bing.com,0,0,0,1,0,0,0,0,0,0,0,0,0,0,0,0,0
heroku.com,0,0,0,3,0,0,0,0,0,0,0,0,0,0,0,0,0
lenovo.com,0,0,0,0,0,0,0,0,0,0,0,0,0,0,0,0,0
www.usbank.com,0,0,0,2,0,0,0,0,0,0,0,0,0,0,0,0,0
www.coursera.org,0,0,0,1,0,0,0,0,0,0,0,0,0,0,0,0,0
www.shopify.com,0,0,0,3,0,0,0,0,0,0,0,0,0,0,0,0,0
godaddy.com,0,0,0,1,0,0,0,0,0,0,0,0,0,0,0,0,0
visa.com,0,0,0,1,0,0,0,0,0,0,0,0,0,0,0,0,0
netlify.com,0,0,0,1,0,0,0,0,0,0,0,0,0,0,0,0,0
yandex.ru,0,0,0,2,0,0,0,0,0,0,0,0,0,0,0,0,0
www.harvard.edu,0,0,0,4,0,0,0,0,0,0,0,0,0,0,0,0,0
citi.com,0,0,0,4,0,0,0,0,0,0,0,0,0,0,0,0,0
www.wellsfargo.com,0,0,0,1,0,0,0,0,0,0,0,0,0,0,0,0,0
wordpress.org,0,0,0,0,0,0,0,0,0,0,0,0,0,0,0,0,0
www.godaddy.com,0,0,0,3,0,0,0,0,0,0,0,0,0,0,0,0,0
ibm.com,0,0,0,3,0,0,0,0,0,0,0,0,0,0,0,0,0
nasa.gov,0,0,0,1,0,0,0,0,0,0,0,0,0,0,0,0,0
panasonic.com,0,0,0,1,0,0,0,0,0,0,0,0,0,0,0,0,0
xiaomi.com,0,0,0,1,0,0,0,0,0,0,0,0,0,0,0,0,0
www.reuters.com,0,0,0,1,0,0,0,0,0,0,0,0,0,0,0,0,0
www.americanexpress.com,0,0,0,4,0,0,0,0,0,0,0,0,0,0,0,0,0
www.wellsfargo.com,0,0,0,1,0,0,0,0,0,0,0,0,0,0,0,0,0
oneplus.com,0,0,0,3,0,0,0,0,0,0,0,0,0,0,0,0,0
www.cloudflare.com,0,0,0,1,0,0,0,0,0,0,0,0,0,0,0,0,0
www.vercel.com,0,0,0,4,0,0,0,0,0,0,0,0,0,0,0,0,0
ok.ru,0,0,0,4,0,0,0,0,0,0,0,0,0,0,0,0,0
geeksforgeeks.org,0,0,0,0,0,0,0,0,0,0,0,0,0,0,0,0,0
gov.uk,0,0,0,4,0,0,0,0,0,0,0,0,0,0,0,0,0
www.soundcloud.com,0,0,0,4,0,0,0,0,0,0,0,0,0,0,0,0,0
hostgator.com,0,0,0,4,0,0,0,0,0,0,0,0,0,0,0,0,0
www.usa.gov,0,0,0,1,0,0,0,0,0,0,0,0,0,0,0,0,0
canva.com,0,0,0,1,0,0,0,0,0,0,0,0,0,0,0,0,0
gitlab.com,0,0,0,1,0,0,0,0,0,0,0,0,0,0,0,0,0
vivo.com,0,0,0,0,0,0,0,0,0,0,0,0,0,0,0,0,0
www.lenovo.com,0,0,0,1,0,0,0,0,0,0,0,0,0,0,0,0,0
swift.org,0,0,0,1,0,0,0,0,0,0,0,0,0,0,0,0,0
wellsfargo.com,0,0,0,3,0,0,0,0,0,0,0,0,0,0,0,0,0
usa.gov,0,0,0,1,0,0,0,0,0,0,0,0,0,0,0,0,0
www.binance.com,0,0,0,3,0,0,0,0,0,0,0,0,0,0,0,0,0
www.schwab.com,0,0,0,1,0,0,0,0,0,0,0,0,0,0,0,0,0
europa.eu,0,0,0,3,0,0,0,0,0,0,0,0,0,0,0,0,0
bing.com,0,0,0,1,0,0,0,0,0,0,0,0,0,0,0,0,0
nasa.gov,0,0,0,2,0,0,0,0,0,0,0,0,0,0,0,0,0
www.udemy.com,0,0,0,1,0,0,0,0,0,0,0,0,0,0,0,0,0
zoom.us,0,0,0,1,0,0,0,0,0,0,0,0,0,0,0,0,0
www.typescriptlang.org,0,0,1,1,0,0,0,0,0,0,0,0,0,0,0,0,0
ibm.com,0,0,0,1,0,0,0,0,0,0,0,0,0,0,0,0,0
www.vivo.com,0,0,0,1,0,0,0,0,0,0,0,0,0,0,0,0,0
oneplus.com,0,0,0,1,0,0,0,0,0,0,0,0,0,0,0,0,0
www.reddit.com,0,0,0,1,0,0,0,0,0,0,0,0,0,0,0,0,0
www.gitlab.com,0,0,0,1,0,0,0,0,0,0,0,0,0,0,0,0,0
figma.com,0,0,0,1,0,0,0,0,0,0,0,0,0,0,0,0,0
www.robinhood.com,0,0,0,0,0,0,0,0,0,0,0,0,0,0,0,0,0
bloomberg.com,0,0,0,1,0,0,0,0,0,0,0,0,0,0,0,0,0
namecheap.com,0,0,0,1,0,0,0,0,0,0,0,0,0,0,0,0,0
apple.com,0,0,0,1,0,0,0,0,0,0,0,0,0,0,0,0,0
www.microsoft.com,0,0,0,1,0,0,0,0,0,0,0,0,0,0,0,0,0
intel.com,0,0,0,2,0,0,0,0,0,0,0,0,0,0,0,0,0
www.kotlinlang.org,0,0,0,1,0,0,0,0,0,0,0,0,0,0,0,0,0
azure.microsoft.com,0,0,0,1,0,0,0,0,0,0,0,0,0,0,0,0,0
www.fidelity.com,0,0,0,1,0,0,0,0,0,0,0,0,0,0,0,0,0
who.int,0,0,0,1,0,0,0,0,0,0,0,0,0,0,0,0,0
bitfinex.com,0,0,0,1,0,0,0,0,0,0,0,0,0,0,0,0,0
aliexpress.com,0,0,0,4,0,0,0,0,0,0,0,0,0,0,0,0,0
www.europa.eu,0,0,0,1,0,0,0,0,0,0,0,0,0,0,0,0,0
www.lg.com,0,0,0,1,0,0,0,0,0,0,0,0,0,0,0,0,0
www.usbank.com,0,0,0,4,0,0,0,0,0,0,0,0,0,0,0,0,0
www.reddit.com,0,0,0,3,0,0,0,0,0,0,0,0,0,0,0,0,0
www.cdc.gov,0,0,0,1,0,0,0,0,0,0,0,0,0,0,0,0,0
godaddy.com,0,0,0,1,0,0,0,0,0,0,0,0,0,0,0,0,0
squarespace.com,0,0,0,1,0,0,0,0,0,0,0,0,0,0,0,0,0
www.discord.com,0,0,0,1,0,0,0,0,0,0,0,0,0,0,0,0,0
coinbase.com,0,0,0,1,0,0,0,0,0,0,0,0,0,0,0,0,0
www.wellsfargo.com,0,0,0,1,0,0,0,0,0,0,0,0,0,0,0,0,0
square.com,0,0,0,1,0,0,0,0,0,0,0,0,0,0,0,0,0
whatsapp.com,0,0,0,1,0,0,0,0,0,0,0,0,0,0,0,0,0
square.com,0,0,0,0,0,0,0,0,0,0,0,0,0,0,0,0,0
linode.com,0,0,0,4,0,0,0,0,0,0,0,0,0,0,0,0,0
heroku.com,0,0,0,0,0,0,0,0,0,0,0,0,0,0,0,0,0
nodejs.org,0,0,0,1,0,0,0,0,0,0,0,0,0,0,0,0,0
www.berkeley.edu,0,0,0,1,0,0,0,0,0,0,0,0,0,0,0,0,0
www.jira.com,0,0,0,1,0,0,0,0,0,0,0,0,0,0,0,0,0
rust-lang.org,0,0,0,3,0,0,0,1,0,0,0,0,0,0,0,0,0
reactjs.org,0,0,0,1,0,0,0,0,0,0,0,0,0,0,0,0,0
cnn.com,0,0,0,1,0,0,0,0,0,0,0,0,0,0,0,0,0
www.zoom.us,0,0,0,1,0,0,0,0,0,0,0,0,0,0,0,0,0
mail.ru,0,0,0,1,0,0,0,0,0,0,0,0,0,0,0,0,0
www.bluehost.com,0,0,0,4,0,0,0,0,0,0,0,0,0,0,0,0,0
www.bitfinex.com,0,0,0,1,0,0,0,0,0,0,0,0,0,0,0,0,0
geeksforgeeks.org,0,0,0,1,0,0,0,0,0,0,0,0,0,0,0,0,0
nasa.gov,0,0,0,4,0,0,0,0,0,0,0,0,0,0,0,0,0
www.europa.eu,0,0,0,1,0,0,0,0,0,0,0,0,0,0,0,0,0
oppo.com,0,0,0,4,0,0,0,0,0,0,0,0,0,0,0,0,0
www.tailwindcss.com,0,0,0,3,0,0,0,0,0,0,0,0,0,0,0,0,0
www.bitbucket.org,0,0,0,1,0,0,0,0,0,0,0,0,0,0,0,0,0
www.bitfinex.com,0,0,0,3,0,0,0,0,0,0,0,0,0,0,0,0,0
citi.com,0,0,0,1,0,0,0,0,0,0,0,0,0,0,0,0,0
www.apple.com,0,0,0,1,0,0,0,0,0,0,0,0,0,0,0,0,0
www.hackerrank.com,0,0,0,4,0,0,0,0,0,0,0,0,0,0,0,0,0
www.aws.amazon.com,0,0,0,1,0,0,0,0,0,0,0,0,0,0,0,0,0
udacity.com,0,0,0,4,0,0,0,0,0,0,0,0,0,0,0,0,0
sina.com.cn,0,0,0,1,0,0,0,0,0,0,0,0,0,0,0,0,0
bloomberg.com,0,0,0,2,0,0,0,0,0,0,0,0,0,0,0,0,0
www.flickr.com,0,0,0,0,0,0,0,0,0,0,0,0,0,0,0,0,0
amd.com,0,0,0,1,0,0,0,0,0,0,0,0,0,0,0,0,0
www.chase.com,0,0,0,1,0,0,0,0,0,0,0,0,0,0,0,0,0
sony.com,0,0,0,1,0,0,0,0,0,0,0,0,0,0,0,0,0
www.render.com,0,0,0,2,0,0,0,0,0,0,0,0,0,0,0,0,0
www.golang.org,0,0,0,1,0,0,0,0,0,0,0,0,0,0,0,0,0
www.schwab.com,0,0,0,2,0,0,0,0,0,0,0,0,0,0,0,0,0
www.squarespace.com,0,0,0,0,0,0,0,0,0,0,0,0,0,0,0,0,0
ca.gov,0,0,0,3,0,0,0,0,0,0,0,0,0,0,0,0,0
oracle.com,0,0,0,3,0,0,0,0,0,0,0,0,0,0,0,0,0
www.whatsapp.com,0,0,0,1,0,0,0,0,0,0,0,0,0,0,0,0,0
weather.com,0,0,0,4,0,0,0,0,0,0,0,0,0,0,0,0,0
telegram.org,0,0,0,4,0,0,0,0,0,0,0,0,0,0,0,0,0
square.com,0,0,0,3,0,0,0,0,0,0,0,0,0,0,0,0,0
www.quora.com,0,0,0,1,0,0,0,0,0,0,0,0,0,0,0,0,0
www.golang.org,0,0,0,3,0,0,0,0,0,0,0,0,0,0,0,0,0
namecheap.com,0,0,0,1,0,0,0,0,0,0,0,0,0,0,0,0,0
hp.com,0,0,0,1,0,0,0,0,0,0,0,0,0,0,0,0,0
www.mail.ru,0,0,0,1,0,0,0,0,0,0,0,0,0,0,0,0,0
alipay.com,0,0,0,4,0,0,0,0,0,0,0,0,0,0,0,0,0
www.tumblr.com,0,0,0,1,0,0,0,0,0,0,0,0,0,0,0,0,0
intel.com,0,0,0,3,0,0,0,0,0,0,0,0,0,0,0,0,0
robinhood.com,0,0,0,3,0,0,0,0,0,0,0,0,0,0,0,0,0
www.udacity.com,0,0,0,1,0,0,0,0,0,0,0,0,0,0,0,0,0
gitlab.com,0,0,0,2,0,0,0,0,0,0,0,0,0,0,0,0,0
wix.com,0,0,0,1,0,0,0,0,0,0,0,0,0,0,0,0,0
netlify.com,0,0,0,2,0,0,0,0,0,0,0,0,0,0,0,0,0
citi.com,0,0,0,1,0,0,0,0,0,0,0,0,0,0,0,0,0
www.amd.com,0,0,0,2,0,0,0,0,0,0,0,0,0,0,0,0,0
www.dell.com,0,0,0,1,0,0,0,0,0,0,0,0,0,0,0,0,0
robinhood.com,0,0,0,1,0,0,0,0,0,0,0,0,0,0,0,0,0
schwab.com,0,0,0,1,0,0,0,0,0,0,0,0,0,0,0,0,0
instagram.com,0,0,0,1,0,0,0,0,0,0,0,0,0,0,0,0,0
yahoo.com,0,0,0,0,0,0,0,0,0,0,0,0,0,0,0,0,0
www.ox.ac.uk,0,0,0,1,0,0,0,0,0,0,0,0,0,0,0,0,0
www.cisco.com,0,0,0,3,0,0,0,0,0,0,0,0,0,0,0,0,0
ruby-lang.org,0,0,0,1,0,0,0,1,0,0,0,0,0,0,0,0,0
www.rust-lang.org,0,0,0,1,0,0,0,1,0,0,0,0,0,0,0,0,0
www.telegram.org,0,0,0,0,0,0,0,0,0,0,0,0,0,0,0,0,0
godaddy.com,0,0,0,0,0,0,0,0,0,0,0,0,0,0,0,0,0
www.nodejs.org,0,0,0,1,0,0,0,0,0,0,0,0,0,0,0,0,0
digitalocean.com,0,0,0,3,0,0,0,0,0,0,0,0,0,0,0,0,0
www.khanacademy.org,0,0,0,1,0,0,0,0,0,0,0,0,0,0,0,0,0
www.sohu.com,0,0,0,1,0,0,0,0,0,0,0,0,0,0,0,0,0
www.lg.com,0,0,0,0,0,0,0,0,0,0,0,0,0,0,0,0,0
gov.uk,0,0,0,1,0,0,0,0,0,0,0,0,0,0,0,0,0
baidu.com,0,0,0,1,0,0,0,0,0,0,0,0,0,0,0,0,0
oppo.com,0,0,0,2,0,0,0,0,0,0,0,0,0,0,0,0,0
huawei.com,0,0,0,1,0,0,0,0,0,0,0,0,0,0,0,0,0
www.spotify.com,0,0,0,2,0,0,0,0,0,0,0,0,0,0,0,0,0
capitalone.com,0,0,0,1,0,0,0,0,0,0,0,0,0,0,0,0,0
www.wellsfargo.com,0,0,0,2,0,0,0,0,0,0,0,0,0,0,0,0,0
vk.com,0,0,0,3,0,0,0,0,0,0,0,0,0,0,0,0,0
www.udemy.com,0,0,0,1,0,0,0,0,0,0,0,0,0,0,0,0,0
www.huawei.com,0,0,0,4,0,0,0,0,0,0,0,0,0,0,0,0,0
www.gemini.com,0,0,0,1,0,0,0,0,0,0,0,0,0,0,0,0,0
www.drupal.org,0,0,0,1,0,0,0,0,0,0,0,0,0,0,0,0,0
weibo.com,0,0,0,4,0,0,0,0,0,0,0,0,0,0,0,0,0
www.live.com,0,0,0,4,0,0,0,0,0,0,0,0,0,0,0,0,0
www.samsung.com,0,0,0,3,0,0,0,0,0,0,0,0,0,0,0,0,0
gemini.com,0,0,0,1,0,0,0,0,0,0,0,0,0,0,0,0,0
www.shopify.com,0,0,0,2,0,0,0,0,0,0,0,0,0,0,0,0,0
www.nodejs.org,0,0,0,4,0,0,0,0,0,0,0,0,0,0,0,0,0
cnn.com,0,0,0,1,0,0,0,0,0,0,0,0,0,0,0,0,0
imdb.com,0,0,0,1,0,0,0,0,0,0,0,0,0,0,0,0,0
spotify.com,0,0,0,4,0,0,0,0,0,0,0,0,0,0,0,0,0
www.wikipedia.org,0,0,0,1,0,0,0,0,0,0,0,0,0,0,0,0,0
dropbox.com,0,0,0,1,0,0,0,0,0,0,0,0,0,0,0,0,0
www.square.com,0,0,0,4,0,0,0,0,0,0,0,0,0,0,0,0,0
www.medium.com,0,0,0,1,0,0,0,0,0,0,0,0,0,0,0,0,0
bbc.com,0,0,0,1,0,0,0,0,0,0,0,0,0,0,0,0,0
hackerrank.com,0,0,0,1,0,0,0,0,0,0,0,0,0,0,0,0,0
www.vanguard.com,0,0,0,1,0,0,0,0,0,0,0,0,0,0,0,0,0
www.joomla.org,0,0,0,3,0,0,0,0,0,0,0,0,0,0,0,0,0
un.org,0,0,0,3,0,0,0,0,0,0,0,0,0,0,0,0,0
www.usbank.com,0,0,0,1,0,0,0,0,0,0,0,0,0,0,0,0,0
gov.uk,0,0,0,1,0,0,0,0,0,0,0,0,0,0,0,0,0
www.citi.com,0,0,0,1,0,0,0,0,0,0,0,0,0,0,0,0,0
amd.com,0,0,0,1,0,0,0,0,0,0,0,0,0,0,0,0,0
codeforces.com,0,0,0,1,0,0,0,0,0,0,0,0,0,0,0,0,0
whatsapp.com,0,0,0,1,0,0,0,0,0,0,0,0,0,0,0,0,0
www.ox.ac.uk,0,0,0,4,0,0,0,0,0,0,0,0,0,0,0,0,0
vk.com,0,0,0,1,0,0,0,0,0,0,0,0,0,0,0,0,0
ibm.com,0,0,0,1,0,0,0,0,0,0,0,0,0,0,0,0,0
stackoverflow.com,0,0,0,1,0,0,0,0,0,0,0,0,0,0,0,0,0
huawei.com,0,0,0,0,0,0,0,0,0,0,0,0,0,0,0,0,0
www.azure.microsoft.com,0,0,0,4,0,0,0,0,0,0,0,0,0,0,0,0,0
www.forbes.com,0,0,0,0,0,0,0,0,0,0,0,0,0,0,0,0,0
cam.ac.uk,0,0,0,1,0,0,0,0,0,0,0,0,0,0,0,0,0
bloomberg.com,0,0,0,1,0,0,0,0,0,0,0,0,0,0,0,0,0
www.alipay.com,0,0,0,0,0,0,0,0,0,0,0,0,0,0,0,0,0
www.harvard.edu,0,0,0,3,0,0,0,0,0,0,0,0,0,0,0,0,0
joomla.org,0,0,0,1,0,0,0,0,0,0,0,0,0,0,0,0,0
ok.ru,0,0,0,4,0,0,0,0,0,0,0,0,0,0,0,0,0
vuejs.org,0,0,0,1,0,0,0,0,0,0,0,0,0,0,0,0,0
www.theguardian.com,0,0,0,4,0,0,0,0,0,0,0,0,0,0,0,0,0
weather.com,0,0,0,1,0,0,0,0,0,0,0,0,0,0,0,0,0
www.youtube.com,0,0,0,1,0,0,0,0,0,0,0,0,0,0,0,0,0
sohu.com,0,0,0,1,0,0,0,0,0,0,0,0,0,0,0,0,0
www.robinhood.com,0,0,0,3,0,0,0,0,0,0,0,0,0,0,0,0,0
aliexpress.com,0,0,0,0,0,0,0,0,0,0,0,0,0,0,0,0,0
www.squarespace.com,0,0,0,3,0,0,0,0,0,0,0,0,0,0,0,0,0
www.aws.amazon.com,0,0,0,1,0,0,0,0,0,0,0,0,0,0,0,0,0
microsoft.com,0,0,0,1,0,0,0,0,0,0,0,0,0,0,0,0,0
oneplus.com,0,0,0,1,0,0,0,0,0,0,0,0,0,0,0,0,0
www.vk.com,0,0,0,1,0,0,0,0,0,0,0,0,0,0,0,0,0
www.office.com,0,0,0,3,0,0,0,0,0,0,0,0,0,0,0,0,0
gitlab.com,0,0,0,1,0,0,0,0,0,0,0,0,0,0,0,0,0
www.github.com,0,0,0,1,0,0,0,0,0,0,0,0,0,0,0,0,0
sony.com,0,0,0,1,0,0,0,0,0,0,0,0,0,0,0,0,0
medium.com,0,0,0,1,0,0,0,0,0,0,0,0,0,0,0,0,0
www.telegram.org,0,0,0,1,0,0,0,0,0,0,0,0,0,0,0,0,0
www.microsoft.com,0,0,0,1,0,0,0,0,0,0,0,0,0,0,0,0,0
asus.com,0,0,0,0,0,0,0,0,0,0,0,0,0,0,0,0,0
www.quora.com,0,0,0,1,0,0,0,0,0,0,0,0,0,0,0,0,0
www.square.com,0,0,0,3,0,0,0,0,0,0,0,0,0,0,0,0,0
www.xiaomi.com,0,0,0,1,0,0,0,0,0,0,0,0,0,0,0,0,0
www.bankofamerica.com,0,0,0,4,0,0,0,0,0,0,0,0,0,0,0,0,0
huawei.com,0,0,0,1,0,0,0,0,0,0,0,0,0,0,0,0,0
vuejs.org,0,0,0,1,0,0,0,0,0,0,0,0,0,0,0,0,0
telegram.org,0,0,0,3,0,0,0,0,0,0,0,0,0,0,0,0,0
www.geeksforgeeks.org,0,0,0,2,0,0,0,0,0,0,0,0,0,0,0,0,0
heroku.com,0,0,0,4,0,0,0,0,0,0,0,0,0,0,0,0,0
www.yandex.ru,0,0,0,1,0,0,0,0,0,0,0,0,0,0,0,0,0
www.godaddy.com,0,0,0,1,0,0,0,0,0,0,0,0,0,0,0,0,0
www.codeforces.com,0,0,0,3,0,0,0,0,0,0,0,0,0,0,0,0,0
www.gov.uk,0,0,0,3,0,0,0,0,0,0,0,0,0,0,0,0,0
www.vivo.com,0,0,0,1,0,0,0,0,0,0,0,0,0,0,0,0,0
www.heroku.com,0,0,0,1,0,0,0,0,0,0,0,0,0,0,0,0,0
www.intel.com,0,0,0,3,0,0,0,0,0,0,0,0,0,0,0,0,0
www.oneplus.com,0,0,0,4,0,0,0,0,0,0,0,0,0,0,0,0,0
www.oneplus.com,0,0,0,1,0,0,0,0,0,0,0,0,0,0,0,0,0
reuters.com,0,0,0,4,0,0,0,0,0,0,0,0,0,0,0,0,0
www.getbootstrap.com,0,0,0,1,0,0,0,0,0,0,0,0,0,0,0,0,0
www.gemini.com,0,0,0,1,0,0,0,0,0,0,0,0,0,0,0,0,0
binance.com,0,0,0,1,0,0,0,0,0,0,0,0,0,0,0,0,0
www.chase.com,0,0,0,1,0,0,0,0,0,0,0,0,0,0,0,0,0
www.ruby-lang.org,0,0,0,2,0,0,0,1,0,0,0,0,0,0,0,0,0
www.golang.org,0,0,0,0,0,0,0,0,0,0,0,0,0,0,0,0,0
www.weather.com,0,0,0,1,0,0,0,0,0,0,0,0,0,0,0,0,0
who.int,0,0,0,1,0,0,0,0,0,0,0,0,0,0,0,0,0
www.europa.eu,0,0,0,1,0,0,0,0,0,0,0,0,0,0,0,0,0
www.geeksforgeeks.org,0,0,0,3,0,0,0,0,0,0,0,0,0,0,0,0,0
weather.com,0,0,0,2,0,0,0,0,0,0,0,0,0,0,0,0,0
cisco.com,0,0,0,1,0,0,0,0,0,0,0,0,0,0,0,0,0
paypal.com,0,0,0,0,0,0,0,0,0,0,0,0,0,0,0,0,0
www.qualcomm.com,0,0,0,4,0,0,0,0,0,0,0,0,0,0,0,0,0
aliexpress.com,0,0,0,1,0,0,0,0,0,0,0,0,0,0,0,0,0
www.berkeley.edu,0,0,0,1,0,0,0,0,0,0,0,0,0,0,0,0,0
www.acer.com,0,0,0,4,0,0,0,0,0,0,0,0,0,0,0,0,0
www.intel.com,0,0,0,0,0,0,0,0,0,0,0,0,0,0,0,0,0
www.salesforce.com,0,0,0,1,0,0,0,0,0,0,0,0,0,0,0,0,0
www.twitter.com,0,0,0,4,0,0,0,0,0,0,0,0,0,0,0,0,0
schwab.com,0,0,0,3,0,0,0,0,0,0,0,0,0,0,0,0,0
visa.com,0,0,0,4,0,0,0,0,0,0,0,0,0,0,0,0,0
tailwindcss.com,0,0,0,1,0,0,0,0,0,0,0,0,0,0,0,0,0
www.x.com,0,0,0,0,0,0,0,0,0,0,0,0,0,0,0,0,0
www.netlify.com,0,0,0,1,0,0,0,0,0,0,0,0,0,0,0,0,0
samsung.com,0,0,0,1,0,0,0,0,0,0,0,0,0,0,0,0,0
drupal.org,0,0,0,1,0,0,0,0,0,0,0,0,0,0,0,0,0
www.reactjs.org,0,0,0,1,0,0,0,0,0,0,0,0,0,0,0,0,0
slack.com,0,0,0,1,0,0,0,0,0,0,0,0,0,0,0,0,0
www.visa.com,0,0,0,0,0,0,0,0,0,0,0,0,0,0,0,0,0
europa.eu,0,0,0,1,0,0,0,0,0,0,0,0,0,0,0,0,0
nextjs.org,0,0,0,1,0,0,0,0,0,0,0,0,0,0,0,0,0
www.cam.ac.uk,0,0,0,1,0,0,0,0,0,0,0,0,0,0,0,0,0
vk.com,0,0,0,1,0,0,0,0,0,0,0,0,0,0,0,0,0
typescriptlang.org,0,0,0,1,0,0,0,0,0,0,0,0,0,0,0,0,0
www.adobe.com,0,0,0,1,0,0,0,0,0,0,0,0,0,0,0,0,0
theguardian.com,0,0,0,2,0,0,0,0,0,0,0,0,0,0,0,0,0
ox.ac.uk,0,0,0,1,0,0,0,0,0,0,0,0,0,0,0,0,0
vk.com,0,0,0,1,0,0,0,0,0,0,0,0,0,0,0,0,0
www.shopify.com,0,0,0,0,0,0,0,0,0,0,0,0,0,0,0,0,0
figma.com,0,0,0,1,0,0,0,0,0,0,0,0,0,0,0,0,0
who.int,0,0,0,1,0,0,0,0,0,0,0,0,0,0,0,0,0
cdc.gov,0,0,0,1,0,0,0,0,0,0,0,0,0,0,0,0,0
www.digitalocean.com,0,0,0,1,0,0,0,0,0,0,0,0,0,0,0,0,0
render.com,0,0,0,2,0,0,0,0,0,0,0,0,0,0,0,0,0
www.alipay.com,0,0,0,1,0,0,0,0,0,0,0,0,0,0,0,0,0
www.mastercard.com,0,0,0,1,0,0,0,0,0,0,0,0,0,0,0,0,0
dell.com,0,0,0,0,0,0,0,0,0,0,0,0,0,0,0,0,0
render.com,0,0,0,3,0,0,0,0,0,0,0,0,0,0,0,0,0
un.org,0,0,0,1,0,0,0,0,0,0,0,0,0,0,0,0,0
reddit.com,0,0,0,3,0,0,0,0,0,0,0,0,0,0,0,0,0
www.ebay.com,0,0,0,2,0,0,0,0,0,0,0,0,0,0,0,0,0
lg.com,0,0,0,1,0,0,0,0,0,0,0,0,0,0,0,0,0
www.getbootstrap.com,0,0,0,1,0,0,0,0,0,0,0,0,0,0,0,0,0
www.oppo.com,0,0,0,1,0,0,0,0,0,0,0,0,0,0,0,0,0
twitch.tv,0,0,0,0,0,0,0,0,0,0,0,0,0,0,0,0,0
www.bing.com,0,0,0,1,0,0,0,0,0,0,0,0,0,0,0,0,0
office.com,0,0,0,3,0,0,0,0,0,0,0,0,0,0,0,0,0
linkedin.com,0,0,0,1,0,0,0,0,0,0,0,0,0,0,0,0,0
www.sina.com.cn,0,0,0,1,0,0,0,0,0,0,0,0,0,0,0,0,0
www.vercel.com,0,0,0,3,0,0,0,0,0,0,0,0,0,0,0,0,0
www.bloomberg.com,0,0,0,1,0,0,0,0,0,0,0,0,0,0,0,0,0
www.wordpress.com,0,0,0,1,0,0,0,0,0,0,0,0,0,0,0,0,0
www.stanford.edu,0,0,0,1,0,0,0,0,0,0,0,0,0,0,0,0,0
amazon.com,0,0,0,1,0,0,0,0,0,0,0,0,0,0,0,0,0
www.ibm.com,0,0,0,4,0,0,0,0,0,0,0,0,0,0,0,0,0
www.sony.com,0,0,0,0,0,0,0,0,0,0,0,0,0,0,0,0,0
www.vercel.com,0,0,0,4,0,0,0,0,0,0,0,0,0,0,0,0,0
www.shopify.com,0,0,0,4,0,0,0,0,0,0,0,0,0,0,0,0,0
www.amazon.com,0,0,0,3,0,0,0,0,0,0,0,0,0,0,0,0,0
vivo.com,0,0,0,4,0,0,0,0,0,0,0,0,0,0,0,0,0
www.whatsapp.com,0,0,0,0,0,0,0,0,0,0,0,0,0,0,0,0,0
www.cdc.gov,0,0,0,3,0,0,0,0,0,0,0,0,0,0,0,0,0
www.github.com,0,0,0,1,0,0,0,0,0,0,0,0,0,0,0,0,0
quora.com,0,0,0,1,0,0,0,0,0,0,0,0,0,0,0,0,0
hp.com,0,0,0,1,0,0,0,0,0,0,0,0,0,0,0,0,0
udemy.com,0,0,0,1,0,0,0,0,0,0,0,0,0,0,0,0,0
weather.com,0,0,0,0,0,0,0,0,0,0,0,0,0,0,0,0,0
coursera.org,0,0,0,1,0,0,0,0,0,0,0,0,0,0,0,0,0
www.reactjs.org,0,0,0,3,0,0,0,0,0,0,0,0,0,0,0,0,0
www.ruby-lang.org,0,0,0,1,0,0,0,1,0,0,0,0,0,0,0,0,0
schwab.com,0,0,0,1,0,0,0,0,0,0,0,0,0,0,0,0,0
oneplus.com,0,0,0,1,0,0,0,0,0,0,0,0,0,0,0,0,0
lenovo.com,0,0,0,1,0,0,0,0,0,0,0,0,0,0,0,0,0
bing.com,0,0,0,4,0,0,0,0,0,0,0,0,0,0,0,0,0
figma.com,0,0,0,1,0,0,0,0,0,0,0,0,0,0,0,0,0
schwab.com,0,0,0,1,0,0,0,0,0,0,0,0,0,0,0,0,0
www.yahoo.com,0,0,0,4,0,0,0,0,0,0,0,0,0,0,0,0,0
www.kotlinlang.org,0,0,0,3,0,0,0,0,0,0,0,0,0,0,0,0,0
www.wikipedia.org,0,0,0,1,0,0,0,0,0,0,0,0,0,0,0,0,0
cdc.gov,0,0,0,1,0,0,0,0,0,0,0,0,0,0,0,0,0
www.golang.org,0,0,0,1,0,0,0,0,0,0,0,0,0,0,0,0,0
square.com,0,0,0,2,0,0,0,0,0,0,0,0,0,0,0,0,0
namecheap.com,0,0,0,3,0,0,0,0,0,0,0,0,0,0,0,0,0
geeksforgeeks.org,0,0,0,1,0,0,0,0,0,0,0,0,0,0,0,0,0
reuters.com,0,0,0,1,0,0,0,0,0,0,0,0,0,0,0,0,0
who.int,0,0,0,1,0,0,0,0,0,0,0,0,0,0,0,0,0
swift.org,0,0,0,2,0,0,0,0,0,0,0,0,0,0,0,0,0
www.figma.com,0,0,0,1,0,0,0,0,0,0,0,0,0,0,0,0,0
leetcode.com,0,0,0,1,0,0,0,0,0,0,0,0,0,0,0,0,0
soundcloud.com,0,0,0,2,0,0,0,0,0,0,0,0,0,0,0,0,0
www.aliexpress.com,0,0,0,1,0,0,0,0,0,0,0,0,0,0,0,0,0
www.accuweather.com,0,0,0,3,0,0,0,0,0,0,0,0,0,0,0,0,0
joomla.org,0,0,0,1,0,0,0,0,0,0,0,0,0,0,0,0,0
www.salesforce.com,0,0,0,4,0,0,0,0,0,0,0,0,0,0,0,0,0
www.digitalocean.com,0,0,0,4,0,0,0,0,0,0,0,0,0,0,0,0,0
vivo.com,0,0,0,1,0,0,0,0,0,0,0,0,0,0,0,0,0
vimeo.com,0,0,0,1,0,0,0,0,0,0,0,0,0,0,0,0,0
www.bybit.com,0,0,0,2,0,0,0,0,0,0,0,0,0,0,0,0,0
www.nextjs.org,0,0,0,1,0,0,0,0,0,0,0,0,0,0,0,0,0
www.yandex.ru,0,0,0,1,0,0,0,0,0,0,0,0,0,0,0,0,0
www.weather.com,0,0,0,4,0,0,0,0,0,0,0,0,0,0,0,0,0
www.azure.microsoft.com,0,0,0,1,0,0,0,0,0,0,0,0,0,0,0,0,0
www.render.com,0,0,0,3,0,0,0,0,0,0,0,0,0,0,0,0,0
salesforce.com,0,0,0,1,0,0,0,0,0,0,0,0,0,0,0,0,0
vuejs.org,0,0,0,1,0,0,0,0,0,0,0,0,0,0,0,0,0
apache.org,0,0,0,1,0,0,0,0,0,0,0,0,0,0,0,0,0
www.telegram.org,0,0,0,1,0,0,0,0,0,0,0,0,0,0,0,0,0
intel.com,0,0,0,4,0,0,0,0,0,0,0,0,0,0,0,0,0
bitfinex.com,0,0,0,1,0,0,0,0,0,0,0,0,0,0,0,0,0
instagram.com,0,0,0,1,0,0,0,0,0,0,0,0,0,0,0,0,0
www.zoom.us,0,0,0,1,0,0,0,0,0,0,0,0,0,0,0,0,0
nodejs.org,0,0,0,1,0,0,0,0,0,0,0,0,0,0,0,0,0
www.mastercard.com,0,0,0,1,0,0,0,0,0,0,0,0,0,0,0,0,0
www.jira.com,0,0,0,1,0,0,0,0,0,0,0,0,0,0,0,0,0
geeksforgeeks.org,0,0,0,3,0,0,0,0,0,0,0,0,0,0,0,0,0
jd.com,0,0,0,3,0,0,0,0,0,0,0,0,0,0,0,0,0
live.com,0,0,0,1,0,0,0,0,0,0,0,0,0,0,0,0,0
forbes.com,0,0,0,1,0,0,0,0,0,0,0,0,0,0,0,0,0
www.chase.com,0,0,0,1,0,0,0,0,0,0,0,0,0,0,0,0,0
samsung.com,0,0,0,1,0,0,0,0,0,0,0,0,0,0,0,0,0
www.bbc.com,0,0,0,2,0,0,0,0,0,0,0,0,0,0,0,0,0
www.nytimes.com,0,0,0,1,0,0,0,0,0,0,0,0,0,0,0,0,0
www.americanexpress.com,0,0,0,3,0,0,0,0,0,0,0,0,0,0,0,0,0
telegram.org,0,0,0,0,0,0,0,0,0,0,0,0,0,0,0,0,0
nytimes.com,0,0,0,3,0,0,0,0,0,0,0,0,0,0,0,0,0
godaddy.com,0,0,0,1,0,0,0,0,0,0,0,0,0,0,0,0,0
www.cloud.google.com,0,0,0,3,0,0,0,0,0,0,0,0,0,0,0,0,0
who.int,0,0,0,1,0,0,0,0,0,0,0,0,0,0,0,0,0
edx.org,0,0,0,3,0,0,0,0,0,0,0,0,0,0,0,0,0
w3schools.com,0,0,0,1,0,0,0,0,0,0,0,0,0,0,0,0,0
www.heroku.com,0,0,0,1,0,0,0,0,0,0,0,0,0,0,0,0,0
hp.com,0,0,0,3,0,0,0,0,0,0,0,0,0,0,0,0,0
www.acer.com,0,0,0,1,0,0,0,0,0,0,0,0,0,0,0,0,0
google.com,0,0,0,0,0,0,0,0,0,0,0,0,0,0,0,0,0
godaddy.com,0,0,0,4,0,0,0,0,0,0,0,0,0,0,0,0,0
twitter.com,0,0,0,1,0,0,0,0,0,0,0,0,0,0,0,0,0
joomla.org,0,0,0,3,0,0,0,0,0,0,0,0,0,0,0,0,0
stackoverflow.com,0,0,0,1,0,0,0,0,0,0,0,0,0,0,0,0,0
adobe.com,0,0,0,1,0,0,0,0,0,0,0,0,0,0,0,0,0
www.twitter.com,0,0,0,2,0,0,0,0,0,0,0,0,0,0,0,0,0
www.forbes.com,0,0,0,1,0,0,0,0,0,0,0,0,0,0,0,0,0
whatsapp.com,0,0,0,2,0,0,0,0,0,0,0,0,0,0,0,0,0
www.harvard.edu,0,0,0,3,0,0,0,0,0,0,0,0,0,0,0,0,0
www.vuejs.org,0,0,0,3,0,0,0,0,0,0,0,0,0,0,0,0,0
www.nih.gov,0,0,0,2,0,0,0,0,0,0,0,0,0,0,0,0,0
www.cnn.com,0,0,0,1,0,0,0,0,0,0,0,0,0,0,0,0,0
www.weibo.com,0,0,0,1,0,0,0,0,0,0,0,0,0,0,0,0,0
weibo.com,0,0,0,1,0,0,0,0,0,0,0,0,0,0,0,0,0
nvidia.com,0,0,0,3,0,0,0,0,0,0,0,0,0,0,0,0,0
apache.org,0,0,0,0,0,0,0,0,0,0,0,0,0,0,0,0,0
www.square.com,0,0,0,1,0,0,0,0,0,0,0,0,0,0,0,0,0
gitlab.com,0,0,0,3,0,0,0,0,0,0,0,0,0,0,0,0,0
www.nytimes.com,0,0,0,3,0,0,0,0,0,0,0,0,0,0,0,0,0
gov.uk,0,0,0,1,0,0,0,0,0,0,0,0,0,0,0,0,0
www.gov.uk,0,0,0,1,0,0,0,0,0,0,0,0,0,0,0,0,0
www.drupal.org,0,0,0,1,0,0,0,0,0,0,0,0,0,0,0,0,0
www.discord.com,0,0,0,1,0,0,0,0,0,0,0,0,0,0,0,0,0
nvidia.com,0,0,0,1,0,0,0,0,0,0,0,0,0,0,0,0,0
live.com,0,0,0,3,0,0,0,0,0,0,0,0,0,0,0,0,0
berkeley.edu,0,0,0,3,0,0,0,0,0,0,0,0,0,0,0,0,0
www.xiaomi.com,0,0,0,0,0,0,0,0,0,0,0,0,0,0,0,0,0
facebook.com,0,0,0,1,0,0,0,0,0,0,0,0,0,0,0,0,0
amazon.com,0,0,0,2,0,0,0,0,0,0,0,0,0,0,0,0,0
www.baidu.com,0,0,0,3,0,0,0,0,0,0,0,0,0,0,0,0,0
vimeo.com,0,0,0,0,0,0,0,0,0,0,0,0,0,0,0,0,0
harvard.edu,0,0,0,1,0,0,0,0,0,0,0,0,0,0,0,0,0
binance.com,0,0,0,0,0,0,0,0,0,0,0,0,0,0,0,0,0
www.udacity.com,0,0,0,1,0,0,0,0,0,0,0,0,0,0,0,0,0
nodejs.org,0,0,0,1,0,0,0,0,0,0,0,0,0,0,0,0,0
www.nodejs.org,0,0,0,1,0,0,0,0,0,0,0,0,0,0,0,0,0
cam.ac.uk,0,0,0,4,0,0,0,0,0,0,0,0,0,0,0,0,0
digitalocean.com,0,0,0,1,0,0,0,0,0,0,0,0,0,0,0,0,0
www.coinbase.com,0,0,0,1,0,0,0,0,0,0,0,0,0,0,0,0,0
www.cloudflare.com,0,0,0,3,0,0,0,0,0,0,0,0,0,0,0,0,0
www.leetcode.com,0,0,0,3,0,0,0,0,0,0,0,0,0,0,0,0,0
www.usbank.com,0,0,0,1,0,0,0,0,0,0,0,0,0,0,0,0,0
www.asus.com,0,0,0,4,0,0,0,0,0,0,0,0,0,0,0,0,0
www.netflix.com,0,0,0,1,0,0,0,0,0,0,0,0,0,0,0,0,0
www.nytimes.com,0,0,0,1,0,0,0,0,0,0,0,0,0,0,0,0,0
www.stackoverflow.com,0,0,1,1,0,0,0,0,0,0,0,0,0,0,0,0,0
nasa.gov,0,0,0,4,0,0,0,0,0,0,0,0,0,0,0,0,0
mail.ru,0,0,0,1,0,0,0,0,0,0,0,0,0,0,0,0,0
who.int,0,0,0,1,0,0,0,0,0,0,0,0,0,0,0,0,0
www.joomla.org,0,0,0,1,0,0,0,0,0,0,0,0,0,0,0,0,0
www.bloomberg.com,0,0,0,1,0,0,0,0,0,0,0,0,0,0,0,0,0
www.mail.ru,0,0,0,4,0,0,0,0,0,0,0,0,0,0,0,0,0
www.vuejs.org,0,0,0,1,0,0,0,0,0,0,0,0,0,0,0,0,0
www.cisco.com,0,0,0,0,0,0,0,0,0,0,0,0,0,0,0,0,0
paypal.com,0,0,0,4,0,0,0,0,0,0,0,0,0,0,0,0,0
www.flickr.com,0,0,0,1,0,0,0,0,0,0,0,0,0,0,0,0,0
www.harvard.edu,0,0,0,1,0,0,0,0,0,0,0,0,0,0,0,0,0
www.vimeo.com,0,0,0,3,0,0,0,0,0,0,0,0,0,0,0,0,0
netlify.com,0,0,0,1,0,0,0,0,0,0,0,0,0,0,0,0,0
www.godaddy.com,0,0,0,1,0,0,0,0,0,0,0,0,0,0,0,0,0
www.panasonic.com,0,0,0,1,0,0,0,0,0,0,0,0,0,0,0,0,0
www.angular.io,0,0,0,2,0,0,0,0,0,0,0,0,0,0,0,0,0
www.gov.uk,0,0,0,4,0,0,0,0,0,0,0,0,0,0,0,0,0
fidelity.com,0,0,0,1,0,0,0,0,0,0,0,0,0,0,0,0,0
wordpress.com,0,0,0,1,0,0,0,0,0,0,0,0,0,0,0,0,0
accuweather.com,0,0,0,4,0,0,0,0,0,0,0,0,0,0,0,0,0
apache.org,0,0,0,1,0,0,0,0,0,0,0,0,0,0,0,0,0
oracle.com,0,0,0,1,0,0,0,0,0,0,0,0,0,0,0,0,0
getbootstrap.com,0,0,0,3,0,0,0,0,0,0,0,0,0,0,0,0,0
weather.com,0,0,0,1,0,0,0,0,0,0,0,0,0,0,0,0,0
spotify.com,0,0,0,0,0,0,0,0,0,0,0,0,0,0,0,0,0
mail.ru,0,0,0,1,0,0,0,0,0,0,0,0,0,0,0,0,0
hp.com,0,0,0,1,0,0,0,0,0,0,0,0,0,0,0,0,0
coinbase.com,0,0,0,4,0,0,0,0,0,0,0,0,0,0,0,0,0
wix.com,0,0,0,3,0,0,0,0,0,0,0,0,0,0,0,0,0
www.coinbase.com,0,0,0,1,0,0,0,0,0,0,0,0,0,0,0,0,0
geeksforgeeks.org,0,0,0,4,0,0,0,0,0,0,0,0,0,0,0,0,0
www.ibm.com,0,0,0,0,0,0,0,0,0,0,0,0,0,0,0,0,0
acer.com,0,0,0,4,0,0,0,0,0,0,0,0,0,0,0,0,0
cisco.com,0,0,0,1,0,0,0,0,0,0,0,0,0,0,0,0,0
www.github.com,0,0,0,3,0,0,0,0,0,0,0,0,0,0,0,0,0
www.netflix.com,0,0,0,2,0,0,0,0,0,0,0,0,0,0,0,0,0
hostgator.com,0,0,0,1,0,0,0,0,0,0,0,0,0,0,0,0,0
www.cnn.com,0,0,0,2,0,0,0,0,0,0,0,0,0,0,0,0,0
edx.org,0,0,0,1,0,0,0,0,0,0,0,0,0,0,0,0,0
www.bbc.com,0,0,0,1,0,0,0,0,0,0,0,0,0,0,0,0,0
europa.eu,0,0,0,1,0,0,0,0,0,0,0,0,0,0,0,0,0
vk.com,0,0,0,1,0,0,0,0,0,0,0,0,0,0,0,0,0
wordpress.com,0,0,0,1,0,0,0,0,0,0,0,0,0,0,0,0,0
whatsapp.com,0,0,0,4,0,0,0,0,0,0,0,0,0,0,0,0,0
nih.gov,0,0,0,3,0,0,0,0,0,0,0,0,0,0,0,0,0
www.edx.org,0,0,0,4,0,0,0,0,0,0,0,0,0,0,0,0,0
www.slack.com,0,0,0,3,0,0,0,0,0,0,0,0,0,0,0,0,0
www.huawei.com,0,0,0,1,0,0,0,0,0,0,0,0,0,0,0,0,0
www.citi.com,0,0,0,1,0,0,0,0,0,0,0,0,0,0,0,0,0
www.zoom.us,0,0,0,1,0,0,0,0,0,0,0,0,0,0,0,0,0
www.tailwindcss.com,0,0,0,2,0,0,0,0,0,0,0,0,0,0,0,0,0
www.baidu.com,0,0,0,3,0,0,0,0,0,0,0,0,0,0,0,0,0
linkedin.com,0,0,0,1,0,0,0,0,0,0,0,0,0,0,0,0,0
usbank.com,0,0,0,1,0,0,0,0,0,0,0,0,0,0,0,0,0
www.php.net,0,0,0,4,0,0,0,0,0,0,0,0,0,0,0,0,0
www.live.com,0,0,0,1,0,0,0,0,0,0,0,0,0,0,0,0,0
www.typescriptlang.org,0,0,0,0,0,0,0,0,0,0,0,0,0,0,0,0,0
www.zoom.us,0,0,0,4,0,0,0,0,0,0,0,0,0,0,0,0,0
udacity.com,0,0,0,1,0,0,0,0,0,0,0,0,0,0,0,0,0
www.w3schools.com,0,0,0,1,0,0,0,0,0,0,0,0,0,0,0,0,0
www.swift.org,0,0,0,0,0,0,0,0,0,0,0,0,0,0,0,0,0
google.com,0,0,0,1,0,0,0,0,0,0,0,0,0,0,0,0,0
www.intel.com,0,0,0,1,0,0,0,0,0,0,0,0,0,0,0,0,0
www.soundcloud.com,0,0,0,3,0,0,0,0,0,0,0,0,0,0,0,0,0
www.namecheap.com,0,0,0,1,0,0,0,0,0,0,0,0,0,0,0,0,0
vercel.com,0,0,0,1,0,0,0,0,0,0,0,0,0,0,0,0,0
taobao.com,0,0,0,1,0,0,0,0,0,0,0,0,0,0,0,0,0
www.bybit.com,0,0,0,4,0,0,0,0,0,0,0,0,0,0,0,0,0
cnn.com,0,0,0,3,0,0,0,0,0,0,0,0,0,0,0,0,0
www.nvidia.com,0,0,0,1,0,0,0,0,0,0,0,0,0,0,0,0,0
www.robinhood.com,0,0,0,1,0,0,0,0,0,0,0,0,0,0,0,0,0
cisco.com,0,0,0,1,0,0,0,0,0,0,0,0,0,0,0,0,0
www.acer.com,0,0,0,1,0,0,0,0,0,0,0,0,0,0,0,0,0
notion.so,0,0,0,1,0,0,0,0,0,0,0,0,0,0,0,0,0
www.microsoft.com,0,0,0,3,0,0,0,0,0,0,0,0,0,0,0,0,0
www.gemini.com,0,0,0,1,0,0,0,0,0,0,0,0,0,0,0,0,0
www.drupal.org,0,0,0,1,0,0,0,0,0,0,0,0,0,0,0,0,0
www.twitch.tv,0,0,0,0,0,0,0,0,0,0,0,0,0,0,0,0,0
www.trello.com,0,0,0,3,0,0,0,0,0,0,0,0,0,0,0,0,0
www.x.com,0,0,0,1,0,0,0,0,0,0,0,0,0,0,0,0,0
canva.com,0,0,0,3,0,0,0,0,0,0,0,0,0,0,0,0,0
figma.com,0,0,0,0,0,0,0,0,0,0,0,0,0,0,0,0,0
chase.com,0,0,0,1,0,0,0,0,0,0,0,0,0,0,0,0,0
www.soundcloud.com,0,0,0,1,0,0,0,0,0,0,0,0,0,0,0,0,0
www.visa.com,0,0,0,4,0,0,0,0,0,0,0,0,0,0,0,0,0
www.stackoverflow.com,0,0,0,1,0,0,0,0,0,0,0,0,0,0,0,0,0
wikipedia.org,0,0,0,1,0,0,0,0,0,0,0,0,0,0,0,0,0
www.apple.com,0,0,0,1,0,0,0,0,0,0,0,0,0,0,0,0,0
www.samsung.com,0,0,0,1,0,0,0,0,0,0,0,0,0,0,0,0,0
www.kraken.com,0,0,0,2,0,0,0,0,0,0,0,0,0,0,0,0,0
robinhood.com,0,0,0,4,0,0,0,0,0,0,0,0,0,0,0,0,0
www.robinhood.com,0,0,0,1,0,0,0,0,0,0,0,0,0,0,0,0,0
berkeley.edu,0,0,0,1,0,0,0,0,0,0,0,0,0,0,0,0,0
craigslist.org,0,0,0,0,0,0,0,0,0,0,0,0,0,0,0,0,0
www.lg.com,0,0,0,4,0,0,0,0,0,0,0,0,0,0,0,0,0
soundcloud.com,0,0,0,3,0,0,0,0,0,0,0,0,0,0,0,0,0
www.bloomberg.com,0,0,0,3,0,0,0,0,0,0,0,0,0,0,0,0,0
www.bing.com,0,0,0,3,0,0,0,0,0,0,0,0,0,0,0,0,0
www.angular.io,0,0,0,1,0,0,0,0,0,0,0,0,0,0,0,0,0
rust-lang.org,0,0,0,1,0,0,0,1,0,0,0,0,0,0,0,0,0
cnn.com,0,0,0,4,0,0,0,0,0,0,0,0,0,0,0,0,0
dropbox.com,0,0,0,3,0,0,0,0,0,0,0,0,0,0,0,0,0
www.bitfinex.com,0,0,0,1,0,0,0,0,0,0,0,0,0,0,0,0,0
www.kotlinlang.org,0,0,0,1,0,0,0,0,0,0,0,0,0,0,0,0,0
nvidia.com,0,0,0,4,0,0,0,0,0,0,0,0,0,0,0,0,0
flickr.com,0,0,0,1,0,0,0,0,0,0,0,0,0,0,0,0,0
www.vultr.com,0,0,0,4,0,0,0,0,0,0,0,0,0,0,0,0,0
www.ebay.com,0,0,0,3,0,0,0,0,0,0,0,0,0,0,0,0,0
figma.com,0,0,0,1,0,0,0,0,0,0,0,0,0,0,0,0,0
www.intel.com,0,0,0,3,0,0,0,0,0,0,0,0,0,0,0,0,0
www.tencent.com,0,0,0,1,0,0,0,0,0,0,0,0,0,0,0,0,0
www.joomla.org,0,0,0,0,0,0,0,0,0,0,0,0,0,0,0,0,0
www.bankofamerica.com,0,0,0,1,0,0,0,0,0,0,0,0,0,0,0,0,0
ca.gov,0,0,0,2,0,0,0,0,0,0,0,0,0,0,0,0,0
un.org,0,0,0,1,0,0,0,0,0,0,0,0,0,0,0,0,0
www.hostgator.com,0,0,0,1,0,0,0,0,0,0,0,0,0,0,0,0,0
alipay.com,0,0,0,4,0,0,0,0,0,0,0,0,0,0,0,0,0
bankofamerica.com,0,0,0,1,0,0,0,0,0,0,0,0,0,0,0,0,0
www.heroku.com,0,0,0,4,0,0,0,0,0,0,0,0,0,0,0,0,0
www.stackoverflow.com,0,0,0,1,0,0,0,0,0,0,0,0,0,0,0,0,0
www.hostgator.com,0,0,0,4,0,0,0,0,0,0,0,0,0,0,0,0,0
www.bybit.com,0,0,0,1,0,0,0,0,0,0,0,0,0,0,0,0,0
www.aws.amazon.com,0,0,0,0,0,0,0,0,0,0,0,0,0,0,0,0,0
berkeley.edu,0,0,0,4,0,0,0,0,0,0,0,0,0,0,0,0,0
www.notion.so,0,0,0,2,0,0,0,0,0,0,0,0,0,0,0,0,0
gitlab.com,0,0,0,4,0,0,0,0,0,0,0,0,0,0,0,0,0
www.facebook.com,0,0,0,1,0,0,0,0,0,0,0,0,0,0,0,0,0
linkedin.com,0,0,0,1,0,0,0,0,0,0,0,0,0,0,0,0,0
cloud.google.com,0,0,0,1,0,0,0,0,0,0,0,0,0,0,0,0,0
imdb.com,0,0,0,1,0,0,0,0,0,0,0,0,0,0,0,0,0
www.wikipedia.org,0,0,0,1,0,0,0,0,0,0,0,0,0,0,0,0,0
www.americanexpress.com,0,0,0,1,0,0,0,0,0,0,0,0,0,0,0,0,0
paypal.com,0,0,0,1,0,0,0,0,0,0,0,0,0,0,0,0,0
reuters.com,0,0,0,0,0,0,0,0,0,0,0,0,0,0,0,0,0
instagram.com,0,0,0,4,0,0,0,0,0,0,0,0,0,0,0,0,0
canva.com,0,0,0,1,0,0,0,0,0,0,0,0,0,0,0,0,0
wordpress.com,0,0,0,4,0,0,0,0,0,0,0,0,0,0,0,0,0
www.usa.gov,0,0,0,4,0,0,0,0,0,0,0,0,0,0,0,0,0
angular.io,0,0,0,2,0,0,0,0,0,0,0,0,0,0,0,0,0
bybit.com,0,0,0,3,0,0,0,0,0,0,0,0,0,0,0,0,0
www.mail.ru,0,0,0,0,0,0,0,0,0,0,0,0,0,0,0,0,0
intel.com,0,0,0,1,0,0,0,0,0,0,0,0,0,0,0,0,0
kotlinlang.org,0,0,0,1,0,0,0,0,0,0,0,0,0,0,0,0,0
www.harvard.edu,0,0,0,1,0,0,0,0,0,0,0,0,0,0,0,0,0
www.bitbucket.org,0,0,0,2,0,0,0,0,0,0,0,0,0,0,0,0,0
www.lg.com,0,0,0,1,0,0,0,0,0,0,0,0,0,0,0,0,0
facebook.com,0,0,0,1,0,0,0,0,0,0,0,0,0,0,0,0,0
huawei.com,0,0,0,1,0,0,0,0,0,0,0,0,0,0,0,0,0
www.soundcloud.com,0,0,0,1,0,0,0,0,0,0,0,0,0,0,0,0,0
swift.org,0,0,0,4,0,0,0,0,0,0,0,0,0,0,0,0,0
www.zoom.us,0,0,0,1,0,0,0,0,0,0,0,0,0,0,0,0,0
vk.com,0,0,0,1,0,0,0,0,0,0,0,0,0,0,0,0,0
www.jira.com,0,0,0,0,0,0,0,0,0,0,0,0,0,0,0,0,0
www.asus.com,0,0,0,1,0,0,0,0,0,0,0,0,0,0,0,0,0
yahoo.com,0,0,0,1,0,0,0,0,0,0,0,0,0,0,0,0,0
www.x.com,0,0,0,1,0,0,0,0,0,0,0,0,0,0,0,0,0
gemini.com,0,0,0,4,0,0,0,0,0,0,0,0,0,0,0,0,0
www.weibo.com,0,0,0,1,0,0,0,0,0,0,0,0,0,0,0,0,0
www.samsung.com,0,0,0,1,0,0,0,0,0,0,0,0,0,0,0,0,0
cam.ac.uk,0,0,0,3,0,0,0,0,0,0,0,0,0,0,0,0,0
tencent.com,0,0,0,1,0,0,0,0,0,0,0,0,0,0,0,0,0
www.apache.org,0,0,0,4,0,0,0,0,0,0,0,0,0,0,0,0,0
www.ca.gov,0,0,0,1,0,0,0,0,0,0,0,0,0,0,0,0,0
coursera.org,0,0,0,1,0,0,0,0,0,0,0,0,0,0,0,0,0
ebay.com,0,0,0,1,0,0,0,0,0,0,0,0,0,0,0,0,0
www.cnn.com,0,0,0,4,0,0,0,0,0,0,0,0,0,0,0,0,0
apache.org,0,0,0,1,0,0,0,0,0,0,0,0,0,0,0,0,0
www.typescriptlang.org,0,0,0,1,0,0,0,0,0,0,0,0,0,0,0,0,0
lg.com,0,0,0,4,0,0,0,0,0,0,0,0,0,0,0,0,0
www.netlify.com,0,0,0,4,0,0,0,0,0,0,0,0,0,0,0,0,0
angular.io,0,0,0,4,0,0,0,0,0,0,0,0,0,0,0,0,0
www.x.com,0,0,0,1,0,0,0,0,0,0,0,0,0,0,0,0,0
www.nvidia.com,0,0,0,4,0,0,0,0,0,0,0,0,0,0,0,0,0
slack.com,0,0,0,4,0,0,0,0,0,0,0,0,0,0,0,0,0
www.cam.ac.uk,0,0,0,4,0,0,0,0,0,0,0,0,0,0,0,0,0
xiaomi.com,0,0,0,3,0,0,0,0,0,0,0,0,0,0,0,0,0
www.apache.org,0,0,0,4,0,0,0,0,0,0,0,0,0,0,0,0,0
www.yandex.ru,0,0,0,3,0,0,0,0,0,0,0,0,0,0,0,0,0
who.int,0,0,0,4,0,0,0,0,0,0,0,0,0,0,0,0,0
atlassian.com,0,0,0,0,0,0,0,0,0,0,0,0,0,0,0,0,0
www.linode.com,0,0,0,1,0,0,0,0,0,0,0,0,0,0,0,0,0
www.golang.org,0,0,0,1,0,0,0,0,0,0,0,0,0,0,0,0,0
harvard.edu,0,0,0,1,0,0,0,0,0,0,0,0,0,0,0,0,0
medium.com,0,0,0,1,0,0,0,0,0,0,0,0,0,0,0,0,0
www.nodejs.org,0,0,0,0,0,0,0,0,0,0,0,0,0,0,0,0,0
cnn.com,0,0,0,1,0,0,0,0,0,0,0,0,0,0,0,0,0
www.cdc.gov,0,0,0,1,0,0,0,0,0,0,0,0,0,0,0,0,0
www.oneplus.com,0,0,0,1,0,0,0,0,0,0,0,0,0,0,0,0,0
www.atlassian.com,0,0,0,1,0,0,0,0,0,0,0,0,0,0,0,0,0
www.dell.com,0,0,0,3,0,0,0,0,0,0,0,0,0,0,0,0,0
edx.org,0,0,0,1,0,0,0,0,0,0,0,0,0,0,0,0,0
www.soundcloud.com,0,0,0,1,0,0,0,0,0,0,0,0,0,0,0,0,0
www.tailwindcss.com,0,0,0,0,0,0,0,0,0,0,0,0,0,0,0,0,0
yandex.ru,0,0,0,1,0,0,0,0,0,0,0,0,0,0,0,0,0
slack.com,0,0,0,1,0,0,0,0,0,0,0,0,0,0,0,0,0
www.mit.edu,0,0,0,1,0,0,0,0,0,0,0,0,0,0,0,0,0
www.apache.org,0,0,0,1,0,0,0,0,0,0,0,0,0,0,0,0,0
netlify.com,0,0,0,1,0,0,0,0,0,0,0,0,0,0,0,0,0
ebay.com,0,0,0,1,0,0,0,0,0,0,0,0,0,0,0,0,0
reddit.com,0,0,0,2,0,0,0,0,0,0,0,0,0,0,0,0,0
forbes.com,0,0,0,2,0,0,0,0,0,0,0,0,0,0,0,0,0
www.schwab.com,0,0,0,1,0,0,0,0,0,0,0,0,0,0,0,0,0
www.yahoo.com,0,0,0,3,0,0,0,0,0,0,0,0,0,0,0,0,0
www.who.int,0,0,0,0,0,0,0,0,0,0,0,0,0,0,0,0,0
www.linode.com,0,0,0,2,0,0,0,0,0,0,0,0,0,0,0,0,0
nodejs.org,0,0,0,1,0,0,0,0,0,0,0,0,0,0,0,0,0
php.net,0,0,0,1,0,0,0,0,0,0,0,0,0,0,0,0,0
www.europa.eu,0,0,0,1,0,0,0,0,0,0,0,0,0,0,0,0,0
whatsapp.com,0,0,0,1,0,0,0,0,0,0,0,0,0,0,0,0,0
tailwindcss.com,0,0,0,1,0,0,0,0,0,0,0,0,0,0,0,0,0
youtube.com,0,0,0,4,0,0,0,0,0,0,0,0,0,0,0,0,0
www.ibm.com,0,0,0,1,0,0,0,0,0,0,0,0,0,0,0,0,0
golang.org,0,0,0,1,0,0,0,0,0,0,0,0,0,0,0,0,0
www.ibm.com,0,0,0,2,0,0,0,0,0,0,0,0,0,0,0,0,0
bybit.com,0,0,0,1,0,0,0,0,0,0,0,0,0,0,0,0,0
www.sony.com,0,0,0,1,0,0,0,0,0,0,0,0,0,0,0,0,0
www.office.com,0,0,0,1,0,0,0,0,0,0,0,0,0,0,0,0,0
wix.com,0,0,0,4,0,0,0,0,0,0,0,0,0,0,0,0,0
www.alipay.com,0,0,0,2,0,0,0,0,0,0,0,0,0,0,0,0,0
un.org,0,0,0,4,0,0,0,0,0,0,0,0,0,0,0,0,0
www.apple.com,0,0,0,1,0,0,0,0,0,0,0,0,0,0,0,0,0
www.khanacademy.org,0,0,0,4,0,0,0,0,0,0,0,0,0,0,0,0,0
www.jd.com,0,0,0,1,0,0,0,0,0,0,0,0,0,0,0,0,0
ca.gov,0,0,0,1,0,0,0,0,0,0,0,0,0,0,0,0,0
www.lg.com,0,0,0,1,0,0,0,0,0,0,0,0,0,0,0,0,0
www.square.com,0,0,0,4,0,0,0,0,0,0,0,0,0,0,0,0,0
github.com,0,0,0,1,0,0,0,0,0,0,0,0,0,0,0,0,0
www.citi.com,0,0,0,1,0,0,0,0,0,0,0,0,0,0,0,0,0
www.huawei.com,0,0,0,1,0,0,0,0,0,0,0,0,0,0,0,0,0
www.office.com,0,0,0,4,0,0,0,0,0,0,0,0,0,0,0,0,0
www.acer.com,0,0,0,1,0,0,0,0,0,0,0,0,0,0,0,0,0
www.namecheap.com,0,0,0,2,0,0,0,0,0,0,0,0,0,0,0,0,0
swift.org,0,0,0,1,0,0,0,0,0,0,0,0,0,0,0,0,0
www.aliexpress.com,0,0,0,1,0,0,0,0,0,0,0,0,0,0,0,0,0
hp.com,0,0,0,4,0,0,0,0,0,0,0,0,0,0,0,0,0
robinhood.com,0,0,0,1,0,0,0,0,0,0,0,0,0,0,0,0,0
chase.com,0,0,0,4,0,0,0,0,0,0,0,0,0,0,0,0,0
www.bloomberg.com,0,0,0,1,0,0,0,0,0,0,0,0,0,0,0,0,0
www.wix.com,0,0,0,1,0,0,0,0,0,0,0,0,0,0,0,0,0
netlify.com,0,0,0,3,0,0,0,0,0,0,0,0,0,0,0,0,0
www.binance.com,0,0,0,4,0,0,0,0,0,0,0,0,0,0,0,0,0
www.azure.microsoft.com,0,0,0,2,0,0,0,0,0,0,0,0,0,0,0,0,0
adobe.com,0,0,0,1,0,0,0,0,0,0,0,0,0,0,0,0,0
www.accuweather.com,0,0,0,4,0,0,0,0,0,0,0,0,0,0,0,0,0
www.nvidia.com,0,0,0,3,0,0,0,0,0,0,0,0,0,0,0,0,0
namecheap.com,0,0,0,1,0,0,0,0,0,0,0,0,0,0,0,0,0
ox.ac.uk,0,0,0,4,0,0,0,0,0,0,0,0,0,0,0,0,0
www.ox.ac.uk,0,0,0,1,0,0,0,0,0,0,0,0,0,0,0,0,0
www.live.com,0,0,0,1,0,0,0,0,0,0,0,0,0,0,0,0,0
www.visa.com,0,0,0,1,0,0,0,0,0,0,0,0,0,0,0,0,0
twitter.com,0,0,0,1,0,0,0,0,0,0,0,0,0,0,0,0,0
www.slack.com,0,0,0,1,0,0,0,0,0,0,0,0,0,0,0,0,0
www.baidu.com,0,0,0,1,0,0,0,0,0,0,0,0,0,0,0,0,0
aws.amazon.com,0,0,0,3,0,0,0,0,0,0,0,0,0,0,0,0,0
www.linode.com,0,0,0,1,0,0,0,0,0,0,0,0,0,0,0,0,0
www.swift.org,0,0,0,3,0,0,0,0,0,0,0,0,0,0,0,0,0
www.aws.amazon.com,0,0,0,1,0,0,0,0,0,0,0,0,0,0,0,0,0
www.pinterest.com,0,0,0,1,0,0,0,0,0,0,0,0,0,0,0,0,0
wix.com,0,0,0,1,0,0,0,0,0,0,0,0,0,0,0,0,0
intel.com,0,0,0,1,0,0,0,0,0,0,0,0,0,0,0,0,0
panasonic.com,0,0,0,1,0,0,0,0,0,0,0,0,0,0,0,0,0
www.oppo.com,0,0,0,1,0,0,0,0,0,0,0,0,0,0,0,0,0
www.linode.com,0,0,0,1,0,0,0,0,0,0,0,0,0,0,0,0,0
www.lenovo.com,0,0,0,1,0,0,0,0,0,0,0,0,0,0,0,0,0
www.vercel.com,0,0,0,1,0,0,0,0,0,0,0,0,0,0,0,0,0
slack.com,0,0,0,3,0,0,0,0,0,0,0,0,0,0,0,0,0
www.bankofamerica.com,0,0,0,4,0,0,0,0,0,0,0,0,0,0,0,0,0
www.instagram.com,0,0,0,1,0,0,0,0,0,0,0,0,0,0,0,0,0
alipay.com,0,0,0,1,0,0,0,0,0,0,0,0,0,0,0,0,0
kraken.com,0,0,0,1,0,0,0,0,0,0,0,0,0,0,0,0,0
www.flickr.com,0,0,0,4,0,0,0,0,0,0,0,0,0,0,0,0,0
lenovo.com,0,0,0,2,0,0,0,0,0,0,0,0,0,0,0,0,0
www.yahoo.com,0,0,0,1,0,0,0,0,0,0,0,0,0,0,0,0,0
www.gitlab.com,0,0,0,3,0,0,0,0,0,0,0,0,0,0,0,0,0
joomla.org,0,0,0,1,0,0,0,0,0,0,0,0,0,0,0,0,0
www.schwab.com,0,0,0,0,0,0,0,0,0,0,0,0,0,0,0,0,0
www.schwab.com,0,0,0,1,0,0,0,0,0,0,0,0,0,0,0,0,0
www.vanguard.com,0,0,0,3,0,0,0,0,0,0,0,0,0,0,0,0,0
heroku.com,0,0,0,2,0,0,0,0,0,0,0,0,0,0,0,0,0
www.slack.com,0,0,0,1,0,0,0,0,0,0,0,0,0,0,0,0,0
geeksforgeeks.org,0,0,0,2,0,0,0,0,0,0,0,0,0,0,0,0,0
www.netlify.com,0,0,0,3,0,0,0,0,0,0,0,0,0,0,0,0,0
namecheap.com,0,0,0,1,0,0,0,0,0,0,0,0,0,0,0,0,0
www.golang.org,0,0,0,1,0,0,0,0,0,0,0,0,0,0,0,0,0
www.qualcomm.com,0,0,0,1,0,0,0,0,0,0,0,0,0,0,0,0,0
wordpress.org,0,0,0,2,0,0,0,0,0,0,0,0,0,0,0,0,0
capitalone.com,0,0,0,4,0,0,0,0,0,0,0,0,0,0,0,0,0
www.discord.com,0,0,0,2,0,0,0,0,0,0,0,0,0,0,0,0,0
heroku.com,0,0,0,1,0,0,0,0,0,0,0,0,0,0,0,0,0
oppo.com,0,0,0,1,0,0,0,0,0,0,0,0,0,0,0,0,0
jira.com,0,0,0,3,0,0,0,0,0,0,0,0,0,0,0,0,0
www.forbes.com,0,0,0,1,0,0,0,0,0,0,0,0,0,0,0,0,0
www.kotlinlang.org,0,0,0,2,0,0,0,0,0,0,0,0,0,0,0,0,0
www.python.org,0,0,0,1,0,0,0,0,0,0,0,0,0,0,0,0,0
www.swift.org,0,0,0,1,0,0,0,0,0,0,0,0,0,0,0,0,0
nih.gov,0,0,0,1,0,0,0,0,0,0,0,0,0,0,0,0,0
www.chase.com,0,0,0,3,0,0,0,0,0,0,0,0,0,0,0,0,0
netflix.com,0,0,0,1,0,0,0,0,0,0,0,0,0,0,0,0,0
www.whatsapp.com,0,0,0,4,0,0,0,0,0,0,0,0,0,0,0,0,0
www.craigslist.org,0,0,0,3,0,0,0,0,0,0,0,0,0,0,0,0,0
ftx.com,0,0,0,3,0,0,0,0,0,0,0,0,0,0,0,0,0
www.ibm.com,0,0,0,3,0,0,0,0,0,0,0,0,0,0,0,0,0
weibo.com,0,0,0,1,0,0,0,0,0,0,0,0,0,0,0,0,0
discord.com,0,0,0,1,0,0,0,0,0,0,0,0,0,0,0,0,0
mozilla.org,0,0,0,4,0,0,0,0,0,0,0,0,0,0,0,0,0
www.square.com,0,0,0,3,0,0,0,0,0,0,0,0,0,0,0,0,0
stripe.com,0,0,0,4,0,0,0,0,0,0,0,0,0,0,0,0,0
ox.ac.uk,0,0,0,3,0,0,0,0,0,0,0,0,0,0,0,0,0
www.vuejs.org,0,0,0,1,0,0,0,0,0,0,0,0,0,0,0,0,0
wordpress.org,0,0,0,4,0,0,0,0,0,0,0,0,0,0,0,0,0
www.binance.com,0,0,0,1,0,0,0,0,0,0,0,0,0,0,0,0,0
samsung.com,0,0,0,1,0,0,0,0,0,0,0,0,0,0,0,0,0
www.cloud.google.com,0,0,0,4,0,0,0,0,0,0,0,0,0,0,0,0,0
nytimes.com,0,0,0,1,0,0,0,0,0,0,0,0,0,0,0,0,0
www.vk.com,0,0,0,1,0,0,0,0,0,0,0,0,0,0,0,0,0
www.ebay.com,0,0,0,4,0,0,0,0,0,0,0,0,0,0,0,0,0
oracle.com,0,0,0,1,0,0,0,0,0,0,0,0,0,0,0,0,0
discord.com,0,0,0,1,0,0,0,0,0,0,0,0,0,0,0,0,0
bitfinex.com,0,0,0,2,0,0,0,0,0,0,0,0,0,0,0,0,0
www.huawei.com,0,0,0,3,0,0,0,0,0,0,0,0,0,0,0,0,0
www.twitch.tv,0,0,0,3,0,0,0,0,0,0,0,0,0,0,0,0,0
reddit.com,0,0,0,1,0,0,0,0,0,0,0,0,0,0,0,0,0
www.amazon.com,0,0,0,0,0,0,0,0,0,0,0,0,0,0,0,0,0
www.yahoo.com,0,0,0,1,0,0,0,0,0,0,0,0,0,0,0,0,0
www.namecheap.com,0,0,0,1,0,0,0,0,0,0,0,0,0,0,0,0,0
bankofamerica.com,0,0,0,1,0,0,0,0,0,0,0,0,0,0,0,0,0
www.weibo.com,0,0,0,1,0,0,0,0,0,0,0,0,0,0,0,0,0
www.medium.com,0,0,0,1,0,0,0,0,0,0,0,0,0,0,0,0,0
usbank.com,0,0,0,3,0,0,0,0,0,0,0,0,0,0,0,0,0
weibo.com,0,0,0,1,0,0,0,0,0,0,0,0,0,0,0,0,0
www.lenovo.com,0,0,0,3,0,0,0,0,0,0,0,0,0,0,0,0,0
www.bankofamerica.com,0,0,0,1,0,0,0,0,0,0,0,0,0,0,0,0,0
www.capitalone.com,0,0,0,0,0,0,0,0,0,0,0,0,0,0,0,0,0
taobao.com,0,0,0,1,0,0,0,0,0,0,0,0,0,0,0,0,0
sony.com,0,0,0,1,0,0,0,0,0,0,0,0,0,0,0,0,0
ebay.com,0,0,0,3,0,0,0,0,0,0,0,0,0,0,0,0,0
render.com,0,0,0,1,0,0,0,0,0,0,0,0,0,0,0,0,0
fidelity.com,0,0,0,1,0,0,0,0,0,0,0,0,0,0,0,0,0
vimeo.com,0,0,0,2,0,0,0,0,0,0,0,0,0,0,0,0,0
visa.com,0,0,0,1,0,0,0,0,0,0,0,0,0,0,0,0,0
www.sina.com.cn,0,0,0,2,0,0,0,0,0,0,0,0,0,0,0,0,0
vk.com,0,0,0,1,0,0,0,0,0,0,0,0,0,0,0,0,0
www.nodejs.org,0,0,0,3,0,0,0,0,0,0,0,0,0,0,0,0,0
oneplus.com,0,0,0,1,0,0,0,0,0,0,0,0,0,0,0,0,0
netflix.com,0,0,0,1,0,0,0,0,0,0,0,0,0,0,0,0,0
nih.gov,0,0,0,1,0,0,0,0,0,0,0,0,0,0,0,0,0
www.vimeo.com,0,0,0,1,0,0,0,0,0,0,0,0,0,0,0,0,0
www.nih.gov,0,0,0,4,0,0,0,0,0,0,0,0,0,0,0,0,0
www.vk.com,0,0,0,1,0,0,0,0,0,0,0,0,0,0,0,0,0
www.apache.org,0,0,0,1,0,0,0,0,0,0,0,0,0,0,0,0,0
citi.com,0,0,0,1,0,0,0,0,0,0,0,0,0,0,0,0,0
www.khanacademy.org,0,0,1,1,0,0,0,0,0,0,0,0,0,0,0,0,0
www.quora.com,0,0,0,3,0,0,0,0,0,0,0,0,0,0,0,0,0
twitter.com,0,0,0,2,0,0,0,0,0,0,0,0,0,0,0,0,0
www.bitbucket.org,0,0,0,3,0,0,0,0,0,0,0,0,0,0,0,0,0
www.cisco.com,0,0,0,4,0,0,0,0,0,0,0,0,0,0,0,0,0
berkeley.edu,0,0,0,1,0,0,0,0,0,0,0,0,0,0,0,0,0
www.dell.com,0,0,0,1,0,0,0,0,0,0,0,0,0,0,0,0,0
lenovo.com,0,0,0,1,0,0,0,0,0,0,0,0,0,0,0,0,0
www.stanford.edu,0,0,0,1,0,0,0,0,0,0,0,0,0,0,0,0,0
www.angular.io,0,0,0,3,0,0,0,0,0,0,0,0,0,0,0,0,0
www.asus.com,0,0,0,4,0,0,0,0,0,0,0,0,0,0,0,0,0
paypal.com,0,0,0,1,0,0,0,0,0,0,0,0,0,0,0,0,0
nih.gov,0,0,0,4,0,0,0,0,0,0,0,0,0,0,0,0,0
www.coinbase.com,0,0,0,4,0,0,0,0,0,0,0,0,0,0,0,0,0
www.apple.com,0,0,0,1,0,0,0,0,0,0,0,0,0,0,0,0,0
mit.edu,0,0,0,4,0,0,0,0,0,0,0,0,0,0,0,0,0
www.w3schools.com,0,0,0,1,0,0,0,0,0,0,0,0,0,0,0,0,0
www.theguardian.com,0,0,0,1,0,0,0,0,0,0,0,0,0,0,0,0,0
dropbox.com,0,0,0,1,0,0,0,0,0,0,0,0,0,0,0,0,0
www.tumblr.com,0,0,0,1,0,0,0,0,0,0,0,0,0,0,0,0,0
www.drupal.org,0,0,0,0,0,0,0,0,0,0,0,0,0,0,0,0,0
www.taobao.com,0,0,0,1,0,0,0,0,0,0,0,0,0,0,0,0,0
chase.com,0,0,0,2,0,0,0,0,0,0,0,0,0,0,0,0,0
www.vimeo.com,0,0,0,1,0,0,0,0,0,0,0,0,0,0,0,0,0
www.nodejs.org,0,0,0,2,0,0,0,0,0,0,0,0,0,0,0,0,0
www.nvidia.com,0,0,0,1,0,0,0,0,0,0,0,0,0,0,0,0,0
godaddy.com,0,0,0,4,0,0,0,0,0,0,0,0,0,0,0,0,0
leetcode.com,0,0,0,4,0,0,0,0,0,0,0,0,0,0,0,0,0
www.mozilla.org,0,0,0,1,0,0,0,0,0,0,0,0,0,0,0,0,0
getbootstrap.com,0,0,0,1,0,0,0,0,0,0,0,0,0,0,0,0,0
coinbase.com,0,0,0,3,0,0,0,0,0,0,0,0,0,0,0,0,0
wellsfargo.com,0,0,0,1,0,0,0,0,0,0,0,0,0,0,0,0,0
khanacademy.org,0,0,0,4,0,0,0,0,0,0,0,0,0,0,0,0,0
www.taobao.com,0,0,0,4,0,0,0,0,0,0,0,0,0,0,0,0,0
ebay.com,0,0,0,1,0,0,0,0,0,0,0,0,0,0,0,0,0
ebay.com,0,0,0,4,0,0,0,0,0,0,0,0,0,0,0,0,0
oppo.com,0,0,0,1,0,0,0,0,0,0,0,0,0,0,0,0,0
ca.gov,0,0,0,1,0,0,0,0,0,0,0,0,0,0,0,0,0
render.com,0,0,0,0,0,0,0,0,0,0,0,0,0,0,0,0,0
getbootstrap.com,0,0,0,4,0,0,0,0,0,0,0,0,0,0,0,0,0
robinhood.com,0,0,0,1,0,0,0,0,0,0,0,0,0,0,0,0,0
www.wordpress.com,0,0,0,1,0,0,0,0,0,0,0,0,0,0,0,0,0
www.notion.so,0,0,0,1,0,0,0,0,0,0,0,0,0,0,0,0,0
www.cam.ac.uk,0,0,0,1,0,0,0,0,0,0,0,0,0,0,0,0,0
ibm.com,0,0,0,1,0,0,0,0,0,0,0,0,0,0,0,0,0
wordpress.org,0,0,0,1,0,0,0,0,0,0,0,0,0,0,0,0,0
www.ftx.com,0,0,0,0,0,0,0,0,0,0,0,0,0,0,0,0,0
ftx.com,0,0,0,1,0,0,0,0,0,0,0,0,0,0,0,0,0
nvidia.com,0,0,0,1,0,0,0,0,0,0,0,0,0,0,0,0,0
w3schools.com,0,0,0,3,0,0,0,0,0,0,0,0,0,0,0,0,0
whatsapp.com,0,0,0,1,0,0,0,0,0,0,0,0,0,0,0,0,0
www.alipay.com,0,0,0,1,0,0,0,0,0,0,0,0,0,0,0,0,0
www.cdc.gov,0,0,0,4,0,0,0,0,0,0,0,0,0,0,0,0,0
x.com,0,0,0,2,0,0,0,0,0,0,0,0,0,0,0,0,0
www.panasonic.com,0,0,0,1,0,0,0,0,0,0,0,0,0,0,0,0,0
tencent.com,0,0,0,4,0,0,0,0,0,0,0,0,0,0,0,0,0
www.cisco.com,0,0,0,1,0,0,0,0,0,0,0,0,0,0,0,0,0
digitalocean.com,0,0,0,1,0,0,0,0,0,0,0,0,0,0,0,0,0
robinhood.com,0,0,0,1,0,0,0,0,0,0,0,0,0,0,0,0,0
schwab.com,0,0,0,4,0,0,0,0,0,0,0,0,0,0,0,0,0
www.coursera.org,0,0,0,2,0,0,0,0,0,0,0,0,0,0,0,0,0
www.udacity.com,0,0,0,1,0,0,0,0,0,0,0,0,0,0,0,0,0
www.amazon.com,0,0,0,1,0,0,0,0,0,0,0,0,0,0,0,0,0
www.udacity.com,0,0,0,1,0,0,0,0,0,0,0,0,0,0,0,0,0
ox.ac.uk,0,0,0,0,0,0,0,0,0,0,0,0,0,0,0,0,0
figma.com,0,0,0,1,0,0,0,0,0,0,0,0,0,0,0,0,0
www.theguardian.com,0,0,0,1,0,0,0,0,0,0,0,0,0,0,0,0,0
imdb.com,0,0,0,1,0,0,0,0,0,0,0,0,0,0,0,0,0
www.panasonic.com,0,0,0,3,0,0,0,0,0,0,0,0,0,0,0,0,0
cnn.com,0,0,0,0,0,0,0,0,0,0,0,0,0,0,0,0,0
forbes.com,0,0,0,4,0,0,0,0,0,0,0,0,0,0,0,0,0
tencent.com,0,0,0,1,0,0,0,0,0,0,0,0,0,0,0,0,0
xiaomi.com,0,0,0,4,0,0,0,0,0,0,0,0,0,0,0,0,0
vercel.com,0,0,0,1,0,0,0,0,0,0,0,0,0,0,0,0,0
ibm.com,0,0,0,1,0,0,0,0,0,0,0,0,0,0,0,0,0
cloudflare.com,0,0,0,3,0,0,0,0,0,0,0,0,0,0,0,0,0
www.wikipedia.org,0,0,0,3,0,0,0,0,0,0,0,0,0,0,0,0,0
ebay.com,0,0,0,1,0,0,0,0,0,0,0,0,0,0,0,0,0
www.hostgator.com,0,0,0,1,0,0,0,0,0,0,0,0,0,0,0,0,0
www.rust-lang.org,0,0,0,1,0,0,0,1,0,0,0,0,0,0,0,0,0
www.quora.com,0,0,0,3,0,0,0,0,0,0,0,0,0,0,0,0,0
baidu.com,0,0,0,1,0,0,0,0,0,0,0,0,0,0,0,0,0
python.org,0,0,0,1,0,0,0,0,0,0,0,0,0,0,0,0,0
www.bluehost.com,0,0,0,1,0,0,0,0,0,0,0,0,0,0,0,0,0
accuweather.com,0,0,0,0,0,0,0,0,0,0,0,0,0,0,0,0,0
hp.com,0,0,0,3,0,0,0,0,0,0,0,0,0,0,0,0,0
www.hackerrank.com,0,0,0,1,0,0,0,0,0,0,0,0,0,0,0,0,0
www.usa.gov,0,0,0,2,0,0,0,0,0,0,0,0,0,0,0,0,0
www.youtube.com,0,0,0,1,0,0,0,0,0,0,0,0,0,0,0,0,0
www.rust-lang.org,0,0,0,3,0,0,0,1,0,0,0,0,0,0,0,0,0
www.x.com,0,0,0,1,0,0,0,0,0,0,0,0,0,0,0,0,0
www.facebook.com,0,0,0,1,0,0,0,0,0,0,0,0,0,0,0,0,0
mail.ru,0,0,0,3,0,0,0,0,0,0,0,0,0,0,0,0,0
www.wix.com,0,0,0,1,0,0,0,0,0,0,0,0,0,0,0,0,0
flickr.com,0,0,0,1,0,0,0,0,0,0,0,0,0,0,0,0,0
www.figma.com,0,0,0,3,0,0,0,0,0,0,0,0,0,0,0,0,0
quora.com,0,0,0,1,0,0,0,0,0,0,0,0,0,0,0,0,0
www.godaddy.com,0,0,0,1,0,0,0,0,0,0,0,0,0,0,0,0,0
www.netflix.com,0,0,0,1,0,0,0,0,0,0,0,0,0,0,0,0,0
www.typescriptlang.org,0,0,0,3,0,0,0,0,0,0,0,0,0,0,0,0,0
linkedin.com,0,0,0,3,0,0,0,0,0,0,0,0,0,0,0,0,0
www.instagram.com,0,0,0,1,0,0,0,0,0,0,0,0,0,0,0,0,0
www.leetcode.com,0,0,0,3,0,0,0,0,0,0,0,0,0,0,0,0,0
www.wikipedia.org,0,0,0,4,0,0,0,0,0,0,0,0,0,0,0,0,0
facebook.com,0,0,0,2,0,0,0,0,0,0,0,0,0,0,0,0,0
bitfinex.com,0,0,0,4,0,0,0,0,0,0,0,0,0,0,0,0,0
office.com,0,0,0,4,0,0,0,0,0,0,0,0,0,0,0,0,0
cdc.gov,0,0,0,3,0,0,0,0,0,0,0,0,0,0,0,0,0
www.cdc.gov,0,0,0,1,0,0,0,0,0,0,0,0,0,0,0,0,0
www.amd.com,0,0,0,4,0,0,0,0,0,0,0,0,0,0,0,0,0
panasonic.com,0,0,0,4,0,0,0,0,0,0,0,0,0,0,0,0,0
www.sohu.com,0,0,0,1,0,0,0,0,0,0,0,0,0,0,0,0,0
www.x.com,0,0,0,1,0,0,0,0,0,0,0,0,0,0,0,0,0
mit.edu,0,0,0,0,0,0,0,0,0,0,0,0,0,0,0,0,0
www.vultr.com,0,0,0,1,0,0,0,0,0,0,0,0,0,0,0,0,0
digitalocean.com,0,0,0,1,0,0,0,0,0,0,0,0,0,0,0,0,0
www.who.int,0,0,0,1,0,0,0,0,0,0,0,0,0,0,0,0,0
spotify.com,0,0,0,1,0,0,0,0,0,0,0,0,0,0,0,0,0
bybit.com,0,0,0,1,0,0,0,0,0,0,0,0,0,0,0,0,0
www.render.com,0,0,0,4,0,0,0,0,0,0,0,0,0,0,0,0,0
www.github.com,0,0,0,3,0,0,0,0,0,0,0,0,0,0,0,0,0
www.office.com,0,0,0,1,0,0,0,0,0,0,0,0,0,0,0,0,0
www.cam.ac.uk,0,0,0,1,0,0,0,0,0,0,0,0,0,0,0,0,0
www.nih.gov,0,0,0,4,0,0,0,0,0,0,0,0,0,0,0,0,0
stanford.edu,0,0,0,1,0,0,0,0,0,0,0,0,0,0,0,0,0
www.acer.com,0,0,0,1,0,0,0,0,0,0,0,0,0,0,0,0,0
www.github.com,0,0,0,0,0,0,0,0,0,0,0,0,0,0,0,0,0
vuejs.org,0,0,0,1,0,0,0,0,0,0,0,0,0,0,0,0,0
bitbucket.org,0,0,0,2,0,0,0,0,0,0,0,0,0,0,0,0,0
www.zoom.us,0,0,0,2,0,0,0,0,0,0,0,0,0,0,0,0,0
xiaomi.com,0,0,0,1,0,0,0,0,0,0,0,0,0,0,0,0,0
www.weibo.com,0,0,0,1,0,0,0,0,0,0,0,0,0,0,0,0,0
squarespace.com,0,0,0,0,0,0,0,0,0,0,0,0,0,0,0,0,0
github.com,0,0,0,1,0,0,0,0,0,0,0,0,0,0,0,0,0
www.mastercard.com,0,0,0,1,0,0,0,0,0,0,0,0,0,0,0,0,0
taobao.com,0,0,0,1,0,0,0,0,0,0,0,0,0,0,0,0,0
samsung.com,0,0,0,1,0,0,0,0,0,0,0,0,0,0,0,0,0
www.hackerrank.com,0,0,0,1,0,0,0,0,0,0,0,0,0,0,0,0,0
udemy.com,0,0,0,3,0,0,0,0,0,0,0,0,0,0,0,0,0
python.org,0,0,0,1,0,0,0,0,0,0,0,0,0,0,0,0,0
www.craigslist.org,0,0,0,2,0,0,0,0,0,0,0,0,0,0,0,0,0
www.linode.com,0,0,0,1,0,0,0,0,0,0,0,0,0,0,0,0,0
www.yahoo.com,0,0,0,4,0,0,0,0,0,0,0,0,0,0,0,0,0
www.mit.edu,0,0,0,4,0,0,0,0,0,0,0,0,0,0,0,0,0
dell.com,0,0,0,1,0,0,0,0,0,0,0,0,0,0,0,0,0
xiaomi.com,0,0,0,0,0,0,0,0,0,0,0,0,0,0,0,0,0
citi.com,0,0,0,0,0,0,0,0,0,0,0,0,0,0,0,0,0
www.nvidia.com,0,0,0,1,0,0,0,0,0,0,0,0,0,0,0,0,0
www.soundcloud.com,0,0,0,3,0,0,0,0,0,0,0,0,0,0,0,0,0
joomla.org,0,0,0,1,0,0,0,0,0,0,0,0,0,0,0,0,0
bbc.com,0,0,0,1,0,0,0,0,0,0,0,0,0,0,0,0,0
www.accuweather.com,0,0,0,2,0,0,0,0,0,0,0,0,0,0,0,0,0
www.typescriptlang.org,0,0,0,2,0,0,0,0,0,0,0,0,0,0,0,0,0
www.oppo.com,0,0,0,1,0,0,0,0,0,0,0,0,0,0,0,0,0
sina.com.cn,0,0,0,1,0,0,0,0,0,0,0,0,0,0,0,0,0
www.qualcomm.com,0,0,0,2,0,0,0,0,0,0,0,0,0,0,0,0,0
reactjs.org,0,0,0,1,0,0,0,0,0,0,0,0,0,0,0,0,0
alipay.com,0,0,0,1,0,0,0,0,0,0,0,0,0,0,0,0,0
aliexpress.com,0,0,0,3,0,0,0,0,0,0,0,0,0,0,0,0,0
www.cloudflare.com,0,0,0,1,0,0,0,0,0,0,0,0,0,0,0,0,0
wordpress.org,0,0,0,1,0,0,0,0,0,0,0,0,0,0,0,0,0
bbc.com,0,0,0,3,0,0,0,0,0,0,0,0,0,0,0,0,0
mastercard.com,0,0,0,2,0,0,0,0,0,0,0,0,0,0,0,0,0
www.golang.org,0,0,0,4,0,0,0,0,0,0,0,0,0,0,0,0,0
office.com,0,0,0,1,0,0,0,0,0,0,0,0,0,0,0,0,0
www.codeforces.com,0,0,0,1,0,0,0,0,0,0,0,0,0,0,0,0,0
www.weather.com,0,0,0,1,0,0,0,0,0,0,0,0,0,0,0,0,0
typescriptlang.org,0,0,0,0,0,0,0,0,0,0,0,0,0,0,0,0,0
www.yandex.ru,0,0,0,1,0,0,0,0,0,0,0,0,0,0,0,0,0
acer.com,0,0,0,1,0,0,0,0,0,0,0,0,0,0,0,0,0
www.instagram.com,0,0,0,0,0,0,0,0,0,0,0,0,0,0,0,0,0
www.xiaomi.com,0,0,0,1,0,0,0,0,0,0,0,0,0,0,0,0,0
robinhood.com,0,0,0,1,0,0,0,0,0,0,0,0,0,0,0,0,0
www.reddit.com,0,0,0,1,0,0,0,0,0,0,0,0,0,0,0,0,0
stripe.com,0,0,0,3,0,0,0,0,0,0,0,0,0,0,0,0,0
joomla.org,0,0,0,4,0,0,0,0,0,0,0,0,0,0,0,0,0
www.square.com,0,0,0,1,0,0,0,0,0,0,0,0,0,0,0,0,0
www.python.org,0,0,0,4,0,0,0,0,0,0,0,0,0,0,0,0,0
gemini.com,0,0,0,2,0,0,0,0,0,0,0,0,0,0,0,0,0
golang.org,0,0,0,1,0,0,0,0,0,0,0,0,0,0,0,0,0
tumblr.com,0,0,0,0,0,0,0,0,0,0,0,0,0,0,0,0,0
hostgator.com,0,0,0,1,0,0,0,0,0,0,0,0,0,0,0,0,0
www.taobao.com,0,0,0,4,0,0,0,0,0,0,0,0,0,0,0,0,0
usa.gov,0,0,0,1,0,0,0,0,0,0,0,0,0,0,0,0,0
www.un.org,0,0,0,1,0,0,0,0,0,0,0,0,0,0,0,0,0
facebook.com,0,0,0,3,0,0,0,0,0,0,0,0,0,0,0,0,0
pinterest.com,0,0,0,4,0,0,0,0,0,0,0,0,0,0,0,0,0
www.heroku.com,0,0,0,1,0,0,0,0,0,0,0,0,0,0,0,0,0
oneplus.com,0,0,0,1,0,0,0,0,0,0,0,0,0,0,0,0,0
www.pinterest.com,0,0,0,4,0,0,0,0,0,0,0,0,0,0,0,0,0
www.golang.org,0,0,0,3,0,0,0,0,0,0,0,0,0,0,0,0,0
udemy.com,0,0,0,4,0,0,0,0,0,0,0,0,0,0,0,0,0
slack.com,0,0,0,1,0,0,0,0,0,0,0,0,0,0,0,0,0
squarespace.com,0,0,0,1,0,0,0,0,0,0,0,0,0,0,0,0,0
tailwindcss.com,0,0,0,0,0,0,0,0,0,0,0,0,0,0,0,0,0
www.apple.com,0,0,0,1,0,0,0,0,0,0,0,0,0,0,0,0,0
nasa.gov,0,0,0,3,0,0,0,0,0,0,0,0,0,0,0,0,0
bloomberg.com,0,0,0,1,0,0,0,0,0,0,0,0,0,0,0,0,0
acer.com,0,0,0,2,0,0,0,0,0,0,0,0,0,0,0,0,0
dell.com,0,0,0,1,0,0,0,0,0,0,0,0,0,0,0,0,0
www.oracle.com,0,0,0,2,0,0,0,0,0,0,0,0,0,0,0,0,0
stanford.edu,0,0,0,0,0,0,0,0,0,0,0,0,0,0,0,0,0
www.telegram.org,0,0,0,3,0,0,0,0,0,0,0,0,0,0,0,0,0
php.net,0,0,0,3,0,0,0,0,0,0,0,0,0,0,0,0,0
www.leetcode.com,0,0,0,4,0,0,0,0,0,0,0,0,0,0,0,0,0
www.robinhood.com,0,0,0,3,0,0,0,0,0,0,0,0,0,0,0,0,0
www.europa.eu,0,0,0,3,0,0,0,0,0,0,0,0,0,0,0,0,0
www.jd.com,0,0,0,2,0,0,0,0,0,0,0,0,0,0,0,0,0
wix.com,0,0,0,2,0,0,0,0,0,0,0,0,0,0,0,0,0
medium.com,0,0,0,1,0,0,0,0,0,0,0,0,0,0,0,0,0
www.weibo.com,0,0,0,1,0,0,0,0,0,0,0,0,0,0,0,0,0
tailwindcss.com,0,0,0,1,0,0,0,0,0,0,0,0,0,0,0,0,0
www.tencent.com,0,0,0,3,0,0,0,0,0,0,0,0,0,0,0,0,0
xiaomi.com,0,0,0,3,0,0,0,0,0,0,0,0,0,0,0,0,0
tumblr.com,0,0,0,2,0,0,0,0,0,0,0,0,0,0,0,0,0
nytimes.com,0,0,0,1,0,0,0,0,0,0,0,0,0,0,0,0,0
www.xiaomi.com,0,0,0,4,0,0,0,0,0,0,0,0,0,0,0,0,0
www.mastercard.com,0,0,0,0,0,0,0,0,0,0,0,0,0,0,0,0,0
instagram.com,0,0,0,1,0,0,0,0,0,0,0,0,0,0,0,0,0
wordpress.org,0,0,0,1,0,0,0,0,0,0,0,0,0,0,0,0,0
www.ruby-lang.org,0,0,0,1,0,0,0,1,0,0,0,0,0,0,0,0,0
www.un.org,0,0,0,0,0,0,0,0,0,0,0,0,0,0,0,0,0
mastercard.com,0,0,0,1,0,0,0,0,0,0,0,0,0,0,0,0,0
www.notion.so,0,0,0,3,0,0,0,0,0,0,0,0,0,0,0,0,0
vivo.com,0,0,0,1,0,0,0,0,0,0,0,0,0,0,0,0,0
www.harvard.edu,0,0,0,1,0,0,0,0,0,0,0,0,0,0,0,0,0
www.forbes.com,0,0,0,4,0,0,0,0,0,0,0,0,0,0,0,0,0
ca.gov,0,0,0,1,0,0,0,0,0,0,0,0,0,0,0,0,0
office.com,0,0,0,1,0,0,0,0,0,0,0,0,0,0,0,0,0
www.nvidia.com,0,0,0,1,0,0,0,0,0,0,0,0,0,0,0,0,0
www.spotify.com,0,0,0,0,0,0,0,0,0,0,0,0,0,0,0,0,0
www.pinterest.com,0,0,0,1,0,0,0,0,0,0,0,0,0,0,0,0,0
www.quora.com,0,0,0,1,0,0,0,0,0,0,0,0,0,0,0,0,0
www.oracle.com,0,0,0,1,0,0,0,0,0,0,0,0,0,0,0,0,0
www.ox.ac.uk,0,0,0,1,0,0,0,0,0,0,0,0,0,0,0,0,0
www.weather.com,0,0,0,1,0,0,0,0,0,0,0,0,0,0,0,0,0
binance.com,0,0,0,1,0,0,0,0,0,0,0,0,0,0,0,0,0
www.coinbase.com,0,0,0,3,0,0,0,0,0,0,0,0,0,0,0,0,0
www.instagram.com,0,0,0,1,0,0,0,0,0,0,0,0,0,0,0,0,0
mozilla.org,0,0,0,1,0,0,0,0,0,0,0,0,0,0,0,0,0
yahoo.com,0,0,0,1,0,0,0,0,0,0,0,0,0,0,0,0,0
www.pinterest.com,0,0,0,0,0,0,0,0,0,0,0,0,0,0,0,0,0
www.weather.com,0,0,0,1,0,0,0,0,0,0,0,0,0,0,0,0,0
www.americanexpress.com,0,0,0,2,0,0,0,0,0,0,0,0,0,0,0,0,0
www.youtube.com,0,0,0,1,0,0,0,0,0,0,0,0,0,0,0,0,0
pinterest.com,0,0,0,1,0,0,0,0,0,0,0,0,0,0,0,0,0
www.facebook.com,0,0,0,1,0,0,0,0,0,0,0,0,0,0,0,0,0
www.usbank.com,0,0,0,4,0,0,0,0,0,0,0,0,0,0,0,0,0
square.com,0,0,0,1,0,0,0,0,0,0,0,0,0,0,0,0,0
www.qualcomm.com,0,0,0,1,0,0,0,0,0,0,0,0,0,0,0,0,0
www.baidu.com,0,0,0,2,0,0,0,0,0,0,0,0,0,0,0,0,0
bitfinex.com,0,0,0,1,0,0,0,0,0,0,0,0,0,0,0,0,0
wikipedia.org,0,0,0,1,0,0,0,0,0,0,0,0,0,0,0,0,0
www.weather.com,0,0,0,1,0,0,0,0,0,0,0,0,0,0,0,0,0
wordpress.com,0,0,0,4,0,0,0,0,0,0,0,0,0,0,0,0,0
www.who.int,0,0,0,4,0,0,0,0,0,0,0,0,0,0,0,0,0
www.github.com,0,0,0,1,0,0,0,0,0,0,0,0,0,0,0,0,0
youtube.com,0,0,0,1,0,0,0,0,0,0,0,0,0,0,0,0,0
namecheap.com,0,0,0,1,0,0,0,0,0,0,0,0,0,0,0,0,0
www.bing.com,0,0,0,0,0,0,0,0,0,0,0,0,0,0,0,0,0
www.accuweather.com,0,0,0,1,0,0,0,0,0,0,0,0,0,0,0,0,0
www.nytimes.com,0,0,0,4,0,0,0,0,0,0,0,0,0,0,0,0,0
linode.com,0,0,0,1,0,0,0,0,0,0,0,0,0,0,0,0,0
www.adobe.com,0,0,0,1,0,0,0,0,0,0,0,0,0,0,0,0,0
www.nasa.gov,0,0,0,1,0,0,0,0,0,0,0,0,0,0,0,0,0
oneplus.com,0,0,0,1,0,0,0,0,0,0,0,0,0,0,0,0,0
www.vercel.com,0,0,0,3,0,0,0,0,0,0,0,0,0,0,0,0,0
yandex.ru,0,0,0,4,0,0,0,0,0,0,0,0,0,0,0,0,0
shopify.com,0,0,0,1,0,0,0,0,0,0,0,0,0,0,0,0,0
asus.com,0,0,0,1,0,0,0,0,0,0,0,0,0,0,0,0,0
www.reddit.com,0,0,0,1,0,0,0,0,0,0,0,0,0,0,0,0,0
www.aliexpress.com,0,0,0,4,0,0,0,0,0,0,0,0,0,0,0,0,0
weather.com,0,0,0,1,0,0,0,0,0,0,0,0,0,0,0,0,0
www.theguardian.com,0,0,0,4,0,0,0,0,0,0,0,0,0,0,0,0,0
www.dell.com,0,0,0,1,0,0,0,0,0,0,0,0,0,0,0,0,0
vercel.com,0,0,0,4,0,0,0,0,0,0,0,0,0,0,0,0,0
ca.gov,0,0,0,0,0,0,0,0,0,0,0,0,0,0,0,0,0
quora.com,0,0,0,3,0,0,0,0,0,0,0,0,0,0,0,0,0
www.vercel.com,0,0,0,1,0,0,0,0,0,0,0,0,0,0,0,0,0
mit.edu,0,0,0,3,0,0,0,0,0,0,0,0,0,0,0,0,0
www.nodejs.org,0,0,0,1,0,0,0,0,0,0,0,0,0,0,0,0,0
tencent.com,0,0,0,2,0,0,0,0,0,0,0,0,0,0,0,0,0
www.chase.com,0,0,0,2,0,0,0,0,0,0,0,0,0,0,0,0,0
linode.com,0,0,0,1,0,0,0,0,0,0,0,0,0,0,0,0,0
www.godaddy.com,0,0,0,1,0,0,0,0,0,0,0,0,0,0,0,0,0
www.ox.ac.uk,0,0,0,1,0,0,0,0,0,0,0,0,0,0,0,0,0
ruby-lang.org,0,0,0,0,0,0,0,1,0,0,0,0,0,0,0,0,0
www.who.int,0,0,0,1,0,0,0,0,0,0,0,0,0,0,0,0,0
sony.com,0,0,0,3,0,0,0,0,0,0,0,0,0,0,0,0,0
www.bybit.com,0,0,0,1,0,0,0,0,0,0,0,0,0,0,0,0,0
www.vivo.com,0,0,0,3,0,0,0,0,0,0,0,0,0,0,0,0,0
vuejs.org,0,0,0,1,0,0,0,0,0,0,0,0,0,0,0,0,0
www.qualcomm.com,0,0,0,1,0,0,0,0,0,0,0,0,0,0,0,0,0
digitalocean.com,0,0,0,1,0,0,0,0,0,0,0,0,0,0,0,0,0
theguardian.com,0,0,0,1,0,0,0,0,0,0,0,0,0,0,0,0,0
www.wordpress.com,0,0,0,0,0,0,0,0,0,0,0,0,0,0,0,0,0
www.microsoft.com,0,0,0,1,0,0,0,0,0,0,0,0,0,0,0,0,0
www.coinbase.com,0,0,0,2,0,0,0,0,0,0,0,0,0,0,0,0,0
www.cam.ac.uk,0,0,0,2,0,0,0,0,0,0,0,0,0,0,0,0,0
www.rust-lang.org,0,0,0,3,0,0,0,1,0,0,0,0,0,0,0,0,0
www.who.int,0,0,0,4,0,0,0,0,0,0,0,0,0,0,0,0,0
www.usbank.com,0,0,0,3,0,0,0,0,0,0,0,0,0,0,0,0,0
www.baidu.com,0,0,0,4,0,0,0,0,0,0,0,0,0,0,0,0,0
www.twitter.com,0,0,0,4,0,0,0,0,0,0,0,0,0,0,0,0,0
acer.com,0,0,0,3,0,0,0,0,0,0,0,0,0,0,0,0,0
www.live.com,0,0,0,1,0,0,0,0,0,0,0,0,0,0,0,0,0
kraken.com,0,0,0,1,0,0,0,0,0,0,0,0,0,0,0,0,0
stripe.com,0,0,0,1,0,0,0,0,0,0,0,0,0,0,0,0,0
www.cloudflare.com,0,0,0,1,0,0,0,0,0,0,0,0,0,0,0,0,0
stanford.edu,0,0,0,1,0,0,0,0,0,0,0,0,0,0,0,0,0
www.lg.com,0,0,0,1,0,0,0,0,0,0,0,0,0,0,0,0,0
php.net,0,0,0,1,0,0,0,0,0,0,0,0,0,0,0,0,0
www.heroku.com,0,0,0,1,0,0,0,0,0,0,0,0,0,0,0,0,0
cisco.com,0,0,0,1,0,0,0,0,0,0,0,0,0,0,0,0,0
hp.com,0,0,0,4,0,0,0,0,0,0,0,0,0,0,0,0,0
www.jd.com,0,0,0,3,0,0,0,0,0,0,0,0,0,0,0,0,0
discord.com,0,0,0,2,0,0,0,0,0,0,0,0,0,0,0,0,0
www.americanexpress.com,0,0,0,1,0,0,0,0,0,0,0,0,0,0,0,0,0
panasonic.com,0,0,0,1,0,0,0,0,0,0,0,0,0,0,0,0,0
www.joomla.org,0,0,0,3,0,0,0,0,0,0,0,0,0,0,0,0,0
tumblr.com,0,0,0,1,0,0,0,0,0,0,0,0,0,0,0,0,0
reuters.com,0,0,0,1,0,0,0,0,0,0,0,0,0,0,0,0,0
www.cisco.com,0,0,0,1,0,0,0,0,0,0,0,0,0,0,0,0,0
www.vk.com,0,0,0,1,0,0,0,0,0,0,0,0,0,0,0,0,0
mail.ru,0,0,0,1,0,0,0,0,0,0,0,0,0,0,0,0,0
www.nodejs.org,0,0,0,1,0,0,0,0,0,0,0,0,0,0,0,0,0
github.com,0,0,0,1,0,0,0,0,0,0,0,0,0,0,0,0,0
www.canva.com,0,0,0,1,0,0,0,0,0,0,0,0,0,0,0,0,0
www.nasa.gov,0,0,0,3,0,0,0,0,0,0,0,0,0,0,0,0,0
citi.com,0,0,0,1,0,0,0,0,0,0,0,0,0,0,0,0,0
www.yandex.ru,0,0,0,2,0,0,0,0,0,0,0,0,0,0,0,0,0
www.php.net,0,0,0,1,0,0,0,0,0,0,0,0,0,0,0,0,0
netlify.com,0,0,0,1,0,0,0,0,0,0,0,0,0,0,0,0,0
aliexpress.com,0,0,0,1,0,0,0,0,0,0,0,0,0,0,0,0,0
www.linkedin.com,0,0,0,1,0,0,0,0,0,0,0,0,0,0,0,0,0
www.vivo.com,0,0,0,1,0,0,0,0,0,0,0,0,0,0,0,0,0
www.amd.com,0,0,0,4,0,0,0,0,0,0,0,0,0,0,0,0,0
www.capitalone.com,0,0,0,4,0,0,0,0,0,0,0,0,0,0,0,0,0
oneplus.com,0,0,0,3,0,0,0,0,0,0,0,0,0,0,0,0,0
usa.gov,0,0,0,4,0,0,0,0,0,0,0,0,0,0,0,0,0
www.europa.eu,0,0,0,1,0,0,0,0,0,0,0,0,0,0,0,0,0
visa.com,0,0,0,1,0,0,0,0,0,0,0,0,0,0,0,0,0
www.bitbucket.org,0,0,0,1,0,0,0,0,0,0,0,0,0,0,0,0,0
www.ok.ru,0,0,0,1,0,0,0,0,0,0,0,0,0,0,0,0,0
schwab.com,0,0,0,2,0,0,0,0,0,0,0,0,0,0,0,0,0
www.aliexpress.com,0,0,0,3,0,0,0,0,0,0,0,0,0,0,0,0,0
theguardian.com,0,0,0,1,0,0,0,0,0,0,0,0,0,0,0,0,0
www.bitbucket.org,0,0,0,4,0,0,0,0,0,0,0,0,0,0,0,0,0
www.tailwindcss.com,0,0,1,1,0,0,0,0,0,0,0,0,0,0,0,0,0
canva.com,0,0,0,0,0,0,0,0,0,0,0,0,0,0,0,0,0
www.nextjs.org,0,0,0,4,0,0,0,0,0,0,0,0,0,0,0,0,0
www.asus.com,0,0,0,3,0,0,0,0,0,0,0,0,0,0,0,0,0
twitter.com,0,0,0,3,0,0,0,0,0,0,0,0,0,0,0,0,0
aws.amazon.com,0,0,0,1,0,0,0,0,0,0,0,0,0,0,0,0,0
stripe.com,0,0,0,2,0,0,0,0,0,0,0,0,0,0,0,0,0
www.sohu.com,0,0,0,3,0,0,0,0,0,0,0,0,0,0,0,0,0
www.getbootstrap.com,0,0,1,1,0,0,0,0,0,0,0,0,0,0,0,0,0
www.getbootstrap.com,0,0,0,1,0,0,0,0,0,0,0,0,0,0,0,0,0
hostgator.com,0,0,0,0,0,0,0,0,0,0,0,0,0,0,0,0,0
www.swift.org,0,0,0,1,0,0,0,0,0,0,0,0,0,0,0,0,0
ok.ru,0,0,0,0,0,0,0,0,0,0,0,0,0,0,0,0,0
youtube.com,0,0,0,4,0,0,0,0,0,0,0,0,0,0,0,0,0
www.geeksforgeeks.org,0,0,0,1,0,0,0,0,0,0,0,0,0,0,0,0,0
twitch.tv,0,0,0,1,0,0,0,0,0,0,0,0,0,0,0,0,0
google.com,0,0,0,1,0,0,0,0,0,0,0,0,0,0,0,0,0
nytimes.com,0,0,0,2,0,0,0,0,0,0,0,0,0,0,0,0,0
www.discord.com,0,0,0,0,0,0,0,0,0,0,0,0,0,0,0,0,0
samsung.com,0,0,0,3,0,0,0,0,0,0,0,0,0,0,0,0,0
www.fidelity.com,0,0,0,1,0,0,0,0,0,0,0,0,0,0,0,0,0
www.oneplus.com,0,0,0,1,0,0,0,0,0,0,0,0,0,0,0,0,0
www.accuweather.com,0,0,0,4,0,0,0,0,0,0,0,0,0,0,0,0,0
www.ok.ru,0,0,0,3,0,0,0,0,0,0,0,0,0,0,0,0,0
www.apache.org,0,0,0,1,0,0,0,0,0,0,0,0,0,0,0,0,0
bankofamerica.com,0,0,0,1,0,0,0,0,0,0,0,0,0,0,0,0,0
chase.com,0,0,0,1,0,0,0,0,0,0,0,0,0,0,0,0,0
www.amazon.com,0,0,0,1,0,0,0,0,0,0,0,0,0,0,0,0,0
www.spotify.com,0,0,0,4,0,0,0,0,0,0,0,0,0,0,0,0,0
jira.com,0,0,0,1,0,0,0,0,0,0,0,0,0,0,0,0,0
www.usa.gov,0,0,0,1,0,0,0,0,0,0,0,0,0,0,0,0,0
www.microsoft.com,0,0,0,1,0,0,0,0,0,0,0,0,0,0,0,0,0
geeksforgeeks.org,0,0,0,4,0,0,0,0,0,0,0,0,0,0,0,0,0
ruby-lang.org,0,0,0,3,0,0,0,1,0,0,0,0,0,0,0,0,0
asus.com,0,0,0,2,0,0,0,0,0,0,0,0,0,0,0,0,0
bbc.com,0,0,0,1,0,0,0,0,0,0,0,0,0,0,0,0,0
weibo.com,0,0,0,0,0,0,0,0,0,0,0,0,0,0,0,0,0
www.office.com,0,0,0,1,0,0,0,0,0,0,0,0,0,0,0,0,0
sony.com,0,0,0,0,0,0,0,0,0,0,0,0,0,0,0,0,0
medium.com,0,0,0,0,0,0,0,0,0,0,0,0,0,0,0,0,0
vimeo.com,0,0,0,1,0,0,0,0,0,0,0,0,0,0,0,0,0
www.typescriptlang.org,0,0,0,1,0,0,0,0,0,0,0,0,0,0,0,0,0
www.quora.com,0,0,0,4,0,0,0,0,0,0,0,0,0,0,0,0,0
fidelity.com,0,0,0,2,0,0,0,0,0,0,0,0,0,0,0,0,0
leetcode.com,0,0,0,1,0,0,0,0,0,0,0,0,0,0,0,0,0
khanacademy.org,0,0,0,1,0,0,0,0,0,0,0,0,0,0,0,0,0
gemini.com,0,0,0,1,0,0,0,0,0,0,0,0,0,0,0,0,0
www.angular.io,0,0,0,1,0,0,0,0,0,0,0,0,0,0,0,0,0
google.com,0,0,0,1,0,0,0,0,0,0,0,0,0,0,0,0,0
vultr.com,0,0,0,3,0,0,0,0,0,0,0,0,0,0,0,0,0
www.leetcode.com,0,0,0,1,0,0,0,0,0,0,0,0,0,0,0,0,0
cdc.gov,0,0,0,2,0,0,0,0,0,0,0,0,0,0,0,0,0
www.bankofamerica.com,0,0,1,1,0,0,0,0,0,0,0,0,0,0,0,0,0
shopify.com,0,0,0,4,0,0,0,0,0,0,0,0,0,0,0,0,0
bluehost.com,0,0,0,4,0,0,0,0,0,0,0,0,0,0,0,0,0
twitter.com,0,0,0,0,0,0,0,0,0,0,0,0,0,0,0,0,0
office.com,0,0,0,1,0,0,0,0,0,0,0,0,0,0,0,0,0
www.python.org,0,0,0,1,0,0,0,0,0,0,0,0,0,0,0,0,0
nih.gov,0,0,0,1,0,0,0,0,0,0,0,0,0,0,0,0,0
www.intel.com,0,0,0,2,0,0,0,0,0,0,0,0,0,0,0,0,0
www.schwab.com,0,0,0,1,0,0,0,0,0,0,0,0,0,0,0,0,0
kraken.com,0,0,0,1,0,0,0,0,0,0,0,0,0,0,0,0,0
google.com,0,0,0,1,0,0,0,0,0,0,0,0,0,0,0,0,0
craigslist.org,0,0,0,4,0,0,0,0,0,0,0,0,0,0,0,0,0
www.cam.ac.uk,0,0,0,1,0,0,0,0,0,0,0,0,0,0,0,0,0
www.nvidia.com,0,0,0,2,0,0,0,0,0,0,0,0,0,0,0,0,0
twitter.com,0,0,0,1,0,0,0,0,0,0,0,0,0,0,0,0,0
baidu.com,0,0,0,3,0,0,0,0,0,0,0,0,0,0,0,0,0
bbc.com,0,0,0,1,0,0,0,0,0,0,0,0,0,0,0,0,0
www.mit.edu,0,0,0,3,0,0,0,0,0,0,0,0,0,0,0,0,0
www.netlify.com,0,0,0,1,0,0,0,0,0,0,0,0,0,0,0,0,0
www.wordpress.org,0,0,0,1,0,0,0,0,0,0,0,0,0,0,0,0,0
hackerrank.com,0,0,0,1,0,0,0,0,0,0,0,0,0,0,0,0,0
www.kraken.com,0,0,0,1,0,0,0,0,0,0,0,0,0,0,0,0,0
wellsfargo.com,0,0,0,4,0,0,0,0,0,0,0,0,0,0,0,0,0
www.tencent.com,0,0,0,1,0,0,0,0,0,0,0,0,0,0,0,0,0
www.oneplus.com,0,0,0,0,0,0,0,0,0,0,0,0,0,0,0,0,0
www.paypal.com,0,0,0,1,0,0,0,0,0,0,0,0,0,0,0,0,0
www.khanacademy.org,0,0,0,3,0,0,0,0,0,0,0,0,0,0,0,0,0
www.who.int,0,0,0,1,0,0,0,0,0,0,0,0,0,0,0,0,0
www.amazon.com,0,0,0,1,0,0,0,0,0,0,0,0,0,0,0,0,0
www.reddit.com,0,0,0,1,0,0,0,0,0,0,0,0,0,0,0,0,0
tencent.com,0,0,0,4,0,0,0,0,0,0,0,0,0,0,0,0,0
www.cloud.google.com,0,0,0,0,0,0,0,0,0,0,0,0,0,0,0,0,0
www.netlify.com,0,0,0,3,0,0,0,0,0,0,0,0,0,0,0,0,0
www.jira.com,0,0,0,1,0,0,0,0,0,0,0,0,0,0,0,0,0
gitlab.com,0,0,0,1,0,0,0,0,0,0,0,0,0,0,0,0,0
www.ox.ac.uk,0,0,0,1,0,0,0,0,0,0,0,0,0,0,0,0,0
www.aliexpress.com,0,0,0,4,0,0,0,0,0,0,0,0,0,0,0,0,0
www.weibo.com,0,0,0,3,0,0,0,0,0,0,0,0,0,0,0,0,0
www.vercel.com,0,0,0,1,0,0,0,0,0,0,0,0,0,0,0,0,0
www.php.net,0,0,0,3,0,0,0,0,0,0,0,0,0,0,0,0,0
sohu.com,0,0,0,0,0,0,0,0,0,0,0,0,0,0,0,0,0
www.hp.com,0,0,0,1,0,0,0,0,0,0,0,0,0,0,0,0,0
www.vultr.com,0,0,0,1,0,0,0,0,0,0,0,0,0,0,0,0,0
ca.gov,0,0,0,1,0,0,0,0,0,0,0,0,0,0,0,0,0
godaddy.com,0,0,0,1,0,0,0,0,0,0,0,0,0,0,0,0,0
ebay.com,0,0,0,1,0,0,0,0,0,0,0,0,0,0,0,0,0
www.wellsfargo.com,0,0,0,1,0,0,0,0,0,0,0,0,0,0,0,0,0
www.canva.com,0,0,0,4,0,0,0,0,0,0,0,0,0,0,0,0,0
www.oracle.com,0,0,0,1,0,0,0,0,0,0,0,0,0,0,0,0,0
vk.com,0,0,0,4,0,0,0,0,0,0,0,0,0,0,0,0,0
nextjs.org,0,0,0,4,0,0,0,0,0,0,0,0,0,0,0,0,0
www.joomla.org,0,0,0,1,0,0,0,0,0,0,0,0,0,0,0,0,0
theguardian.com,0,0,0,1,0,0,0,0,0,0,0,0,0,0,0,0,0
www.samsung.com,0,0,0,4,0,0,0,0,0,0,0,0,0,0,0,0,0
www.who.int,0,0,0,1,0,0,0,0,0,0,0,0,0,0,0,0,0
www.reactjs.org,0,0,0,4,0,0,0,0,0,0,0,0,0,0,0,0,0
www.citi.com,0,0,0,1,0,0,0,0,0,0,0,0,0,0,0,0,0
www.cisco.com,0,0,0,1,0,0,0,0,0,0,0,0,0,0,0,0,0
paypal.com,0,0,0,3,0,0,0,0,0,0,0,0,0,0,0,0,0
www.render.com,0,0,0,1,0,0,0,0,0,0,0,0,0,0,0,0,0
www.notion.so,0,0,0,1,0,0,0,0,0,0,0,0,0,0,0,0,0
netflix.com,0,0,0,1,0,0,0,0,0,0,0,0,0,0,0,0,0
oneplus.com,0,0,0,1,0,0,0,0,0,0,0,0,0,0,0,0,0
nextjs.org,0,0,0,1,0,0,0,0,0,0,0,0,0,0,0,0,0
vimeo.com,0,0,0,1,0,0,0,0,0,0,0,0,0,0,0,0,0
www.ca.gov,0,0,0,4,0,0,0,0,0,0,0,0,0,0,0,0,0
amazon.com,0,0,0,1,0,0,0,0,0,0,0,0,0,0,0,0,0
qualcomm.com,0,0,0,1,0,0,0,0,0,0,0,0,0,0,0,0,0
bitfinex.com,0,0,0,3,0,0,0,0,0,0,0,0,0,0,0,0,0
www.mozilla.org,0,0,0,1,0,0,0,0,0,0,0,0,0,0,0,0,0
www.baidu.com,0,0,0,1,0,0,0,0,0,0,0,0,0,0,0,0,0
www.salesforce.com,0,0,0,1,0,0,0,0,0,0,0,0,0,0,0,0,0
jd.com,0,0,0,4,0,0,0,0,0,0,0,0,0,0,0,0,0
www.live.com,0,0,0,3,0,0,0,0,0,0,0,0,0,0,0,0,0
soundcloud.com,0,0,0,4,0,0,0,0,0,0,0,0,0,0,0,0,0
www.oneplus.com,0,0,0,1,0,0,0,0,0,0,0,0,0,0,0,0,0
theguardian.com,0,0,0,3,0,0,0,0,0,0,0,0,0,0,0,0,0
vanguard.com,0,0,0,3,0,0,0,0,0,0,0,0,0,0,0,0,0
bitbucket.org,0,0,0,1,0,0,0,0,0,0,0,0,0,0,0,0,0
www.oppo.com,0,0,0,1,0,0,0,0,0,0,0,0,0,0,0,0,0
linkedin.com,0,0,0,1,0,0,0,0,0,0,0,0,0,0,0,0,0
vivo.com,0,0,0,1,0,0,0,0,0,0,0,0,0,0,0,0,0
hostgator.com,0,0,0,2,0,0,0,0,0,0,0,0,0,0,0,0,0
ca.gov,0,0,0,1,0,0,0,0,0,0,0,0,0,0,0,0,0
yahoo.com,0,0,0,1,0,0,0,0,0,0,0,0,0,0,0,0,0
lenovo.com,0,0,0,1,0,0,0,0,0,0,0,0,0,0,0,0,0
www.coursera.org,0,0,0,4,0,0,0,0,0,0,0,0,0,0,0,0,0
nytimes.com,0,0,0,1,0,0,0,0,0,0,0,0,0,0,0,0,0
www.gov.uk,0,0,0,1,0,0,0,0,0,0,0,0,0,0,0,0,0
www.mastercard.com,0,0,0,4,0,0,0,0,0,0,0,0,0,0,0,0,0
theguardian.com,0,0,0,4,0,0,0,0,0,0,0,0,0,0,0,0,0
www.nih.gov,0,0,0,1,0,0,0,0,0,0,0,0,0,0,0,0,0
www.edx.org,0,0,0,4,0,0,0,0,0,0,0,0,0,0,0,0,0
www.yahoo.com,0,0,0,1,0,0,0,0,0,0,0,0,0,0,0,0,0
www.binance.com,0,0,0,4,0,0,0,0,0,0,0,0,0,0,0,0,0
lenovo.com,0,0,0,3,0,0,0,0,0,0,0,0,0,0,0,0,0
www.who.int,0,0,0,1,0,0,0,0,0,0,0,0,0,0,0,0,0
www.wordpress.com,0,0,0,1,0,0,0,0,0,0,0,0,0,0,0,0,0
namecheap.com,0,0,0,4,0,0,0,0,0,0,0,0,0,0,0,0,0
twitch.tv,0,0,0,3,0,0,0,0,0,0,0,0,0,0,0,0,0
www.weibo.com,0,0,0,1,0,0,0,0,0,0,0,0,0,0,0,0,0
notion.so,0,0,0,4,0,0,0,0,0,0,0,0,0,0,0,0,0
www.asus.com,0,0,0,1,0,0,0,0,0,0,0,0,0,0,0,0,0
ebay.com,0,0,0,0,0,0,0,0,0,0,0,0,0,0,0,0,0
capitalone.com,0,0,0,1,0,0,0,0,0,0,0,0,0,0,0,0,0
udacity.com,0,0,0,3,0,0,0,0,0,0,0,0,0,0,0,0,0
shopify.com,0,0,0,1,0,0,0,0,0,0,0,0,0,0,0,0,0
www.udemy.com,0,0,0,1,0,0,0,0,0,0,0,0,0,0,0,0,0
www.adobe.com,0,0,0,1,0,0,0,0,0,0,0,0,0,0,0,0,0
medium.com,0,0,0,1,0,0,0,0,0,0,0,0,0,0,0,0,0
www.apple.com,0,0,0,3,0,0,0,0,0,0,0,0,0,0,0,0,0
www.x.com,0,0,0,1,0,0,0,0,0,0,0,0,0,0,0,0,0
www.capitalone.com,0,0,0,1,0,0,0,0,0,0,0,0,0,0,0,0,0
www.stanford.edu,0,0,0,1,0,0,0,0,0,0,0,0,0,0,0,0,0
coursera.org,0,0,0,1,0,0,0,0,0,0,0,0,0,0,0,0,0
www.nih.gov,0,0,0,1,0,0,0,0,0,0,0,0,0,0,0,0,0
www.getbootstrap.com,0,0,0,4,0,0,0,0,0,0,0,0,0,0,0,0,0
europa.eu,0,0,0,2,0,0,0,0,0,0,0,0,0,0,0,0,0
ftx.com,0,0,0,1,0,0,0,0,0,0,0,0,0,0,0,0,0
www.bitfinex.com,0,0,0,4,0,0,0,0,0,0,0,0,0,0,0,0,0
jira.com,0,0,0,1,0,0,0,0,0,0,0,0,0,0,0,0,0
fidelity.com,0,0,0,1,0,0,0,0,0,0,0,0,0,0,0,0,0
www.netlify.com,0,0,0,2,0,0,0,0,0,0,0,0,0,0,0,0,0
vuejs.org,0,0,0,4,0,0,0,0,0,0,0,0,0,0,0,0,0
www.flickr.com,0,0,0,3,0,0,0,0,0,0,0,0,0,0,0,0,0
atlassian.com,0,0,0,1,0,0,0,0,0,0,0,0,0,0,0,0,0
www.gov.uk,0,0,0,1,0,0,0,0,0,0,0,0,0,0,0,0,0
flickr.com,0,0,0,1,0,0,0,0,0,0,0,0,0,0,0,0,0
amd.com,0,0,0,4,0,0,0,0,0,0,0,0,0,0,0,0,0
www.dell.com,0,0,0,1,0,0,0,0,0,0,0,0,0,0,0,0,0
oracle.com,0,0,0,1,0,0,0,0,0,0,0,0,0,0,0,0,0
golang.org,0,0,0,4,0,0,0,0,0,0,0,0,0,0,0,0,0
coinbase.com,0,0,0,1,0,0,0,0,0,0,0,0,0,0,0,0,0
netflix.com,0,0,0,4,0,0,0,0,0,0,0,0,0,0,0,0,0
render.com,0,0,0,1,0,0,0,0,0,0,0,0,0,0,0,0,0
www.oppo.com,0,0,0,1,0,0,0,0,0,0,0,0,0,0,0,0,0
www.dropbox.com,0,0,0,3,0,0,0,0,0,0,0,0,0,0,0,0,0
www.udacity.com,0,0,0,3,0,0,0,0,0,0,0,0,0,0,0,0,0
www.bluehost.com,0,0,0,1,0,0,0,0,0,0,0,0,0,0,0,0,0
shopify.com,0,0,0,2,0,0,0,0,0,0,0,0,0,0,0,0,0
oracle.com,0,0,0,1,0,0,0,0,0,0,0,0,0,0,0,0,0
bybit.com,0,0,0,1,0,0,0,0,0,0,0,0,0,0,0,0,0
www.capitalone.com,0,0,0,2,0,0,0,0,0,0,0,0,0,0,0,0,0
nih.gov,0,0,0,4,0,0,0,0,0,0,0,0,0,0,0,0,0
www.aliexpress.com,0,0,0,1,0,0,0,0,0,0,0,0,0,0,0,0,0
www.paypal.com,0,0,0,1,0,0,0,0,0,0,0,0,0,0,0,0,0
w3schools.com,0,0,0,1,0,0,0,0,0,0,0,0,0,0,0,0,0
www.squarespace.com,0,0,0,3,0,0,0,0,0,0,0,0,0,0,0,0,0
www.golang.org,0,0,0,1,0,0,0,0,0,0,0,0,0,0,0,0,0
www.wellsfargo.com,0,0,0,3,0,0,0,0,0,0,0,0,0,0,0,0,0
www.bankofamerica.com,0,0,0,2,0,0,0,0,0,0,0,0,0,0,0,0,0
ftx.com,0,0,0,1,0,0,0,0,0,0,0,0,0,0,0,0,0
atlassian.com,0,0,0,3,0,0,0,0,0,0,0,0,0,0,0,0,0
www.tencent.com,0,0,0,4,0,0,0,0,0,0,0,0,0,0,0,0,0
cdc.gov,0,0,0,1,0,0,0,0,0,0,0,0,0,0,0,0,0
jd.com,0,0,0,1,0,0,0,0,0,0,0,0,0,0,0,0,0
www.vuejs.org,0,0,0,4,0,0,0,0,0,0,0,0,0,0,0,0,0
www.facebook.com,0,0,0,1,0,0,0,0,0,0,0,0,0,0,0,0,0
digitalocean.com,0,0,0,1,0,0,0,0,0,0,0,0,0,0,0,0,0
tencent.com,0,0,0,3,0,0,0,0,0,0,0,0,0,0,0,0,0
www.cnn.com,0,0,0,1,0,0,0,0,0,0,0,0,0,0,0,0,0
render.com,0,0,0,1,0,0,0,0,0,0,0,0,0,0,0,0,0
www.gitlab.com,0,0,0,0,0,0,0,0,0,0,0,0,0,0,0,0,0
www.ebay.com,0,0,0,1,0,0,0,0,0,0,0,0,0,0,0,0,0
squarespace.com,0,0,0,1,0,0,0,0,0,0,0,0,0,0,0,0,0
twitter.com,0,0,0,1,0,0,0,0,0,0,0,0,0,0,0,0,0
kraken.com,0,0,0,4,0,0,0,0,0,0,0,0,0,0,0,0,0
www.linode.com,0,0,0,1,0,0,0,0,0,0,0,0,0,0,0,0,0
zoom.us,0,0,0,1,0,0,0,0,0,0,0,0,0,0,0,0,0
theguardian.com,0,0,0,1,0,0,0,0,0,0,0,0,0,0,0,0,0
www.usa.gov,0,0,0,3,0,0,0,0,0,0,0,0,0,0,0,0,0
www.cisco.com,0,0,0,1,0,0,0,0,0,0,0,0,0,0,0,0,0
spotify.com,0,0,0,1,0,0,0,0,0,0,0,0,0,0,0,0,0
vanguard.com,0,0,0,2,0,0,0,0,0,0,0,0,0,0,0,0,0
swift.org,0,0,0,1,0,0,0,0,0,0,0,0,0,0,0,0,0
www.edx.org,0,0,0,1,0,0,0,0,0,0,0,0,0,0,0,0,0
www.tailwindcss.com,0,0,0,1,0,0,0,0,0,0,0,0,0,0,0,0,0
www.who.int,0,0,0,1,0,0,0,0,0,0,0,0,0,0,0,0,0
www.mozilla.org,0,0,0,0,0,0,0,0,0,0,0,0,0,0,0,0,0
zoom.us,0,0,0,1,0,0,0,0,0,0,0,0,0,0,0,0,0
sony.com,0,0,0,2,0,0,0,0,0,0,0,0,0,0,0,0,0
www.codeforces.com,0,0,0,3,0,0,0,0,0,0,0,0,0,0,0,0,0
alipay.com,0,0,0,0,0,0,0,0,0,0,0,0,0,0,0,0,0
www.accuweather.com,0,0,1,1,0,0,0,0,0,0,0,0,0,0,0,0,0
www.geeksforgeeks.org,0,0,0,1,0,0,0,0,0,0,0,0,0,0,0,0,0
www.linode.com,0,0,0,1,0,0,0,0,0,0,0,0,0,0,0,0,0
www.fidelity.com,0,0,0,1,0,0,0,0,0,0,0,0,0,0,0,0,0
www.cloud.google.com,0,0,1,1,0,0,0,0,0,0,0,0,0,0,0,0,0
www.nytimes.com,0,0,0,4,0,0,0,0,0,0,0,0,0,0,0,0,0
www.linkedin.com,0,0,0,1,0,0,0,0,0,0,0,0,0,0,0,0,0
www.stripe.com,0,0,0,1,0,0,0,0,0,0,0,0,0,0,0,0,0
www.capitalone.com,0,0,0,1,0,0,0,0,0,0,0,0,0,0,0,0,0
shopify.com,0,0,0,1,0,0,0,0,0,0,0,0,0,0,0,0,0
www.binance.com,0,0,0,1,0,0,0,0,0,0,0,0,0,0,0,0,0
mastercard.com,0,0,0,1,0,0,0,0,0,0,0,0,0,0,0,0,0
www.cdc.gov,0,0,0,1,0,0,0,0,0,0,0,0,0,0,0,0,0
www.apple.com,0,0,0,1,0,0,0,0,0,0,0,0,0,0,0,0,0
www.mail.ru,0,0,0,3,0,0,0,0,0,0,0,0,0,0,0,0,0
bitfinex.com,0,0,0,4,0,0,0,0,0,0,0,0,0,0,0,0,0
www.kraken.com,0,0,0,1,0,0,0,0,0,0,0,0,0,0,0,0,0
squarespace.com,0,0,0,1,0,0,0,0,0,0,0,0,0,0,0,0,0
www.theguardian.com,0,0,0,3,0,0,0,0,0,0,0,0,0,0,0,0,0
www.flickr.com,0,0,0,3,0,0,0,0,0,0,0,0,0,0,0,0,0
acer.com,0,0,0,1,0,0,0,0,0,0,0,0,0,0,0,0,0
www.vultr.com,0,0,0,1,0,0,0,0,0,0,0,0,0,0,0,0,0
www.linode.com,0,0,0,3,0,0,0,0,0,0,0,0,0,0,0,0,0
squarespace.com,0,0,0,4,0,0,0,0,0,0,0,0,0,0,0,0,0
vivo.com,0,0,0,1,0,0,0,0,0,0,0,0,0,0,0,0,0
www.sina.com.cn,0,0,0,0,0,0,0,0,0,0,0,0,0,0,0,0,0
www.bloomberg.com,0,0,0,4,0,0,0,0,0,0,0,0,0,0,0,0,0
coursera.org,0,0,0,1,0,0,0,0,0,0,0,0,0,0,0,0,0
discord.com,0,0,0,1,0,0,0,0,0,0,0,0,0,0,0,0,0
www.heroku.com,0,0,0,4,0,0,0,0,0,0,0,0,0,0,0,0,0
www.namecheap.com,0,0,0,1,0,0,0,0,0,0,0,0,0,0,0,0,0
www.instagram.com,0,0,0,1,0,0,0,0,0,0,0,0,0,0,0,0,0
drupal.org,0,0,0,4,0,0,0,0,0,0,0,0,0,0,0,0,0
dropbox.com,0,0,0,1,0,0,0,0,0,0,0,0,0,0,0,0,0
hackerrank.com,0,0,0,1,0,0,0,0,0,0,0,0,0,0,0,0,0
www.nextjs.org,0,0,0,1,0,0,0,0,0,0,0,0,0,0,0,0,0
www.citi.com,0,0,0,0,0,0,0,0,0,0,0,0,0,0,0,0,0
www.discord.com,0,0,0,1,0,0,0,0,0,0,0,0,0,0,0,0,0
zoom.us,0,0,0,4,0,0,0,0,0,0,0,0,0,0,0,0,0
www.mail.ru,0,0,0,1,0,0,0,0,0,0,0,0,0,0,0,0,0
www.hackerrank.com,0,0,0,1,0,0,0,0,0,0,0,0,0,0,0,0,0
www.lenovo.com,0,0,0,4,0,0,0,0,0,0,0,0,0,0,0,0,0
www.trello.com,0,0,0,2,0,0,0,0,0,0,0,0,0,0,0,0,0
geeksforgeeks.org,0,0,0,1,0,0,0,0,0,0,0,0,0,0,0,0,0
www.capitalone.com,0,0,0,1,0,0,0,0,0,0,0,0,0,0,0,0,0
www.nytimes.com,0,0,0,2,0,0,0,0,0,0,0,0,0,0,0,0,0
www.lenovo.com,0,0,0,1,0,0,0,0,0,0,0,0,0,0,0,0,0
adobe.com,0,0,0,0,0,0,0,0,0,0,0,0,0,0,0,0,0
vuejs.org,0,0,0,1,0,0,0,0,0,0,0,0,0,0,0,0,0
www.xiaomi.com,0,0,0,3,0,0,0,0,0,0,0,0,0,0,0,0,0
golang.org,0,0,0,3,0,0,0,0,0,0,0,0,0,0,0,0,0
www.usbank.com,0,0,0,0,0,0,0,0,0,0,0,0,0,0,0,0,0
www.twitch.tv,0,0,0,1,0,0,0,0,0,0,0,0,0,0,0,0,0
github.com,0,0,0,1,0,0,0,0,0,0,0,0,0,0,0,0,0
wordpress.com,0,0,0,1,0,0,0,0,0,0,0,0,0,0,0,0,0
ox.ac.uk,0,0,0,1,0,0,0,0,0,0,0,0,0,0,0,0,0
tencent.com,0,0,0,1,0,0,0,0,0,0,0,0,0,0,0,0,0
sina.com.cn,0,0,0,1,0,0,0,0,0,0,0,0,0,0,0,0,0
www.intel.com,0,0,0,4,0,0,0,0,0,0,0,0,0,0,0,0,0
www.bluehost.com,0,0,0,2,0,0,0,0,0,0,0,0,0,0,0,0,0
www.pinterest.com,0,0,0,1,0,0,0,0,0,0,0,0,0,0,0,0,0
www.wix.com,0,0,0,1,0,0,0,0,0,0,0,0,0,0,0,0,0
www.mail.ru,0,0,0,1,0,0,0,0,0,0,0,0,0,0,0,0,0
notion.so,0,0,0,1,0,0,0,0,0,0,0,0,0,0,0,0,0
python.org,0,0,0,1,0,0,0,0,0,0,0,0,0,0,0,0,0
netflix.com,0,0,0,1,0,0,0,0,0,0,0,0,0,0,0,0,0
stackoverflow.com,0,0,0,1,0,0,0,0,0,0,0,0,0,0,0,0,0
www.drupal.org,0,0,0,3,0,0,0,0,0,0,0,0,0,0,0,0,0
www.spotify.com,0,0,0,3,0,0,0,0,0,0,0,0,0,0,0,0,0
www.vivo.com,0,0,0,4,0,0,0,0,0,0,0,0,0,0,0,0,0
fidelity.com,0,0,0,3,0,0,0,0,0,0,0,0,0,0,0,0,0
www.europa.eu,0,0,0,4,0,0,0,0,0,0,0,0,0,0,0,0,0
www.notion.so,0,0,0,4,0,0,0,0,0,0,0,0,0,0,0,0,0
www.coinbase.com,0,0,0,4,0,0,0,0,0,0,0,0,0,0,0,0,0
jira.com,0,0,0,4,0,0,0,0,0,0,0,0,0,0,0,0,0
leetcode.com,0,0,0,3,0,0,0,0,0,0,0,0,0,0,0,0,0
stanford.edu,0,0,0,4,0,0,0,0,0,0,0,0,0,0,0,0,0
bbc.com,0,0,0,0,0,0,0,0,0,0,0,0,0,0,0,0,0
www.vuejs.org,0,0,0,1,0,0,0,0,0,0,0,0,0,0,0,0,0
swift.org,0,0,0,0,0,0,0,0,0,0,0,0,0,0,0,0,0
www.nextjs.org,0,0,0,1,0,0,0,0,0,0,0,0,0,0,0,0,0
www.oracle.com,0,0,0,1,0,0,0,0,0,0,0,0,0,0,0,0,0
www.coinbase.com,0,0,0,0,0,0,0,0,0,0,0,0,0,0,0,0,0
amazon.com,0,0,0,1,0,0,0,0,0,0,0,0,0,0,0,0,0
reddit.com,0,0,0,1,0,0,0,0,0,0,0,0,0,0,0,0,0
pinterest.com,0,0,0,1,0,0,0,0,0,0,0,0,0,0,0,0,0
ftx.com,0,0,0,2,0,0,0,0,0,0,0,0,0,0,0,0,0
cam.ac.uk,0,0,0,1,0,0,0,0,0,0,0,0,0,0,0,0,0
www.nih.gov,0,0,0,0,0,0,0,0,0,0,0,0,0,0,0,0,0
www.vk.com,0,0,0,1,0,0,0,0,0,0,0,0,0,0,0,0,0
live.com,0,0,0,4,0,0,0,0,0,0,0,0,0,0,0,0,0
telegram.org,0,0,0,1,0,0,0,0,0,0,0,0,0,0,0,0,0
azure.microsoft.com,0,0,0,1,0,0,0,0,0,0,0,0,0,0,0,0,0
www.kotlinlang.org,0,0,0,1,0,0,0,0,0,0,0,0,0,0,0,0,0
www.gemini.com,0,0,0,1,0,0,0,0,0,0,0,0,0,0,0,0,0
bing.com,0,0,0,1,0,0,0,0,0,0,0,0,0,0,0,0,0
www.taobao.com,0,0,0,1,0,0,0,0,0,0,0,0,0,0,0,0,0
www.nytimes.com,0,0,0,0,0,0,0,0,0,0,0,0,0,0,0,0,0
www.python.org,0,0,0,1,0,0,0,0,0,0,0,0,0,0,0,0,0
www.mastercard.com,0,0,0,1,0,0,0,0,0,0,0,0,0,0,0,0,0
www.twitch.tv,0,0,0,1,0,0,0,0,0,0,0,0,0,0,0,0,0
adobe.com,0,0,0,1,0,0,0,0,0,0,0,0,0,0,0,0,0
cam.ac.uk,0,0,0,1,0,0,0,0,0,0,0,0,0,0,0,0,0
www.atlassian.com,0,0,0,4,0,0,0,0,0,0,0,0,0,0,0,0,0
www.huawei.com,0,0,0,1,0,0,0,0,0,0,0,0,0,0,0,0,0
sina.com.cn,0,0,0,2,0,0,0,0,0,0,0,0,0,0,0,0,0
www.quora.com,0,0,0,0,0,0,0,0,0,0,0,0,0,0,0,0,0
www.medium.com,0,0,0,0,0,0,0,0,0,0,0,0,0,0,0,0,0
www.berkeley.edu,0,0,0,1,0,0,0,0,0,0,0,0,0,0,0,0,0
www.un.org,0,0,0,1,0,0,0,0,0,0,0,0,0,0,0,0,0
www.wordpress.org,0,0,0,1,0,0,0,0,0,0,0,0,0,0,0,0,0
asus.com,0,0,0,1,0,0,0,0,0,0,0,0,0,0,0,0,0
www.whatsapp.com,0,0,0,1,0,0,0,0,0,0,0,0,0,0,0,0,0
www.twitch.tv,0,0,0,4,0,0,0,0,0,0,0,0,0,0,0,0,0
bloomberg.com,0,0,0,1,0,0,0,0,0,0,0,0,0,0,0,0,0
weibo.com,0,0,0,3,0,0,0,0,0,0,0,0,0,0,0,0,0
flickr.com,0,0,0,0,0,0,0,0,0,0,0,0,0,0,0,0,0
www.lenovo.com,0,0,0,3,0,0,0,0,0,0,0,0,0,0,0,0,0
www.gov.uk,0,0,0,1,0,0,0,0,0,0,0,0,0,0,0,0,0
www.medium.com,0,0,0,1,0,0,0,0,0,0,0,0,0,0,0,0,0
drupal.org,0,0,0,1,0,0,0,0,0,0,0,0,0,0,0,0,0
twitch.tv,0,0,0,1,0,0,0,0,0,0,0,0,0,0,0,0,0
www.codeforces.com,0,0,0,1,0,0,0,0,0,0,0,0,0,0,0,0,0
weibo.com,0,0,0,1,0,0,0,0,0,0,0,0,0,0,0,0,0
berkeley.edu,0,0,0,1,0,0,0,0,0,0,0,0,0,0,0,0,0
spotify.com,0,0,0,1,0,0,0,0,0,0,0,0,0,0,0,0,0
aws.amazon.com,0,0,0,4,0,0,0,0,0,0,0,0,0,0,0,0,0
digitalocean.com,0,0,0,0,0,0,0,0,0,0,0,0,0,0,0,0,0
www.vimeo.com,0,0,0,0,0,0,0,0,0,0,0,0,0,0,0,0,0
www.salesforce.com,0,0,0,3,0,0,0,0,0,0,0,0,0,0,0,0,0
azure.microsoft.com,0,0,1,1,0,0,0,0,0,0,0,0,0,0,0,0,0
canva.com,0,0,0,1,0,0,0,0,0,0,0,0,0,0,0,0,0
www.theguardian.com,0,0,0,3,0,0,0,0,0,0,0,0,0,0,0,0,0
netflix.com,0,0,0,0,0,0,0,0,0,0,0,0,0,0,0,0,0
namecheap.com,0,0,0,0,0,0,0,0,0,0,0,0,0,0,0,0,0
www.drupal.org,0,0,0,3,0,0,0,0,0,0,0,0,0,0,0,0,0
www.visa.com,0,0,0,4,0,0,0,0,0,0,0,0,0,0,0,0,0
cloudflare.com,0,0,0,1,0,0,0,0,0,0,0,0,0,0,0,0,0
figma.com,0,0,0,1,0,0,0,0,0,0,0,0,0,0,0,0,0
aws.amazon.com,0,0,0,1,0,0,0,0,0,0,0,0,0,0,0,0,0
apache.org,0,0,0,1,0,0,0,0,0,0,0,0,0,0,0,0,0
www.udemy.com,0,0,0,3,0,0,0,0,0,0,0,0,0,0,0,0,0
coursera.org,0,0,0,1,0,0,0,0,0,0,0,0,0,0,0,0,0
www.reddit.com,0,0,0,1,0,0,0,0,0,0,0,0,0,0,0,0,0
www.reuters.com,0,0,0,1,0,0,0,0,0,0,0,0,0,0,0,0,0
binance.com,0,0,0,1,0,0,0,0,0,0,0,0,0,0,0,0,0
www.reddit.com,0,0,0,2,0,0,0,0,0,0,0,0,0,0,0,0,0
www.cdc.gov,0,0,0,3,0,0,0,0,0,0,0,0,0,0,0,0,0
kraken.com,0,0,0,2,0,0,0,0,0,0,0,0,0,0,0,0,0
oppo.com,0,0,0,4,0,0,0,0,0,0,0,0,0,0,0,0,0
imdb.com,0,0,0,0,0,0,0,0,0,0,0,0,0,0,0,0,0
www.salesforce.com,0,0,0,1,0,0,0,0,0,0,0,0,0,0,0,0,0
www.typescriptlang.org,0,0,0,1,0,0,0,0,0,0,0,0,0,0,0,0,0
www.stanford.edu,0,0,0,4,0,0,0,0,0,0,0,0,0,0,0,0,0
www.samsung.com,0,0,0,4,0,0,0,0,0,0,0,0,0,0,0,0,0
www.cisco.com,0,0,0,1,0,0,0,0,0,0,0,0,0,0,0,0,0
huawei.com,0,0,0,1,0,0,0,0,0,0,0,0,0,0,0,0,0
pinterest.com,0,0,0,1,0,0,0,0,0,0,0,0,0,0,0,0,0
www.lg.com,0,0,0,1,0,0,0,0,0,0,0,0,0,0,0,0,0
www.berkeley.edu,0,0,0,3,0,0,0,0,0,0,0,0,0,0,0,0,0
udacity.com,0,0,0,1,0,0,0,0,0,0,0,0,0,0,0,0,0
www.edx.org,0,0,0,1,0,0,0,0,0,0,0,0,0,0,0,0,0
chase.com,0,0,0,1,0,0,0,0,0,0,0,0,0,0,0,0,0
bitbucket.org,0,0,0,1,0,0,0,0,0,0,0,0,0,0,0,0,0
www.panasonic.com,0,0,0,0,0,0,0,0,0,0,0,0,0,0,0,0,0
www.linode.com,0,0,0,4,0,0,0,0,0,0,0,0,0,0,0,0,0
vanguard.com,0,0,0,1,0,0,0,0,0,0,0,0,0,0,0,0,0
www.robinhood.com,0,0,0,2,0,0,0,0,0,0,0,0,0,0,0,0,0
stanford.edu,0,0,0,1,0,0,0,0,0,0,0,0,0,0,0,0,0
bybit.com,0,0,0,1,0,0,0,0,0,0,0,0,0,0,0,0,0
who.int,0,0,0,2,0,0,0,0,0,0,0,0,0,0,0,0,0
www.codeforces.com,0,0,0,1,0,0,0,0,0,0,0,0,0,0,0,0,0
www.mastercard.com,0,0,0,1,0,0,0,0,0,0,0,0,0,0,0,0,0
trello.com,0,0,0,0,0,0,0,0,0,0,0,0,0,0,0,0,0
www.aws.amazon.com,0,0,0,1,0,0,0,0,0,0,0,0,0,0,0,0,0
slack.com,0,0,0,1,0,0,0,0,0,0,0,0,0,0,0,0,0
nextjs.org,0,0,0,3,0,0,0,0,0,0,0,0,0,0,0,0,0
www.soundcloud.com,0,0,0,1,0,0,0,0,0,0,0,0,0,0,0,0,0
www.youtube.com,0,0,0,1,0,0,0,0,0,0,0,0,0,0,0,0,0
xiaomi.com,0,0,0,1,0,0,0,0,0,0,0,0,0,0,0,0,0
www.hostgator.com,0,0,0,4,0,0,0,0,0,0,0,0,0,0,0,0,0
www.gitlab.com,0,0,0,1,0,0,0,0,0,0,0,0,0,0,0,0,0
www.tailwindcss.com,0,0,0,1,0,0,0,0,0,0,0,0,0,0,0,0,0
www.craigslist.org,0,0,0,1,0,0,0,0,0,0,0,0,0,0,0,0,0
www.huawei.com,0,0,0,1,0,0,0,0,0,0,0,0,0,0,0,0,0
vivo.com,0,0,0,4,0,0,0,0,0,0,0,0,0,0,0,0,0
www.wellsfargo.com,0,0,0,1,0,0,0,0,0,0,0,0,0,0,0,0,0
www.canva.com,0,0,0,4,0,0,0,0,0,0,0,0,0,0,0,0,0
mit.edu,0,0,0,1,0,0,0,0,0,0,0,0,0,0,0,0,0
www.schwab.com,0,0,0,1,0,0,0,0,0,0,0,0,0,0,0,0,0
huawei.com,0,0,0,1,0,0,0,0,0,0,0,0,0,0,0,0,0
www.vuejs.org,0,0,0,0,0,0,0,0,0,0,0,0,0,0,0,0,0
yandex.ru,0,0,0,4,0,0,0,0,0,0,0,0,0,0,0,0,0
vultr.com,0,0,0,2,0,0,0,0,0,0,0,0,0,0,0,0,0
netflix.com,0,0,0,1,0,0,0,0,0,0,0,0,0,0,0,0,0
www.swift.org,0,0,0,1,0,0,0,0,0,0,0,0,0,0,0,0,0
kraken.com,0,0,0,1,0,0,0,0,0,0,0,0,0,0,0,0,0
bankofamerica.com,0,0,0,1,0,0,0,0,0,0,0,0,0,0,0,0,0
chase.com,0,0,0,3,0,0,0,0,0,0,0,0,0,0,0,0,0
zoom.us,0,0,0,3,0,0,0,0,0,0,0,0,0,0,0,0,0
www.jira.com,0,0,0,4,0,0,0,0,0,0,0,0,0,0,0,0,0
khanacademy.org,0,0,0,3,0,0,0,0,0,0,0,0,0,0,0,0,0
microsoft.com,0,0,0,1,0,0,0,0,0,0,0,0,0,0,0,0,0
quora.com,0,0,0,4,0,0,0,0,0,0,0,0,0,0,0,0,0
jira.com,0,0,0,2,0,0,0,0,0,0,0,0,0,0,0,0,0
www.python.org,0,0,0,1,0,0,0,0,0,0,0,0,0,0,0,0,0
www.intel.com,0,0,0,1,0,0,0,0,0,0,0,0,0,0,0,0,0
www.craigslist.org,0,0,0,0,0,0,0,0,0,0,0,0,0,0,0,0,0
bluehost.com,0,0,0,1,0,0,0,0,0,0,0,0,0,0,0,0,0
www.figma.com,0,0,0,4,0,0,0,0,0,0,0,0,0,0,0,0,0
paypal.com,0,0,0,4,0,0,0,0,0,0,0,0,0,0,0,0,0
xiaomi.com,0,0,0,1,0,0,0,0,0,0,0,0,0,0,0,0,0
www.gitlab.com,0,0,0,1,0,0,0,0,0,0,0,0,0,0,0,0,0
stanford.edu,0,0,0,1,0,0,0,0,0,0,0,0,0,0,0,0,0
edx.org,0,0,0,1,0,0,0,0,0,0,0,0,0,0,0,0,0
www.fidelity.com,0,0,0,1,0,0,0,0,0,0,0,0,0,0,0,0,0
capitalone.com,0,0,0,4,0,0,0,0,0,0,0,0,0,0,0,0,0
www.sony.com,0,0,0,1,0,0,0,0,0,0,0,0,0,0,0,0,0
www.netlify.com,0,0,0,0,0,0,0,0,0,0,0,0,0,0,0,0,0
www.binance.com,0,0,0,1,0,0,0,0,0,0,0,0,0,0,0,0,0
www.mit.edu,0,0,0,0,0,0,0,0,0,0,0,0,0,0,0,0,0
www.getbootstrap.com,0,0,0,1,0,0,0,0,0,0,0,0,0,0,0,0,0
oneplus.com,0,0,0,4,0,0,0,0,0,0,0,0,0,0,0,0,0
www.ebay.com,0,0,0,1,0,0,0,0,0,0,0,0,0,0,0,0,0
capitalone.com,0,0,0,1,0,0,0,0,0,0,0,0,0,0,0,0,0
edx.org,0,0,0,1,0,0,0,0,0,0,0,0,0,0,0,0,0
www.ftx.com,0,0,0,4,0,0,0,0,0,0,0,0,0,0,0,0,0
www.binance.com,0,0,0,1,0,0,0,0,0,0,0,0,0,0,0,0,0
stanford.edu,0,0,0,2,0,0,0,0,0,0,0,0,0,0,0,0,0
yahoo.com,0,0,0,1,0,0,0,0,0,0,0,0,0,0,0,0,0
accuweather.com,0,0,0,1,0,0,0,0,0,0,0,0,0,0,0,0,0
schwab.com,0,0,0,3,0,0,0,0,0,0,0,0,0,0,0,0,0
bitfinex.com,0,0,0,1,0,0,0,0,0,0,0,0,0,0,0,0,0
www.bloomberg.com,0,0,0,2,0,0,0,0,0,0,0,0,0,0,0,0,0
www.chase.com,0,0,0,3,0,0,0,0,0,0,0,0,0,0,0,0,0
oneplus.com,0,0,0,2,0,0,0,0,0,0,0,0,0,0,0,0,0
ox.ac.uk,0,0,0,2,0,0,0,0,0,0,0,0,0,0,0,0,0
nvidia.com,0,0,0,4,0,0,0,0,0,0,0,0,0,0,0,0,0
www.mit.edu,0,0,0,4,0,0,0,0,0,0,0,0,0,0,0,0,0
www.reuters.com,0,0,0,1,0,0,0,0,0,0,0,0,0,0,0,0,0
mozilla.org,0,0,0,1,0,0,0,0,0,0,0,0,0,0,0,0,0
kotlinlang.org,0,0,0,3,0,0,0,0,0,0,0,0,0,0,0,0,0
www.shopify.com,0,0,0,1,0,0,0,0,0,0,0,0,0,0,0,0,0
usa.gov,0,0,0,1,0,0,0,0,0,0,0,0,0,0,0,0,0
www.cloudflare.com,0,0,0,0,0,0,0,0,0,0,0,0,0,0,0,0,0
godaddy.com,0,0,0,1,0,0,0,0,0,0,0,0,0,0,0,0,0
www.vk.com,0,0,0,4,0,0,0,0,0,0,0,0,0,0,0,0,0
www.amd.com,0,0,0,1,0,0,0,0,0,0,0,0,0,0,0,0,0
nextjs.org,0,0,0,3,0,0,0,0,0,0,0,0,0,0,0,0,0
www.forbes.com,0,0,0,2,0,0,0,0,0,0,0,0,0,0,0,0,0
www.ca.gov,0,0,0,1,0,0,0,0,0,0,0,0,0,0,0,0,0
zoom.us,0,0,0,1,0,0,0,0,0,0,0,0,0,0,0,0,0
ebay.com,0,0,0,1,0,0,0,0,0,0,0,0,0,0,0,0,0
apple.com,0,0,0,1,0,0,0,0,0,0,0,0,0,0,0,0,0
www.kraken.com,0,0,0,1,0,0,0,0,0,0,0,0,0,0,0,0,0
www.sina.com.cn,0,0,0,1,0,0,0,0,0,0,0,0,0,0,0,0,0
www.facebook.com,0,0,0,3,0,0,0,0,0,0,0,0,0,0,0,0,0
netflix.com,0,0,0,2,0,0,0,0,0,0,0,0,0,0,0,0,0
www.github.com,0,0,0,1,0,0,0,0,0,0,0,0,0,0,0,0,0
www.forbes.com,0,0,0,3,0,0,0,0,0,0,0,0,0,0,0,0,0
www.trello.com,0,0,0,4,0,0,0,0,0,0,0,0,0,0,0,0,0
pinterest.com,0,0,0,1,0,0,0,0,0,0,0,0,0,0,0,0,0
berkeley.edu,0,0,0,2,0,0,0,0,0,0,0,0,0,0,0,0,0
www.shopify.com,0,0,0,4,0,0,0,0,0,0,0,0,0,0,0,0,0
bing.com,0,0,0,1,0,0,0,0,0,0,0,0,0,0,0,0,0
www.vanguard.com,0,0,0,4,0,0,0,0,0,0,0,0,0,0,0,0,0
tumblr.com,0,0,0,3,0,0,0,0,0,0,0,0,0,0,0,0,0
sohu.com,0,0,0,2,0,0,0,0,0,0,0,0,0,0,0,0,0
www.accuweather.com,0,0,0,1,0,0,0,0,0,0,0,0,0,0,0,0,0
www.cisco.com,0,0,0,4,0,0,0,0,0,0,0,0,0,0,0,0,0
square.com,0,0,0,1,0,0,0,0,0,0,0,0,0,0,0,0,0
salesforce.com,0,0,0,1,0,0,0,0,0,0,0,0,0,0,0,0,0
www.godaddy.com,0,0,0,1,0,0,0,0,0,0,0,0,0,0,0,0,0
www.twitter.com,0,0,0,1,0,0,0,0,0,0,0,0,0,0,0,0,0
www.bybit.com,0,0,0,1,0,0,0,0,0,0,0,0,0,0,0,0,0
google.com,0,0,0,1,0,0,0,0,0,0,0,0,0,0,0,0,0
render.com,0,0,0,4,0,0,0,0,0,0,0,0,0,0,0,0,0
bluehost.com,0,0,0,1,0,0,0,0,0,0,0,0,0,0,0,0,0
godaddy.com,0,0,0,1,0,0,0,0,0,0,0,0,0,0,0,0,0
www.twitch.tv,0,0,0,4,0,0,0,0,0,0,0,0,0,0,0,0,0
www.lg.com,0,0,0,3,0,0,0,0,0,0,0,0,0,0,0,0,0
amd.com,0,0,0,4,0,0,0,0,0,0,0,0,0,0,0,0,0
www.python.org,0,0,0,2,0,0,0,0,0,0,0,0,0,0,0,0,0
forbes.com,0,0,0,1,0,0,0,0,0,0,0,0,0,0,0,0,0
tailwindcss.com,0,0,0,4,0,0,0,0,0,0,0,0,0,0,0,0,0
weibo.com,0,0,0,3,0,0,0,0,0,0,0,0,0,0,0,0,0
www.office.com,0,0,0,0,0,0,0,0,0,0,0,0,0,0,0,0,0
www.square.com,0,0,0,1,0,0,0,0,0,0,0,0,0,0,0,0,0
www.mit.edu,0,0,0,1,0,0,0,0,0,0,0,0,0,0,0,0,0
citi.com,0,0,0,1,0,0,0,0,0,0,0,0,0,0,0,0,0
jd.com,0,0,0,1,0,0,0,0,0,0,0,0,0,0,0,0,0
tencent.com,0,0,0,1,0,0,0,0,0,0,0,0,0,0,0,0,0
www.figma.com,0,0,0,2,0,0,0,0,0,0,0,0,0,0,0,0,0
kotlinlang.org,0,0,0,3,0,0,0,0,0,0,0,0,0,0,0,0,0
stripe.com,0,0,0,0,0,0,0,0,0,0,0,0,0,0,0,0,0
www.azure.microsoft.com,0,0,0,0,0,0,0,0,0,0,0,0,0,0,0,0,0
www.amd.com,0,0,0,1,0,0,0,0,0,0,0,0,0,0,0,0,0
www.ox.ac.uk,0,0,0,3,0,0,0,0,0,0,0,0,0,0,0,0,0
www.wellsfargo.com,0,0,0,3,0,0,0,0,0,0,0,0,0,0,0,0,0
lenovo.com,0,0,0,1,0,0,0,0,0,0,0,0,0,0,0,0,0
wix.com,0,0,0,1,0,0,0,0,0,0,0,0,0,0,0,0,0
www.hackerrank.com,0,0,0,1,0,0,0,0,0,0,0,0,0,0,0,0,0
vanguard.com,0,0,0,1,0,0,0,0,0,0,0,0,0,0,0,0,0
www.spotify.com,0,0,0,1,0,0,0,0,0,0,0,0,0,0,0,0,0
www.edx.org,0,0,0,1,0,0,0,0,0,0,0,0,0,0,0,0,0
apple.com,0,0,0,0,0,0,0,0,0,0,0,0,0,0,0,0,0
rust-lang.org,0,0,0,1,0,0,0,1,0,0,0,0,0,0,0,0,0
quora.com,0,0,0,1,0,0,0,0,0,0,0,0,0,0,0,0,0
www.php.net,0,0,0,1,0,0,0,0,0,0,0,0,0,0,0,0,0
www.github.com,0,0,0,4,0,0,0,0,0,0,0,0,0,0,0,0,0
www.whatsapp.com,0,0,0,1,0,0,0,0,0,0,0,0,0,0,0,0,0
americanexpress.com,0,0,0,4,0,0,0,0,0,0,0,0,0,0,0,0,0
visa.com,0,0,0,3,0,0,0,0,0,0,0,0,0,0,0,0,0
www.cloud.google.com,0,0,0,1,0,0,0,0,0,0,0,0,0,0,0,0,0
www.samsung.com,0,0,0,1,0,0,0,0,0,0,0,0,0,0,0,0,0
square.com,0,0,0,3,0,0,0,0,0,0,0,0,0,0,0,0,0
www.x.com,0,0,0,3,0,0,0,0,0,0,0,0,0,0,0,0,0
citi.com,0,0,0,3,0,0,0,0,0,0,0,0,0,0,0,0,0
trello.com,0,0,0,4,0,0,0,0,0,0,0,0,0,0,0,0,0
php.net,0,0,0,4,0,0,0,0,0,0,0,0,0,0,0,0,0
www.slack.com,0,0,0,1,0,0,0,0,0,0,0,0,0,0,0,0,0
angular.io,0,0,0,1,0,0,0,0,0,0,0,0,0,0,0,0,0
gov.uk,0,0,0,1,0,0,0,0,0,0,0,0,0,0,0,0,0
www.rust-lang.org,0,0,0,1,0,0,0,1,0,0,0,0,0,0,0,0,0
adobe.com,0,0,0,2,0,0,0,0,0,0,0,0,0,0,0,0,0
www.nih.gov,0,0,0,1,0,0,0,0,0,0,0,0,0,0,0,0,0
www.reactjs.org,0,0,0,1,0,0,0,0,0,0,0,0,0,0,0,0,0
www.ca.gov,0,0,0,4,0,0,0,0,0,0,0,0,0,0,0,0,0
cam.ac.uk,0,0,0,3,0,0,0,0,0,0,0,0,0,0,0,0,0
vuejs.org,0,0,0,2,0,0,0,0,0,0,0,0,0,0,0,0,0
imdb.com,0,0,0,3,0,0,0,0,0,0,0,0,0,0,0,0,0
forbes.com,0,0,0,1,0,0,0,0,0,0,0,0,0,0,0,0,0
vk.com,0,0,0,3,0,0,0,0,0,0,0,0,0,0,0,0,0
www.vimeo.com,0,0,0,1,0,0,0,0,0,0,0,0,0,0,0,0,0
zoom.us,0,0,0,1,0,0,0,0,0,0,0,0,0,0,0,0,0
www.nodejs.org,0,0,0,1,0,0,0,0,0,0,0,0,0,0,0,0,0
office.com,0,0,0,1,0,0,0,0,0,0,0,0,0,0,0,0,0
www.qualcomm.com,0,0,0,1,0,0,0,0,0,0,0,0,0,0,0,0,0
www.render.com,0,0,0,1,0,0,0,0,0,0,0,0,0,0,0,0,0
cam.ac.uk,0,0,0,4,0,0,0,0,0,0,0,0,0,0,0,0,0
www.tencent.com,0,0,0,0,0,0,0,0,0,0,0,0,0,0,0,0,0
php.net,0,0,0,1,0,0,0,0,0,0,0,0,0,0,0,0,0
www.weibo.com,0,0,0,4,0,0,0,0,0,0,0,0,0,0,0,0,0
pinterest.com,0,0,0,1,0,0,0,0,0,0,0,0,0,0,0,0,0
google.com,0,0,0,4,0,0,0,0,0,0,0,0,0,0,0,0,0
lenovo.com,0,0,0,1,0,0,0,0,0,0,0,0,0,0,0,0,0
www.aws.amazon.com,0,0,0,1,0,0,0,0,0,0,0,0,0,0,0,0,0
www.oracle.com,0,0,0,1,0,0,0,0,0,0,0,0,0,0,0,0,0
www.quora.com,0,0,0,1,0,0,0,0,0,0,0,0,0,0,0,0,0
live.com,0,0,0,1,0,0,0,0,0,0,0,0,0,0,0,0,0
www.vanguard.com,0,0,0,1,0,0,0,0,0,0,0,0,0,0,0,0,0
swift.org,0,0,0,1,0,0,0,0,0,0,0,0,0,0,0,0,0
netlify.com,0,0,0,0,0,0,0,0,0,0,0,0,0,0,0,0,0
aliexpress.com,0,0,0,1,0,0,0,0,0,0,0,0,0,0,0,0,0
kotlinlang.org,0,0,0,1,0,0,0,0,0,0,0,0,0,0,0,0,0
reactjs.org,0,0,0,1,0,0,0,0,0,0,0,0,0,0,0,0,0
www.slack.com,0,0,0,2,0,0,0,0,0,0,0,0,0,0,0,0,0
asus.com,0,0,0,3,0,0,0,0,0,0,0,0,0,0,0,0,0
www.ox.ac.uk,0,0,0,3,0,0,0,0,0,0,0,0,0,0,0,0,0
salesforce.com,0,0,0,3,0,0,0,0,0,0,0,0,0,0,0,0,0
www.imdb.com,0,0,0,4,0,0,0,0,0,0,0,0,0,0,0,0,0
www.sina.com.cn,0,0,0,1,0,0,0,0,0,0,0,0,0,0,0,0,0
facebook.com,0,0,0,4,0,0,0,0,0,0,0,0,0,0,0,0,0
udacity.com,0,0,0,0,0,0,0,0,0,0,0,0,0,0,0,0,0
mozilla.org,0,0,0,3,0,0,0,0,0,0,0,0,0,0,0,0,0
www.theguardian.com,0,0,0,0,0,0,0,0,0,0,0,0,0,0,0,0,0
www.wordpress.org,0,0,0,4,0,0,0,0,0,0,0,0,0,0,0,0,0
apple.com,0,0,0,4,0,0,0,0,0,0,0,0,0,0,0,0,0
www.namecheap.com,0,0,0,0,0,0,0,0,0,0,0,0,0,0,0,0,0
nvidia.com,0,0,0,1,0,0,0,0,0,0,0,0,0,0,0,0,0
oppo.com,0,0,0,3,0,0,0,0,0,0,0,0,0,0,0,0,0
www.atlassian.com,0,0,0,2,0,0,0,0,0,0,0,0,0,0,0,0,0
youtube.com,0,0,0,3,0,0,0,0,0,0,0,0,0,0,0,0,0
www.usa.gov,0,0,0,1,0,0,0,0,0,0,0,0,0,0,0,0,0
vivo.com,0,0,0,2,0,0,0,0,0,0,0,0,0,0,0,0,0
www.yandex.ru,0,0,0,1,0,0,0,0,0,0,0,0,0,0,0,0,0
www.alipay.com,0,0,0,1,0,0,0,0,0,0,0,0,0,0,0,0,0
ftx.com,0,0,0,1,0,0,0,0,0,0,0,0,0,0,0,0,0
www.yandex.ru,0,0,0,3,0,0,0,0,0,0,0,0,0,0,0,0,0
tumblr.com,0,0,0,4,0,0,0,0,0,0,0,0,0,0,0,0,0
www.figma.com,0,0,0,1,0,0,0,0,0,0,0,0,0,0,0,0,0
www.youtube.com,0,0,0,3,0,0,0,0,0,0,0,0,0,0,0,0,0
www.discord.com,0,0,0,4,0,0,0,0,0,0,0,0,0,0,0,0,0
www.gemini.com,0,0,0,4,0,0,0,0,0,0,0,0,0,0,0,0,0
bybit.com,0,0,0,3,0,0,0,0,0,0,0,0,0,0,0,0,0
www.ox.ac.uk,0,0,0,2,0,0,0,0,0,0,0,0,0,0,0,0,0
www.nytimes.com,0,0,0,1,0,0,0,0,0,0,0,0,0,0,0,0,0
hostgator.com,0,0,0,1,0,0,0,0,0,0,0,0,0,0,0,0,0
www.golang.org,0,0,0,4,0,0,0,0,0,0,0,0,0,0,0,0,0
www.mastercard.com,0,0,0,1,0,0,0,0,0,0,0,0,0,0,0,0,0
sina.com.cn,0,0,0,4,0,0,0,0,0,0,0,0,0,0,0,0,0
www.x.com,0,0,0,4,0,0,0,0,0,0,0,0,0,0,0,0,0
www.ftx.com,0,0,0,2,0,0,0,0,0,0,0,0,0,0,0,0,0
bitbucket.org,0,0,0,1,0,0,0,0,0,0,0,0,0,0,0,0,0
cloudflare.com,0,0,0,4,0,0,0,0,0,0,0,0,0,0,0,0,0
www.zoom.us,0,0,0,3,0,0,0,0,0,0,0,0,0,0,0,0,0
alipay.com,0,0,0,3,0,0,0,0,0,0,0,0,0,0,0,0,0
www.vultr.com,0,0,0,1,0,0,0,0,0,0,0,0,0,0,0,0,0
www.whatsapp.com,0,0,0,4,0,0,0,0,0,0,0,0,0,0,0,0,0
cisco.com,0,0,0,3,0,0,0,0,0,0,0,0,0,0,0,0,0
gemini.com,0,0,0,1,0,0,0,0,0,0,0,0,0,0,0,0,0
python.org,0,0,0,1,0,0,0,0,0,0,0,0,0,0,0,0,0
www.adobe.com,0,0,0,1,0,0,0,0,0,0,0,0,0,0,0,0,0
www.youtube.com,0,0,0,1,0,0,0,0,0,0,0,0,0,0,0,0,0
www.ok.ru,0,0,0,1,0,0,0,0,0,0,0,0,0,0,0,0,0
www.vultr.com,0,0,0,3,0,0,0,0,0,0,0,0,0,0,0,0,0
www.vultr.com,0,0,0,2,0,0,0,0,0,0,0,0,0,0,0,0,0
netlify.com,0,0,0,4,0,0,0,0,0,0,0,0,0,0,0,0,0
www.angular.io,0,0,0,1,0,0,0,0,0,0,0,0,0,0,0,0,0
soundcloud.com,0,0,0,4,0,0,0,0,0,0,0,0,0,0,0,0,0
www.berkeley.edu,0,0,0,1,0,0,0,0,0,0,0,0,0,0,0,0,0
khanacademy.org,0,0,0,3,0,0,0,0,0,0,0,0,0,0,0,0,0
jd.com,0,0,0,1,0,0,0,0,0,0,0,0,0,0,0,0,0
kraken.com,0,0,0,0,0,0,0,0,0,0,0,0,0,0,0,0,0
www.xiaomi.com,0,0,0,4,0,0,0,0,0,0,0,0,0,0,0,0,0
www.edx.org,0,0,0,1,0,0,0,0,0,0,0,0,0,0,0,0,0
coinbase.com,0,0,0,1,0,0,0,0,0,0,0,0,0,0,0,0,0
www.hp.com,0,0,0,4,0,0,0,0,0,0,0,0,0,0,0,0,0
cloudflare.com,0,0,0,1,0,0,0,0,0,0,0,0,0,0,0,0,0
www.bing.com,0,0,0,1,0,0,0,0,0,0,0,0,0,0,0,0,0
www.discord.com,0,0,0,3,0,0,0,0,0,0,0,0,0,0,0,0,0
www.stripe.com,0,0,0,1,0,0,0,0,0,0,0,0,0,0,0,0,0
slack.com,0,0,0,3,0,0,0,0,0,0,0,0,0,0,0,0,0
vimeo.com,0,0,0,3,0,0,0,0,0,0,0,0,0,0,0,0,0
www.oracle.com,0,0,0,4,0,0,0,0,0,0,0,0,0,0,0,0,0
jira.com,0,0,0,1,0,0,0,0,0,0,0,0,0,0,0,0,0
www.tailwindcss.com,0,0,0,1,0,0,0,0,0,0,0,0,0,0,0,0,0
www.samsung.com,0,0,0,1,0,0,0,0,0,0,0,0,0,0,0,0,0
www.nih.gov,0,0,0,3,0,0,0,0,0,0,0,0,0,0,0,0,0
www.oracle.com,0,0,0,3,0,0,0,0,0,0,0,0,0,0,0,0,0
bankofamerica.com,0,0,0,1,0,0,0,0,0,0,0,0,0,0,0,0,0
www.swift.org,0,0,0,1,0,0,0,0,0,0,0,0,0,0,0,0,0
wordpress.org,0,0,0,4,0,0,0,0,0,0,0,0,0,0,0,0,0
discord.com,0,0,0,1,0,0,0,0,0,0,0,0,0,0,0,0,0
hostgator.com,0,0,0,1,0,0,0,0,0,0,0,0,0,0,0,0,0
leetcode.com,0,0,0,4,0,0,0,0,0,0,0,0,0,0,0,0,0
harvard.edu,0,0,0,1,0,0,0,0,0,0,0,0,0,0,0,0,0
trello.com,0,0,0,1,0,0,0,0,0,0,0,0,0,0,0,0,0
angular.io,0,0,0,0,0,0,0,0,0,0,0,0,0,0,0,0,0
jira.com,0,0,0,1,0,0,0,0,0,0,0,0,0,0,0,0,0
google.com,0,0,0,1,0,0,0,0,0,0,0,0,0,0,0,0,0
www.joomla.org,0,0,0,1,0,0,0,0,0,0,0,0,0,0,0,0,0
www.vivo.com,0,0,0,1,0,0,0,0,0,0,0,0,0,0,0,0,0
www.stripe.com,0,0,0,1,0,0,0,0,0,0,0,0,0,0,0,0,0
www.cloudflare.com,0,0,0,4,0,0,0,0,0,0,0,0,0,0,0,0,0
stackoverflow.com,0,0,0,0,0,0,0,0,0,0,0,0,0,0,0,0,0
www.cloud.google.com,0,0,0,4,0,0,0,0,0,0,0,0,0,0,0,0,0
www.americanexpress.com,0,0,0,0,0,0,0,0,0,0,0,0,0,0,0,0,0
kraken.com,0,0,0,1,0,0,0,0,0,0,0,0,0,0,0,0,0
joomla.org,0,0,0,1,0,0,0,0,0,0,0,0,0,0,0,0,0
wikipedia.org,0,0,0,4,0,0,0,0,0,0,0,0,0,0,0,0,0
ibm.com,0,0,0,1,0,0,0,0,0,0,0,0,0,0,0,0,0
www.nextjs.org,0,0,0,0,0,0,0,0,0,0,0,0,0,0,0,0,0
www.squarespace.com,0,0,0,1,0,0,0,0,0,0,0,0,0,0,0,0,0
instagram.com,0,0,0,1,0,0,0,0,0,0,0,0,0,0,0,0,0
wikipedia.org,0,0,0,1,0,0,0,0,0,0,0,0,0,0,0,0,0
namecheap.com,0,0,0,1,0,0,0,0,0,0,0,0,0,0,0,0,0
www.reuters.com,0,0,0,4,0,0,0,0,0,0,0,0,0,0,0,0,0
usbank.com,0,0,0,4,0,0,0,0,0,0,0,0,0,0,0,0,0
rust-lang.org,0,0,0,1,0,0,0,1,0,0,0,0,0,0,0,0,0
mozilla.org,0,0,0,2,0,0,0,0,0,0,0,0,0,0,0,0,0
taobao.com,0,0,0,1,0,0,0,0,0,0,0,0,0,0,0,0,0
www.usa.gov,0,0,0,1,0,0,0,0,0,0,0,0,0,0,0,0,0
www.trello.com,0,0,0,0,0,0,0,0,0,0,0,0,0,0,0,0,0
www.reddit.com,0,0,0,3,0,0,0,0,0,0,0,0,0,0,0,0,0
linkedin.com,0,0,0,3,0,0,0,0,0,0,0,0,0,0,0,0,0
twitch.tv,0,0,0,4,0,0,0,0,0,0,0,0,0,0,0,0,0
www.ox.ac.uk,0,0,0,1,0,0,0,0,0,0,0,0,0,0,0,0,0
dropbox.com,0,0,0,1,0,0,0,0,0,0,0,0,0,0,0,0,0
www.wordpress.com,0,0,0,1,0,0,0,0,0,0,0,0,0,0,0,0,0
www.twitter.com,0,0,0,1,0,0,0,0,0,0,0,0,0,0,0,0,0
www.citi.com,0,0,0,1,0,0,0,0,0,0,0,0,0,0,0,0,0
nextjs.org,0,0,0,1,0,0,0,0,0,0,0,0,0,0,0,0,0
www.coinbase.com,0,0,0,1,0,0,0,0,0,0,0,0,0,0,0,0,0
www.sohu.com,0,0,0,1,0,0,0,0,0,0,0,0,0,0,0,0,0
www.weather.com,0,0,0,1,0,0,0,0,0,0,0,0,0,0,0,0,0
www.apple.com,0,0,0,0,0,0,0,0,0,0,0,0,0,0,0,0,0
codeforces.com,0,0,0,4,0,0,0,0,0,0,0,0,0,0,0,0,0
www.stackoverflow.com,0,0,0,4,0,0,0,0,0,0,0,0,0,0,0,0,0
reuters.com,0,0,0,1,0,0,0,0,0,0,0,0,0,0,0,0,0
kotlinlang.org,0,0,0,4,0,0,0,0,0,0,0,0,0,0,0,0,0
coursera.org,0,0,0,1,0,0,0,0,0,0,0,0,0,0,0,0,0
www.un.org,0,0,0,3,0,0,0,0,0,0,0,0,0,0,0,0,0
sina.com.cn,0,0,0,1,0,0,0,0,0,0,0,0,0,0,0,0,0
youtube.com,0,0,0,0,0,0,0,0,0,0,0,0,0,0,0,0,0
www.canva.com,0,0,0,3,0,0,0,0,0,0,0,0,0,0,0,0,0
gemini.com,0,0,0,4,0,0,0,0,0,0,0,0,0,0,0,0,0
www.pinterest.com,0,0,0,2,0,0,0,0,0,0,0,0,0,0,0,0,0
www.amd.com,0,0,0,1,0,0,0,0,0,0,0,0,0,0,0,0,0
www.oneplus.com,0,0,0,1,0,0,0,0,0,0,0,0,0,0,0,0,0
www.ftx.com,0,0,0,1,0,0,0,0,0,0,0,0,0,0,0,0,0
theguardian.com,0,0,0,1,0,0,0,0,0,0,0,0,0,0,0,0,0
angular.io,0,0,0,3,0,0,0,0,0,0,0,0,0,0,0,0,0
www.geeksforgeeks.org,0,0,0,1,0,0,0,0,0,0,0,0,0,0,0,0,0
baidu.com,0,0,0,0,0,0,0,0,0,0,0,0,0,0,0,0,0
harvard.edu,0,0,0,1,0,0,0,0,0,0,0,0,0,0,0,0,0
www.sony.com,0,0,0,1,0,0,0,0,0,0,0,0,0,0,0,0,0
hackerrank.com,0,0,0,1,0,0,0,0,0,0,0,0,0,0,0,0,0
dropbox.com,0,0,0,1,0,0,0,0,0,0,0,0,0,0,0,0,0
jira.com,0,0,0,1,0,0,0,0,0,0,0,0,0,0,0,0,0
python.org,0,0,0,1,0,0,0,0,0,0,0,0,0,0,0,0,0
sohu.com,0,0,0,1,0,0,0,0,0,0,0,0,0,0,0,0,0
reuters.com,0,0,0,4,0,0,0,0,0,0,0,0,0,0,0,0,0
coinbase.com,0,0,0,0,0,0,0,0,0,0,0,0,0,0,0,0,0
www.taobao.com,0,0,0,2,0,0,0,0,0,0,0,0,0,0,0,0,0
khanacademy.org,0,0,0,1,0,0,0,0,0,0,0,0,0,0,0,0,0
craigslist.org,0,0,0,3,0,0,0,0,0,0,0,0,0,0,0,0,0
www.vercel.com,0,0,0,2,0,0,0,0,0,0,0,0,0,0,0,0,0
whatsapp.com,0,0,0,1,0,0,0,0,0,0,0,0,0,0,0,0,0
vultr.com,0,0,0,1,0,0,0,0,0,0,0,0,0,0,0,0,0
www.bitbucket.org,0,0,0,1,0,0,0,0,0,0,0,0,0,0,0,0,0
www.nasa.gov,0,0,0,4,0,0,0,0,0,0,0,0,0,0,0,0,0
www.mozilla.org,0,0,0,1,0,0,0,0,0,0,0,0,0,0,0,0,0
www.cnn.com,0,0,0,3,0,0,0,0,0,0,0,0,0,0,0,0,0
www.reactjs.org,0,0,0,1,0,0,0,0,0,0,0,0,0,0,0,0,0
angular.io,0,0,0,1,0,0,0,0,0,0,0,0,0,0,0,0,0
www.shopify.com,0,0,0,1,0,0,0,0,0,0,0,0,0,0,0,0,0
www.w3schools.com,0,0,0,3,0,0,0,0,0,0,0,0,0,0,0,0,0
www.cloudflare.com,0,0,0,3,0,0,0,0,0,0,0,0,0,0,0,0,0
www.dell.com,0,0,0,1,0,0,0,0,0,0,0,0,0,0,0,0,0
linkedin.com,0,0,0,0,0,0,0,0,0,0,0,0,0,0,0,0,0
www.stripe.com,0,0,0,3,0,0,0,0,0,0,0,0,0,0,0,0,0
twitch.tv,0,0,0,1,0,0,0,0,0,0,0,0,0,0,0,0,0
tumblr.com,0,0,0,1,0,0,0,0,0,0,0,0,0,0,0,0,0
www.citi.com,0,0,0,3,0,0,0,0,0,0,0,0,0,0,0,0,0
yandex.ru,0,0,0,3,0,0,0,0,0,0,0,0,0,0,0,0,0
www.stanford.edu,0,0,0,1,0,0,0,0,0,0,0,0,0,0,0,0,0
www.trello.com,0,0,0,1,0,0,0,0,0,0,0,0,0,0,0,0,0
dropbox.com,0,0,0,4,0,0,0,0,0,0,0,0,0,0,0,0,0
mastercard.com,0,0,0,1,0,0,0,0,0,0,0,0,0,0,0,0,0
www.oppo.com,0,0,0,3,0,0,0,0,0,0,0,0,0,0,0,0,0
quora.com,0,0,0,0,0,0,0,0,0,0,0,0,0,0,0,0,0
theguardian.com,0,0,0,3,0,0,0,0,0,0,0,0,0,0,0,0,0
ok.ru,0,0,0,1,0,0,0,0,0,0,0,0,0,0,0,0,0
alipay.com,0,0,0,1,0,0,0,0,0,0,0,0,0,0,0,0,0
wordpress.org,0,0,0,3,0,0,0,0,0,0,0,0,0,0,0,0,0
www.cloudflare.com,0,0,0,1,0,0,0,0,0,0,0,0,0,0,0,0,0
qualcomm.com,0,0,0,3,0,0,0,0,0,0,0,0,0,0,0,0,0
www.shopify.com,0,0,0,1,0,0,0,0,0,0,0,0,0,0,0,0,0
acer.com,0,0,0,0,0,0,0,0,0,0,0,0,0,0,0,0,0
www.usbank.com,0,0,0,1,0,0,0,0,0,0,0,0,0,0,0,0,0
lenovo.com,0,0,0,4,0,0,0,0,0,0,0,0,0,0,0,0,0
vivo.com,0,0,0,1,0,0,0,0,0,0,0,0,0,0,0,0,0
capitalone.com,0,0,0,0,0,0,0,0,0,0,0,0,0,0,0,0,0
spotify.com,0,0,0,1,0,0,0,0,0,0,0,0,0,0,0,0,0
www.europa.eu,0,0,0,0,0,0,0,0,0,0,0,0,0,0,0,0,0
www.ruby-lang.org,0,0,0,3,0,0,0,1,0,0,0,0,0,0,0,0,0
www.netlify.com,0,0,0,1,0,0,0,0,0,0,0,0,0,0,0,0,0
www.nasa.gov,0,0,0,3,0,0,0,0,0,0,0,0,0,0,0,0,0
www.google.com,0,0,0,1,0,0,0,0,0,0,0,0,0,0,0,0,0
stackoverflow.com,0,0,0,4,0,0,0,0,0,0,0,0,0,0,0,0,0
www.x.com,0,0,0,1,0,0,0,0,0,0,0,0,0,0,0,0,0
www.telegram.org,0,0,0,1,0,0,0,0,0,0,0,0,0,0,0,0,0
www.coursera.org,0,0,0,1,0,0,0,0,0,0,0,0,0,0,0,0,0
angular.io,0,0,0,4,0,0,0,0,0,0,0,0,0,0,0,0,0
www.hostgator.com,0,0,0,1,0,0,0,0,0,0,0,0,0,0,0,0,0
stackoverflow.com,0,0,0,1,0,0,0,0,0,0,0,0,0,0,0,0,0
www.linkedin.com,0,0,0,4,0,0,0,0,0,0,0,0,0,0,0,0,0
angular.io,0,0,0,1,0,0,0,0,0,0,0,0,0,0,0,0,0
www.youtube.com,0,0,0,4,0,0,0,0,0,0,0,0,0,0,0,0,0
www.ebay.com,0,0,0,0,0,0,0,0,0,0,0,0,0,0,0,0,0
www.nextjs.org,0,0,0,1,0,0,0,0,0,0,0,0,0,0,0,0,0
vultr.com,0,0,0,4,0,0,0,0,0,0,0,0,0,0,0,0,0
www.jd.com,0,0,0,1,0,0,0,0,0,0,0,0,0,0,0,0,0
gemini.com,0,0,0,0,0,0,0,0,0,0,0,0,0,0,0,0,0
www.azure.microsoft.com,0,0,0,1,0,0,0,0,0,0,0,0,0,0,0,0,0
www.samsung.com,0,0,0,3,0,0,0,0,0,0,0,0,0,0,0,0,0
www.ok.ru,0,0,0,1,0,0,0,0,0,0,0,0,0,0,0,0,0
golang.org,0,0,0,1,0,0,0,0,0,0,0,0,0,0,0,0,0
www.europa.eu,0,0,0,3,0,0,0,0,0,0,0,0,0,0,0,0,0
alipay.com,0,0,0,1,0,0,0,0,0,0,0,0,0,0,0,0,0
salesforce.com,0,0,0,0,0,0,0,0,0,0,0,0,0,0,0,0,0
www.robinhood.com,0,0,0,4,0,0,0,0,0,0,0,0,0,0,0,0,0
www.atlassian.com,0,0,0,1,0,0,0,0,0,0,0,0,0,0,0,0,0
craigslist.org,0,0,0,1,0,0,0,0,0,0,0,0,0,0,0,0,0
www.linkedin.com,0,0,0,3,0,0,0,0,0,0,0,0,0,0,0,0,0
nvidia.com,0,0,0,1,0,0,0,0,0,0,0,0,0,0,0,0,0
reactjs.org,0,0,0,1,0,0,0,0,0,0,0,0,0,0,0,0,0
harvard.edu,0,0,0,2,0,0,0,0,0,0,0,0,0,0,0,0,0
www.ruby-lang.org,0,0,0,1,0,0,0,1,0,0,0,0,0,0,0,0,0
www.oneplus.com,0,0,0,2,0,0,0,0,0,0,0,0,0,0,0,0,0
linkedin.com,0,0,0,1,0,0,0,0,0,0,0,0,0,0,0,0,0
www.amazon.com,0,0,0,4,0,0,0,0,0,0,0,0,0,0,0,0,0
www.gitlab.com,0,0,0,3,0,0,0,0,0,0,0,0,0,0,0,0,0
craigslist.org,0,0,0,2,0,0,0,0,0,0,0,0,0,0,0,0,0
sohu.com,0,0,0,4,0,0,0,0,0,0,0,0,0,0,0,0,0
www.un.org,0,0,0,3,0,0,0,0,0,0,0,0,0,0,0,0,0
www.whatsapp.com,0,0,0,2,0,0,0,0,0,0,0,0,0,0,0,0,0
www.godaddy.com,0,0,0,4,0,0,0,0,0,0,0,0,0,0,0,0,0
www.udacity.com,0,0,0,1,0,0,0,0,0,0,0,0,0,0,0,0,0
www.ebay.com,0,0,0,1,0,0,0,0,0,0,0,0,0,0,0,0,0
www.visa.com,0,0,0,1,0,0,0,0,0,0,0,0,0,0,0,0,0
twitter.com,0,0,0,3,0,0,0,0,0,0,0,0,0,0,0,0,0
www.edx.org,0,0,0,0,0,0,0,0,0,0,0,0,0,0,0,0,0
vanguard.com,0,0,0,1,0,0,0,0,0,0,0,0,0,0,0,0,0
www.nasa.gov,0,0,0,0,0,0,0,0,0,0,0,0,0,0,0,0,0
www.telegram.org,0,0,0,1,0,0,0,0,0,0,0,0,0,0,0,0,0
www.whatsapp.com,0,0,0,1,0,0,0,0,0,0,0,0,0,0,0,0,0
yandex.ru,0,0,0,1,0,0,0,0,0,0,0,0,0,0,0,0,0
reactjs.org,0,0,0,1,0,0,0,0,0,0,0,0,0,0,0,0,0
cloudflare.com,0,0,0,1,0,0,0,0,0,0,0,0,0,0,0,0,0
stackoverflow.com,0,0,0,3,0,0,0,0,0,0,0,0,0,0,0,0,0
www.ox.ac.uk,0,0,0,0,0,0,0,0,0,0,0,0,0,0,0,0,0
linkedin.com,0,0,0,4,0,0,0,0,0,0,0,0,0,0,0,0,0
aliexpress.com,0,0,0,1,0,0,0,0,0,0,0,0,0,0,0,0,0
samsung.com,0,0,0,1,0,0,0,0,0,0,0,0,0,0,0,0,0
discord.com,0,0,0,1,0,0,0,0,0,0,0,0,0,0,0,0,0
www.nodejs.org,0,0,0,3,0,0,0,0,0,0,0,0,0,0,0,0,0
www.dell.com,0,0,0,1,0,0,0,0,0,0,0,0,0,0,0,0,0
nodejs.org,0,0,0,1,0,0,0,0,0,0,0,0,0,0,0,0,0
www.mastercard.com,0,0,0,4,0,0,0,0,0,0,0,0,0,0,0,0,0
www.udacity.com,0,0,0,4,0,0,0,0,0,0,0,0,0,0,0,0,0
un.org,0,0,0,1,0,0,0,0,0,0,0,0,0,0,0,0,0
w3schools.com,0,0,0,1,0,0,0,0,0,0,0,0,0,0,0,0,0
gov.uk,0,0,0,1,0,0,0,0,0,0,0,0,0,0,0,0,0
www.acer.com,0,0,0,3,0,0,0,0,0,0,0,0,0,0,0,0,0
drupal.org,0,0,0,1,0,0,0,0,0,0,0,0,0,0,0,0,0
apache.org,0,0,0,4,0,0,0,0,0,0,0,0,0,0,0,0,0
www.bybit.com,0,0,0,0,0,0,0,0,0,0,0,0,0,0,0,0,0
www.un.org,0,0,0,1,0,0,0,0,0,0,0,0,0,0,0,0,0
www.bbc.com,0,0,0,4,0,0,0,0,0,0,0,0,0,0,0,0,0
www.weather.com,0,0,0,4,0,0,0,0,0,0,0,0,0,0,0,0,0
kotlinlang.org,0,0,0,2,0,0,0,0,0,0,0,0,0,0,0,0,0
www.twitch.tv,0,0,0,1,0,0,0,0,0,0,0,0,0,0,0,0,0
www.ftx.com,0,0,0,1,0,0,0,0,0,0,0,0,0,0,0,0,0
chase.com,0,0,0,1,0,0,0,0,0,0,0,0,0,0,0,0,0
bluehost.com,0,0,0,4,0,0,0,0,0,0,0,0,0,0,0,0,0
www.bitfinex.com,0,0,0,1,0,0,0,0,0,0,0,0,0,0,0,0,0
apple.com,0,0,0,1,0,0,0,0,0,0,0,0,0,0,0,0,0
www.quora.com,0,0,0,1,0,0,0,0,0,0,0,0,0,0,0,0,0
www.facebook.com,0,0,0,1,0,0,0,0,0,0,0,0,0,0,0,0,0
udemy.com,0,0,0,1,0,0,0,0,0,0,0,0,0,0,0,0,0
americanexpress.com,0,0,0,3,0,0,0,0,0,0,0,0,0,0,0,0,0
www.vercel.com,0,0,0,0,0,0,0,0,0,0,0,0,0,0,0,0,0
linode.com,0,0,0,1,0,0,0,0,0,0,0,0,0,0,0,0,0
www.imdb.com,0,0,0,1,0,0,0,0,0,0,0,0,0,0,0,0,0
www.notion.so,0,0,0,1,0,0,0,0,0,0,0,0,0,0,0,0,0
fidelity.com,0,0,0,1,0,0,0,0,0,0,0,0,0,0,0,0,0
sony.com,0,0,0,1,0,0,0,0,0,0,0,0,0,0,0,0,0
panasonic.com,0,0,0,3,0,0,0,0,0,0,0,0,0,0,0,0,0
www.bitbucket.org,0,0,0,0,0,0,0,0,0,0,0,0,0,0,0,0,0
adobe.com,0,0,0,1,0,0,0,0,0,0,0,0,0,0,0,0,0
xiaomi.com,0,0,0,2,0,0,0,0,0,0,0,0,0,0,0,0,0
www.gitlab.com,0,0,0,4,0,0,0,0,0,0,0,0,0,0,0,0,0
www.yahoo.com,0,0,0,1,0,0,0,0,0,0,0,0,0,0,0,0,0
www.quora.com,0,0,0,1,0,0,0,0,0,0,0,0,0,0,0,0,0
tumblr.com,0,0,0,1,0,0,0,0,0,0,0,0,0,0,0,0,0
www.wikipedia.org,0,0,0,2,0,0,0,0,0,0,0,0,0,0,0,0,0
www.stackoverflow.com,0,0,0,1,0,0,0,0,0,0,0,0,0,0,0,0,0
www.jd.com,0,0,0,1,0,0,0,0,0,0,0,0,0,0,0,0,0
www.getbootstrap.com,0,0,0,4,0,0,0,0,0,0,0,0,0,0,0,0,0
www.wordpress.org,0,0,0,1,0,0,0,0,0,0,0,0,0,0,0,0,0
berkeley.edu,0,0,0,1,0,0,0,0,0,0,0,0,0,0,0,0,0
www.berkeley.edu,0,0,0,0,0,0,0,0,0,0,0,0,0,0,0,0,0
accuweather.com,0,0,0,4,0,0,0,0,0,0,0,0,0,0,0,0,0
www.bloomberg.com,0,0,0,4,0,0,0,0,0,0,0,0,0,0,0,0,0
usa.gov,0,0,0,1,0,0,0,0,0,0,0,0,0,0,0,0,0
vercel.com,0,0,0,1,0,0,0,0,0,0,0,0,0,0,0,0,0
www.taobao.com,0,0,0,3,0,0,0,0,0,0,0,0,0,0,0,0,0
gitlab.com,0,0,0,3,0,0,0,0,0,0,0,0,0,0,0,0,0
www.acer.com,0,0,0,1,0,0,0,0,0,0,0,0,0,0,0,0,0
intel.com,0,0,0,1,0,0,0,0,0,0,0,0,0,0,0,0,0
vanguard.com,0,0,0,1,0,0,0,0,0,0,0,0,0,0,0,0,0
asus.com,0,0,0,3,0,0,0,0,0,0,0,0,0,0,0,0,0
www.wordpress.com,0,0,0,3,0,0,0,0,0,0,0,0,0,0,0,0,0
nytimes.com,0,0,0,1,0,0,0,0,0,0,0,0,0,0,0,0,0
hdfcbank.com,0,0,1,4,0,0,0,0,0,1,0,0,0,0,0,0,0
kenh14.vn,0,0,1,2,0,0,0,0,0,1,0,0,0,0,0,0,0
clien.net,0,0,1,3,0,0,0,0,0,1,0,0,0,0,0,0,0
tunein.com,0,0,1,5,0,0,0,0,0,1,0,0,0,0,0,0,0
xvideo-jp.com,0,0,1,3,0,0,0,1,0,1,0,0,0,0,0,0,0
xhamster.com,0,0,1,3,0,0,0,0,0,1,0,0,0,0,0,0,0
olx.ro,0,0,1,7,0,0,0,0,0,1,0,0,0,0,0,0,0
bigcinema.tv,0,0,1,2,0,0,0,0,0,1,0,0,0,0,0,0,0
themeforest.net,0,0,1,4,0,0,0,0,0,1,0,0,0,0,0,0,0
interpark.com,0,0,1,2,0,0,0,0,0,1,0,0,0,0,0,0,0
rocketnews24.com,0,0,1,4,0,0,0,0,0,1,0,0,0,0,0,0,0
codecanyon.net,0,0,1,4,0,0,0,0,0,1,0,0,0,0,0,0,0
1337x.to,0,0,1,3,0,0,0,0,0,1,0,0,0,0,0,0,0
torcache.net,0,0,1,2,0,0,0,0,0,1,0,0,0,0,0,0,0
distractify.com,0,0,1,10,0,0,0,0,0,1,0,0,0,0,0,0,0
web.de,0,0,1,3,0,0,0,0,0,1,0,0,0,0,0,0,0
telegraf.com.ua,0,0,1,3,0,0,0,0,0,1,0,0,0,0,0,0,0
nesn.com,0,0,1,3,0,0,0,0,0,1,0,0,0,0,0,0,0
interpark.com,0,0,1,2,0,0,0,0,0,1,0,0,0,0,0,0,0
sfglobe.com,0,0,1,4,0,0,0,0,0,1,0,0,0,0,0,0,0
putlocker.is,0,0,1,1,0,0,0,0,0,1,0,0,0,0,0,0,0
thenextweb.com,0,0,1,5,0,0,0,0,0,1,0,0,0,0,0,0,0
tunein.com,0,0,1,5,0,0,0,0,0,1,0,0,0,0,0,0,0
qz.com,0,0,1,2,0,0,0,0,0,1,0,0,0,0,0,0,0
distractify.com,0,0,1,10,0,0,0,0,0,1,0,0,0,0,0,0,0
olx.ua,0,0,1,3,0,0,0,0,0,1,0,0,0,0,0,0,0
variety.com,0,0,1,4,0,0,0,0,0,1,0,0,0,0,0,0,0
grantland.com,0,0,1,2,0,0,0,0,0,1,0,0,0,0,0,0,0
thechive.com,0,0,1,4,0,0,0,0,0,1,0,0,0,0,0,0,0
interpark.com,0,0,1,2,0,0,0,0,0,1,0,0,0,0,0,0,0
tobogo.net,0,0,1,2,0,0,0,0,0,1,0,0,0,0,0,0,0
bongda88.info,0,0,1,1,0,0,0,0,0,1,0,0,0,0,0,0,0
mic.com,0,0,1,3,0,0,0,0,0,1,0,0,0,0,0,0,0
extratorrent.cc,0,0,1,3,0,0,0,0,0,1,0,0,0,0,0,0,0
kotaku.com,0,0,1,1,0,0,0,0,0,1,0,0,0,0,0,0,0
otomoto.pl,0,0,1,4,0,0,0,0,0,1,0,0,0,0,0,0,0
atwiki.jp,0,0,1,2,0,0,0,0,0,1,0,0,0,0,0,0,0
tunein.com,0,0,1,5,0,0,0,0,0,1,0,0,0,0,0,0,0
distractify.com,0,0,1,10,0,0,0,0,0,1,0,0,0,0,0,0,0
katproxy.com,0,0,1,1,0,0,0,0,0,1,0,0,0,0,0,0,0
mic.com,0,0,1,3,0,0,0,0,0,1,0,0,0,0,0,0,0
jezebel.com,0,0,1,2,0,0,0,0,0,1,0,0,0,0,0,0,0
udn.com,0,0,1,4,0,0,0,0,0,1,0,0,0,0,0,0,0
rt.com,0,0,1,3,0,0,0,0,0,1,0,0,0,0,0,0,0
twitter.com,0,0,1,1,0,0,0,0,0,0,0,0,0,0,0,0,0
500px.com,0,0,1,3,0,0,0,0,0,1,0,0,0,0,0,0,0
olx.co.id,0,0,1,7,0,0,0,0,0,1,0,0,0,0,0,0,0
abc.go.com,0,0,1,9,0,0,0,0,0,1,0,0,0,0,0,0,0
jalopnik.com,0,0,1,2,0,0,0,0,0,1,0,0,0,0,0,0,0
interpark.com,0,0,1,2,0,0,0,0,0,1,0,0,0,0,0,0,0
myspace.com,0,0,1,5,0,0,0,0,0,1,0,0,0,0,0,0,0
correios.com.br,0,0,1,4,0,0,0,0,0,1,0,0,0,0,0,0,0
putlocker.is,0,0,1,1,0,0,0,0,0,1,0,0,0,0,0,0,0
babal.net,0,0,1,4,0,0,0,0,0,1,0,0,0,0,0,0,0
ck101.com,0,0,1,1,0,0,0,0,0,1,0,0,0,0,0,0,0
torcache.net,0,0,1,2,0,0,0,0,0,1,0,0,0,0,0,0,0
medium.com,0,1,1,2,0,0,0,0,0,0,0,0,0,0,0,0,0
searchengineland.com,0,0,1,1,0,0,0,0,0,1,0,0,0,0,0,0,0
perezhilton.com,0,0,1,1,0,0,0,0,0,1,0,0,0,0,0,0,0
grantland.com,0,0,1,2,0,0,0,0,0,1,0,0,0,0,0,0,0
katproxy.com,0,0,1,1,0,0,0,0,0,1,0,0,0,0,0,0,0
mylust.com,0,0,1,3,0,0,0,0,0,1,0,0,0,0,0,0,0
hubpages.com,0,0,1,2,0,0,0,0,0,1,0,0,0,0,0,0,0
uproxx.com,0,0,1,4,0,0,0,0,0,1,0,0,0,0,0,0,0
distractify.com,0,0,1,10,0,0,0,0,0,1,0,0,0,0,0,0,0
babal.net,0,0,1,4,0,0,0,0,0,1,0,0,0,0,0,0,0
web.tv,0,0,1,8,0,0,0,0,0,1,0,0,0,0,0,0,0
hollywoodlife.com,0,0,1,4,0,0,0,0,0,1,0,0,0,0,0,0,0
bdnews24.com,0,0,1,5,0,0,0,0,0,1,0,0,0,0,0,0,0
tinnhanh360.net,0,0,1,2,0,0,0,0,0,1,0,0,0,0,0,0,0
www.gov.uk,0,0,1,3,0,0,0,0,0,0,0,0,0,0,0,0,0
tune.pk,0,0,1,3,0,0,0,0,0,1,0,0,0,0,0,0,0
themeforest.net,0,0,1,4,0,0,0,0,0,1,0,0,0,0,0,0,0
superuser.com,0,0,1,3,0,0,0,0,0,1,0,0,0,0,0,0,0
allrecipes.com,0,0,1,3,0,0,0,0,0,1,0,0,0,0,0,0,0
www.gov.uk,0,0,1,3,0,0,0,0,0,0,0,0,0,0,0,0,0
smallseotools.com,0,0,1,2,0,0,0,0,0,1,0,0,0,0,0,0,0
olx.pl,0,0,1,3,0,0,0,0,0,1,0,0,0,0,0,0,0
searchengineland.com,0,0,1,1,0,0,0,0,0,1,0,0,0,0,0,0,0
thechive.com,0,0,1,4,0,0,0,0,0,1,0,0,0,0,0,0,0
pornsharing.com,0,0,1,1,0,0,0,0,0,1,0,0,0,0,0,0,0
9gag.tv,0,0,1,3,0,0,0,0,0,1,0,0,0,0,0,0,0
censor.net.ua,0,0,1,14,0,0,0,0,0,1,0,0,0,0,0,0,0
myspace.com,0,0,1,5,0,0,0,0,0,1,0,0,0,0,0,0,0
web.de,0,0,1,3,0,0,0,0,0,1,0,0,0,0,0,0,0
thechive.com,0,0,1,4,0,0,0,0,0,1,0,0,0,0,0,0,0
codecanyon.net,0,0,1,4,0,0,0,0,0,1,0,0,0,0,0,0,0
seekingalpha.com,0,0,1,2,0,0,0,0,0,1,0,0,0,0,0,0,0
themeforest.net,0,0,1,4,0,0,0,0,0,1,0,0,0,0,0,0,0
nesn.com,0,0,1,3,0,0,0,0,0,1,0,0,0,0,0,0,0
emgn.com,0,0,1,2,0,0,0,0,0,1,0,0,0,0,0,0,0
interpark.com,0,0,1,2,0,0,0,0,0,1,0,0,0,0,0,0,0
emgn.com,0,0,1,2,0,0,0,0,0,1,0,0,0,0,0,0,0
torcache.net,0,0,1,2,0,0,0,0,0,1,0,0,0,0,0,0,0
extratorrent.cc,0,0,1,3,0,0,0,0,0,1,0,0,0,0,0,0,0
udn.com,0,0,1,4,0,0,0,0,0,1,0,0,0,0,0,0,0
pikabu.ru,0,0,1,2,0,0,0,0,0,1,0,0,0,0,0,0,0
grantland.com,0,0,1,2,0,0,0,0,0,1,0,0,0,0,0,0,0
distractify.com,0,0,1,10,0,0,0,0,0,1,0,0,0,0,0,0,0
pornsharing.com,0,0,1,1,0,0,0,0,0,1,0,0,0,0,0,0,0
ifttt.com,0,0,1,2,0,0,0,0,0,1,0,0,0,0,0,0,0
xhamster.com,0,0,1,3,0,0,0,0,0,1,0,0,0,0,0,0,0
mylust.com,0,0,1,3,0,0,0,0,0,1,0,0,0,0,0,0,0
paytm.com,0,0,1,9,0,0,0,0,0,1,0,0,0,0,0,0,0
myspace.com,0,0,1,4,0,0,0,0,0,1,0,0,0,0,0,0,0
ap.org,0,0,1,4,0,0,0,0,0,1,0,0,0,0,0,0,0
mylust.com,0,0,1,3,0,0,0,0,0,1,0,0,0,0,0,0,0
nesn.com,0,0,1,3,0,0,0,0,0,1,0,0,0,0,0,0,0
distractify.com,0,0,1,10,0,0,0,0,0,1,0,0,0,0,0,0,0
oneplus.net,0,0,1,3,0,0,0,0,0,1,0,0,0,0,0,0,0
depositphotos.com,0,0,1,1,0,0,0,0,0,1,0,0,0,0,0,0,0
superuser.com,0,0,1,3,0,0,0,0,0,1,0,0,0,0,0,0,0
myspace.com,0,0,1,5,0,0,0,0,0,1,0,0,0,0,0,0,0
weheartit.com,0,0,1,2,0,0,0,0,0,1,0,0,0,0,0,0,0
akhbarelyom.com,0,0,1,5,0,0,0,0,0,1,0,0,0,0,0,0,0
indianexpress.com,0,0,1,4,0,0,0,0,0,1,0,0,0,0,0,0,0
elitedaily.com,0,0,1,3,0,0,0,0,0,1,0,0,0,0,0,0,0
babal.net,0,0,1,3,0,0,0,0,0,1,0,0,0,0,0,0,0
twitter.com,0,0,1,1,0,0,0,0,0,0,0,0,0,0,0,0,0
auto.ru,0,0,1,4,0,0,0,0,0,1,0,0,0,0,0,0,0
xhamster.com,0,0,1,3,0,0,0,0,0,1,0,0,0,0,0,0,0
patch.com,0,0,1,3,0,0,0,0,0,1,0,0,0,0,0,0,0
jezebel.com,0,0,1,2,0,0,0,0,0,1,0,0,0,0,0,0,0
mylust.com,0,0,1,3,0,0,0,0,0,1,0,0,0,0,0,0,0
fortune.com,0,0,1,4,0,0,0,0,0,1,0,0,0,0,0,0,0
twitter.com,0,0,1,1,0,0,0,0,0,0,0,0,0,0,0,0,0
correios.com.br,0,0,1,4,0,0,0,0,0,1,0,0,0,0,0,0,0
yourlust.com,0,0,1,2,0,0,0,0,0,1,0,0,0,0,0,0,0
emgn.com,0,0,1,2,0,0,0,0,0,1,0,0,0,0,0,0,0
nypost.com,0,0,1,4,0,0,0,0,0,1,0,0,0,0,0,0,0
ap.org,0,0,1,4,0,0,0,0,0,1,0,0,0,0,0,0,0
momoshop.com.tw,0,0,1,2,0,0,0,0,0,1,0,0,0,0,0,0,0
plarium.com,0,0,1,5,0,0,0,0,0,1,0,0,0,0,0,0,0
mylust.com,0,0,1,3,0,0,0,0,0,1,0,0,0,0,0,0,0
ap.org,0,0,1,4,0,0,0,0,0,1,0,0,0,0,0,0,0
olx.co.id,0,0,1,2,0,0,0,0,0,1,0,0,0,0,0,0,0
venturebeat.com,0,0,1,4,0,0,0,0,0,1,0,0,0,0,0,0,0
diply.com,0,0,1,3,0,0,0,0,0,1,0,0,0,0,0,0,0
mashable.com,0,0,1,6,0,0,0,0,0,1,0,0,0,0,0,0,0
twitter.com,0,0,1,1,0,0,0,0,0,0,0,0,0,0,0,0,0
tobogo.net,0,0,1,2,0,0,0,0,0,1,0,0,0,0,0,0,0
twitter.com,0,0,1,1,0,0,0,0,0,0,0,0,0,0,0,0,0
xhamster.com,0,0,1,3,0,0,0,0,0,1,0,0,0,0,0,0,0
olx.ro,0,0,1,4,0,0,0,0,0,1,0,0,0,0,0,0,0
mic.com,0,0,1,1,0,0,0,0,0,1,0,0,0,0,0,0,0
torcache.net,0,0,1,2,0,0,0,0,0,1,0,0,0,0,0,0,0
mic.com,0,0,1,3,0,0,0,0,0,1,0,0,0,0,0,0,0
medium.com,0,1,1,2,0,0,0,0,0,0,0,0,0,0,0,0,0
akhbarelyom.com,0,0,1,5,0,0,0,0,0,1,0,0,0,0,0,0,0
depositphotos.com,0,0,1,1,0,0,0,0,0,1,0,0,0,0,0,0,0
babal.net,0,0,1,3,0,0,0,0,0,1,0,0,0,0,0,0,0
emgn.com,0,0,1,2,0,0,0,0,0,1,0,0,0,0,0,0,0
noticias.uol.com.br,0,0,1,6,0,0,0,0,0,1,0,0,0,0,0,0,0
maybank2u.com.my,0,0,1,4,0,0,0,0,0,1,0,0,0,0,0,0,0
allegro.pl,0,0,1,1,0,0,0,0,0,1,0,0,0,0,0,0,0
sourceforge.net,0,0,1,3,0,0,0,0,0,1,0,0,0,0,0,0,0
mic.com,0,0,1,3,0,0,0,0,0,1,0,0,0,0,0,0,0
superuser.com,0,0,1,3,0,0,0,0,0,1,0,0,0,0,0,0,0
anandtech.com,0,0,1,3,0,0,0,0,0,1,0,0,0,0,0,0,0
thenextweb.com,0,0,1,6,0,0,0,0,0,1,0,0,0,0,0,0,0
olx.co.id,0,0,1,2,0,0,0,0,0,1,0,0,0,0,0,0,0
extratorrent.cc,0,0,1,3,0,0,0,0,0,1,0,0,0,0,0,0,0
olx.ro,0,0,1,7,0,0,0,0,0,1,0,0,0,0,0,0,0
maybank2u.com.my,0,0,1,4,0,0,0,0,0,1,0,0,0,0,0,0,0
themeforest.net,0,0,1,4,0,0,0,0,0,1,0,0,0,0,0,0,0
qz.com,0,0,1,2,0,0,0,0,0,1,0,0,0,0,0,0,0
1337x.to,0,0,1,3,0,0,0,0,0,1,0,0,0,0,0,0,0
esporte.uol.com.br,0,0,1,5,0,0,0,0,0,1,0,0,0,0,0,0,0
interpark.com,0,0,1,2,0,0,0,0,0,1,0,0,0,0,0,0,0
mylust.com,0,0,1,3,0,0,0,0,0,1,0,0,0,0,0,0,0
rocketnews24.com,0,0,1,4,0,0,0,0,0,1,0,0,0,0,0,0,0
kenh14.vn,0,0,1,2,0,0,0,0,0,1,0,0,0,0,0,0,0
babal.net,0,0,1,4,0,0,0,0,0,1,0,0,0,0,0,0,0
tobogo.net,0,0,1,2,0,0,0,0,0,1,0,0,0,0,0,0,0
emgn.com,0,0,1,2,0,0,0,0,0,1,0,0,0,0,0,0,0
ecnavi.jp,0,0,1,1,1,0,0,0,0,1,0,0,0,0,0,0,0
thenextweb.com,0,0,1,6,0,0,0,0,0,1,0,0,0,0,0,0,0
mic.com,0,0,1,3,0,0,0,0,0,1,0,0,0,0,0,0,0
torcache.net,0,0,1,2,0,0,0,0,0,1,0,0,0,0,0,0,0
www.nhs.uk,0,0,1,5,0,0,0,0,0,1,0,0,0,0,0,0,0
nguyentandung.org,0,0,1,1,0,0,0,0,0,1,0,0,0,0,0,0,0
irecommend.ru,0,0,1,2,0,0,0,0,0,1,0,0,0,0,0,0,0
yourlust.com,0,0,1,2,0,0,0,0,0,1,0,0,0,0,0,0,0
babal.net,0,0,1,3,0,0,0,0,0,1,0,0,0,0,0,0,0
olx.ro,0,0,1,6,0,0,0,0,0,1,0,0,0,0,0,0,0
hubpages.com,0,0,1,4,0,0,0,0,0,1,0,0,0,0,0,0,0
dantri.com.vn,0,0,1,2,0,0,0,0,0,1,0,0,0,0,0,0,0
perezhilton.com,0,0,1,1,0,0,0,0,0,1,0,0,0,0,0,0,0
sourceforge.net,0,0,1,3,0,0,0,0,0,1,0,0,0,0,0,0,0
oneplus.net,0,0,1,4,0,0,0,0,0,1,0,0,0,0,0,0,0
olx.ua,0,0,1,2,0,0,0,0,0,1,0,0,0,0,0,0,0
olx.ro,0,0,1,7,0,0,0,0,0,1,0,0,0,0,0,0,0
500px.com,0,0,1,3,0,0,0,0,0,1,0,0,0,0,0,0,0
twitter.com,0,0,1,1,0,0,0,0,0,0,0,0,0,0,0,0,0
myspace.com,0,0,1,5,0,0,0,0,0,1,0,0,0,0,0,0,0
babal.net,0,0,1,4,0,0,0,0,0,1,0,0,0,0,0,0,0
techcrunch.com,0,0,1,3,0,0,0,0,0,1,0,0,0,0,0,0,0
superuser.com,0,0,1,3,0,0,0,0,0,1,0,0,0,0,0,0,0
thenextweb.com,0,0,1,6,0,0,0,0,0,1,0,0,0,0,0,0,0
emgn.com,0,0,1,2,0,0,0,0,0,1,0,0,0,0,0,0,0
couchtuner.eu.com,0,0,1,3,0,0,0,0,0,1,0,0,0,0,0,0,0
bigcinema.tv,0,0,1,2,0,0,0,0,0,1,0,0,0,0,0,0,0
lifehacker.com,0,0,1,2,0,0,0,0,0,1,0,0,0,0,0,0,0
babal.net,0,0,1,3,0,0,0,0,0,1,0,0,0,0,0,0,0
putlocker.is,0,0,1,1,0,0,0,0,0,1,0,0,0,0,0,0,0
distractify.com,0,0,1,10,0,0,0,0,0,1,0,0,0,0,0,0,0
olx.ro,0,0,1,7,0,0,0,0,0,1,0,0,0,0,0,0,0
distractify.com,0,0,1,10,0,0,0,0,0,1,0,0,0,0,0,0,0
variety.com,0,0,1,4,0,0,0,0,0,1,0,0,0,0,0,0,0
kakaku.com,0,0,1,6,0,0,0,0,0,1,0,0,0,0,0,0,0
gawker.com,0,0,1,2,0,0,0,0,0,1,0,0,0,0,0,0,0
mic.com,0,0,1,3,0,0,0,0,0,1,0,0,0,0,0,0,0
torrentdn.com,0,0,1,2,0,0,0,0,0,1,0,0,0,0,0,0,0
nypost.com,0,0,1,4,0,0,0,0,0,1,0,0,0,0,0,0,0
web.de,0,0,1,5,0,0,0,0,0,1,0,0,0,0,0,0,0
techcrunch.com,0,0,1,4,0,0,0,0,0,1,0,0,0,0,0,0,0
thenextweb.com,0,0,1,6,0,0,0,0,0,1,0,0,0,0,0,0,0
babal.net,0,0,1,4,0,0,0,0,0,1,0,0,0,0,0,0,0
web.de,0,0,1,4,0,0,0,0,0,1,0,0,0,0,0,0,0
ecnavi.jp,0,0,1,1,1,0,0,0,0,1,0,0,0,0,0,0,0
buzzfil.net,0,0,1,3,0,0,0,0,0,1,0,0,0,0,0,0,0
qz.com,0,0,1,2,0,0,0,0,0,1,0,0,0,0,0,0,0
eksisozluk.com,0,0,1,1,0,0,0,0,0,1,0,0,0,0,0,0,0
olx.in,0,0,1,3,0,0,0,0,0,1,0,0,0,0,0,0,0
kienthuc.net.vn,0,0,1,2,0,0,0,0,0,1,0,0,0,0,0,0,0
perezhilton.com,0,0,1,2,0,0,0,0,0,1,0,0,0,0,0,0,0
cox.com,0,0,1,3,0,0,0,0,0,1,0,0,0,0,0,0,0
elitedaily.com,0,0,1,3,0,0,0,0,0,1,0,0,0,0,0,0,0
babal.net,0,0,1,3,0,0,0,0,0,1,0,0,0,0,0,0,0
irecommend.ru,0,0,1,2,0,0,0,0,0,1,0,0,0,0,0,0,0
twitter.com,0,0,1,1,0,0,0,0,0,0,0,0,0,0,0,0,0
kickass.to,0,0,1,1,0,0,0,0,0,1,0,0,0,0,0,0,0
techcrunch.com,0,0,1,4,0,0,0,0,0,1,0,0,0,0,0,0,0
paytm.com,0,0,1,6,0,0,0,0,0,1,0,0,0,0,0,0,0
xhamster.com,0,0,1,3,0,0,0,0,0,1,0,0,0,0,0,0,0
mashable.com,0,0,1,6,0,0,0,0,0,1,0,0,0,0,0,0,0
elitedaily.com,0,0,1,3,0,0,0,0,0,1,0,0,0,0,0,0,0
buzzfil.net,0,0,1,4,0,0,0,0,0,1,0,0,0,0,0,0,0
steamcommunity.com,0,0,1,7,1,0,0,0,0,1,0,0,0,0,0,0,0
katproxy.com,0,0,1,1,0,0,0,0,0,1,0,0,0,0,0,0,0
buzzfil.net,0,0,1,4,0,0,0,0,0,1,0,0,0,0,0,0,0
depositphotos.com,0,0,1,1,0,0,0,0,0,1,0,0,0,0,0,0,0
clien.net,0,0,1,3,0,0,0,0,0,1,0,0,0,0,0,0,0
nypost.com,0,0,1,4,0,0,0,0,0,1,0,0,0,0,0,0,0
mic.com,0,0,1,3,0,0,0,0,0,1,0,0,0,0,0,0,0
cheezburger.com,0,0,1,2,0,0,0,0,0,1,0,0,0,0,0,0,0
tobogo.net,0,0,1,2,0,0,0,0,0,1,0,0,0,0,0,0,0
motthegioi.vn,0,0,1,2,0,0,0,0,0,1,0,0,0,0,0,0,0
distractify.com,0,0,1,10,0,0,0,0,0,1,0,0,0,0,0,0,0
web.de,0,0,1,6,0,0,0,0,0,1,0,0,0,0,0,0,0
babal.net,0,0,1,3,0,0,0,0,0,1,0,0,0,0,0,0,0
getpocket.com,0,0,1,1,1,0,0,0,0,1,0,0,0,0,0,0,0
bleacherreport.com,0,0,1,2,0,0,0,0,0,1,0,0,0,0,0,0,0
olx.ro,0,0,1,7,0,0,0,0,0,1,0,0,0,0,0,0,0
nesn.com,0,0,1,3,0,0,0,0,0,1,0,0,0,0,0,0,0
olx.ro,0,0,1,7,0,0,0,0,0,1,0,0,0,0,0,0,0
thenextweb.com,0,0,1,6,0,0,0,0,0,1,0,0,0,0,0,0,0
uproxx.com,0,0,1,4,0,0,0,0,0,1,0,0,0,0,0,0,0
akhbarelyom.com,0,0,1,5,0,0,0,0,0,1,0,0,0,0,0,0,0
xhamster.com,0,0,1,3,0,0,0,0,0,1,0,0,0,0,0,0,0
extratorrent.cc,0,0,1,3,0,0,0,0,0,1,0,0,0,0,0,0,0
hubpages.com,0,0,1,2,0,0,0,0,0,1,0,0,0,0,0,0,0
medium.com,0,1,1,2,0,0,0,0,0,0,0,0,0,0,0,0,0
medium.com,0,0,1,2,0,0,0,0,0,0,0,0,0,0,0,0,0
fishki.net,0,0,1,2,0,0,0,0,0,1,0,0,0,0,0,0,0
kickass.to,0,0,1,3,0,0,0,0,0,1,0,0,0,0,0,0,0
mylust.com,0,0,1,3,0,0,0,0,0,1,0,0,0,0,0,0,0
digg.com,0,0,1,2,0,0,0,0,0,1,0,0,0,0,0,0,0
steamcommunity.com,0,0,1,8,1,0,0,0,0,1,0,0,0,0,0,0,0
distractify.com,0,0,1,10,0,0,0,0,0,1,0,0,0,0,0,0,0
babal.net,0,0,1,3,0,0,0,0,0,1,0,0,0,0,0,0,0
momoshop.com.tw,0,0,1,2,0,0,0,0,0,1,0,0,0,0,0,0,0
otomoto.pl,0,0,1,5,0,0,0,0,0,1,0,0,0,0,0,0,0
io9.com,0,0,1,2,0,0,0,0,0,1,0,0,0,0,0,0,0
diply.com,0,0,1,3,0,0,0,0,0,1,0,0,0,0,0,0,0
torcache.net,0,0,1,2,0,0,0,0,0,1,0,0,0,0,0,0,0
torcache.net,0,0,1,2,0,0,0,0,0,1,0,0,0,0,0,0,0
torcache.net,0,0,1,2,0,0,0,0,0,1,0,0,0,0,0,0,0
techcrunch.com,0,0,1,3,0,0,0,0,0,1,0,0,0,0,0,0,0
mylust.com,0,0,1,3,0,0,0,0,0,1,0,0,0,0,0,0,0
serverfault.com,0,0,1,3,0,0,0,0,0,1,0,0,0,0,0,0,0
mylust.com,0,0,1,3,0,0,0,0,0,1,0,0,0,0,0,0,0
fazenda.gov.br,0,0,1,3,0,0,0,0,0,1,0,0,0,0,0,0,0
askubuntu.com,0,0,1,3,0,0,0,0,0,1,0,0,0,0,0,0,0
censor.net.ua,0,0,1,14,0,0,0,0,0,1,0,0,0,0,0,0,0
gizmodo.com,0,0,1,3,0,0,0,0,0,1,0,0,0,0,0,0,0
udn.com,0,0,1,4,0,0,0,0,0,1,0,0,0,0,0,0,0
pornsharing.com,0,0,1,1,0,0,0,0,0,1,0,0,0,0,0,0,0
censor.net.ua,0,0,1,3,0,0,0,0,0,1,0,0,0,0,0,0,0
bgr.com,0,0,1,4,0,0,0,0,0,1,0,0,0,0,0,0,0
conservativetribune.com,0,0,1,1,0,0,0,0,0,1,0,0,0,0,0,0,0
500px.com,0,0,1,3,0,0,0,0,0,1,0,0,0,0,0,0,0
wpengine.com,0,0,1,2,0,0,0,0,0,1,0,0,0,0,0,0,0
motthegioi.vn,0,0,1,2,0,0,0,0,0,1,0,0,0,0,0,0,0
mylust.com,0,0,1,3,0,0,0,0,0,1,0,0,0,0,0,0,0
aljazeera.net,0,0,1,6,0,0,0,0,0,1,0,0,0,0,0,0,0
medium.com,0,0,1,2,0,0,0,0,0,0,0,0,0,0,0,0,0
distractify.com,0,0,1,10,0,0,0,0,0,1,0,0,0,0,0,0,0
interpark.com,0,0,1,2,0,0,0,0,0,1,0,0,0,0,0,0,0
hollywoodlife.com,0,0,1,4,0,0,0,0,0,1,0,0,0,0,0,0,0
seekingalpha.com,0,0,1,3,0,0,0,0,0,1,0,0,0,0,0,0,0
gizmodo.com,0,0,1,1,0,0,0,0,0,1,0,0,0,0,0,0,0
caixa.gov.br,0,0,1,5,0,0,0,0,0,1,0,0,0,0,0,0,0
wikiwiki.jp,0,0,1,1,0,0,0,0,0,1,0,0,0,0,0,0,0
olx.co.id,0,0,1,5,0,0,0,0,0,1,0,0,0,0,0,0,0
irecommend.ru,0,0,1,2,0,0,0,0,0,1,0,0,0,0,0,0,0
web.de,0,0,1,3,0,0,0,0,0,1,0,0,0,0,0,0,0
hubpages.com,0,0,1,2,0,0,0,0,0,1,0,0,0,0,0,0,0
medium.com,0,0,1,2,0,0,0,0,0,0,0,0,0,0,0,0,0
www.gov.uk,0,0,1,3,0,0,0,0,0,0,0,0,0,0,0,0,0
distractify.com,0,0,1,10,0,0,0,0,0,1,0,0,0,0,0,0,0
wikiwiki.jp,0,0,1,1,0,0,0,0,0,1,0,0,0,0,0,0,0
mashable.com,0,0,1,6,0,0,0,0,0,1,0,0,0,0,0,0,0
rocketnews24.com,0,0,1,4,0,0,0,0,0,1,0,0,0,0,0,0,0
nypost.com,0,0,1,4,0,0,0,0,0,1,0,0,0,0,0,0,0
allrecipes.com,0,0,1,4,0,0,0,0,0,1,0,0,0,0,0,0,0
persianblog.ir,0,0,1,9,0,0,0,0,0,1,0,0,0,0,0,0,0
extratorrent.cc,0,0,1,3,0,0,0,0,0,1,0,0,0,0,0,0,0
plarium.com,0,0,1,5,0,0,0,0,0,1,0,0,0,0,0,0,0
maybank2u.com.my,0,0,1,4,0,0,0,0,0,1,0,0,0,0,0,0,0
kenh14.vn,0,0,1,2,0,0,0,0,0,1,0,0,0,0,0,0,0
distractify.com,0,0,1,10,0,0,0,0,0,1,0,0,0,0,0,0,0
tobogo.net,0,0,1,2,0,0,0,0,0,1,0,0,0,0,0,0,0
correios.com.br,0,0,1,4,0,0,0,0,0,1,0,0,0,0,0,0,0
askubuntu.com,0,0,1,3,0,0,0,0,0,1,0,0,0,0,0,0,0
kenh14.vn,0,0,1,2,0,0,0,0,0,1,0,0,0,0,0,0,0
olx.co.id,0,0,1,2,0,0,0,0,0,1,0,0,0,0,0,0,0
censor.net.ua,0,0,1,3,0,0,0,0,0,1,0,0,0,0,0,0,0
mediaset.it,0,0,1,5,0,0,0,0,0,1,0,0,0,0,0,0,0
themeforest.net,0,0,1,4,0,0,0,0,0,1,0,0,0,0,0,0,0
kenh14.vn,0,0,1,2,0,0,0,0,0,1,0,0,0,0,0,0,0
diply.com,0,0,1,3,0,0,0,0,0,1,0,0,0,0,0,0,0
grantland.com,0,0,1,2,0,0,0,0,0,1,0,0,0,0,0,0,0
nypost.com,0,0,1,4,0,0,0,0,0,1,0,0,0,0,0,0,0
torcache.net,0,0,1,2,0,0,0,0,0,1,0,0,0,0,0,0,0
atwiki.jp,0,0,1,2,0,0,0,0,0,1,0,0,0,0,0,0,0
fanpage.gr,0,0,1,3,0,0,0,0,0,1,0,0,0,0,0,0,0
depositphotos.com,0,0,1,1,0,0,0,0,0,1,0,0,0,0,0,0,0
extratorrent.cc,0,0,1,3,0,0,0,0,0,1,0,0,0,0,0,0,0
olx.co.id,0,0,1,7,0,0,0,0,0,1,0,0,0,0,0,0,0
plarium.com,0,0,1,5,0,0,0,0,0,1,0,0,0,0,0,0,0
aljazeera.net,0,0,1,6,0,0,0,0,0,1,0,0,0,0,0,0,0
smallseotools.com,0,0,1,2,0,0,0,0,0,1,0,0,0,0,0,0,0
udn.com,0,0,1,4,0,0,0,0,0,1,0,0,0,0,0,0,0
lifehacker.com,0,0,1,2,0,0,0,0,0,1,0,0,0,0,0,0,0
momoshop.com.tw,0,0,1,2,0,0,0,0,0,1,0,0,0,0,0,0,0
depositphotos.com,0,0,1,2,0,0,0,0,0,1,0,0,0,0,0,0,0
jalopnik.com,0,0,1,2,0,0,0,0,0,1,0,0,0,0,0,0,0
web.de,0,0,1,4,0,0,0,0,0,1,0,0,0,0,0,0,0
torcache.net,0,0,1,2,0,0,0,0,0,1,0,0,0,0,0,0,0
tobogo.net,0,0,1,2,0,0,0,0,0,1,0,0,0,0,0,0,0
500px.com,0,0,1,3,0,0,0,0,0,1,0,0,0,0,0,0,0
grantland.com,0,0,1,2,0,0,0,0,0,1,0,0,0,0,0,0,0
hollywoodlife.com,0,0,1,4,0,0,0,0,0,1,0,0,0,0,0,0,0
kienthuc.net.vn,0,0,1,2,0,0,0,0,0,1,0,0,0,0,0,0,0
kienthuc.net.vn,0,0,1,2,0,0,0,0,0,1,0,0,0,0,0,0,0
codecanyon.net,0,0,1,4,0,0,0,0,0,1,0,0,0,0,0,0,0
perezhilton.com,0,0,1,1,0,0,0,0,0,1,0,0,0,0,0,0,0
torcache.net,0,0,1,2,0,0,0,0,0,1,0,0,0,0,0,0,0
seasonvar.ru,0,0,1,1,0,0,0,0,0,1,0,0,0,0,0,0,0
bdnews24.com,0,0,1,5,0,0,0,0,0,1,0,0,0,0,0,0,0
hubpages.com,0,0,1,4,0,0,0,0,0,1,0,0,0,0,0,0,0
pornsharing.com,0,0,1,1,0,0,0,0,0,1,0,0,0,0,0,0,0
indianexpress.com,0,0,1,3,0,0,0,0,0,1,0,0,0,0,0,0,0
noticias.uol.com.br,0,0,1,5,0,0,0,0,0,1,0,0,0,0,0,0,0
nypost.com,0,0,1,4,0,0,0,0,0,1,0,0,0,0,0,0,0
depositphotos.com,0,0,1,1,0,0,0,0,0,1,0,0,0,0,0,0,0
medium.com,0,0,1,2,0,0,0,0,0,0,0,0,0,0,0,0,0
allegro.pl,0,0,1,1,0,0,0,0,0,1,0,0,0,0,0,0,0
medium.com,0,0,1,2,0,0,0,0,0,0,0,0,0,0,0,0,0
twitter.com,0,0,1,1,0,0,0,0,0,0,0,0,0,0,0,0,0
twitter.com,0,0,1,1,0,0,0,0,0,0,0,0,0,0,0,0,0
dropbooks.tv,0,0,1,3,0,0,0,0,0,1,0,0,0,0,0,0,0
kienthuc.net.vn,0,0,1,2,0,0,0,0,0,1,0,0,0,0,0,0,0
hollywoodlife.com,0,0,1,4,0,0,0,0,0,1,0,0,0,0,0,0,0
babal.net,0,0,1,4,0,0,0,0,0,1,0,0,0,0,0,0,0
torcache.net,0,0,1,2,0,0,0,0,0,1,0,0,0,0,0,0,0
medium.com,0,0,1,2,0,0,0,0,0,0,0,0,0,0,0,0,0
indianexpress.com,0,0,1,4,0,0,0,0,0,1,0,0,0,0,0,0,0
extratorrent.cc,0,0,1,3,0,0,0,0,0,1,0,0,0,0,0,0,0
qz.com,0,0,1,2,0,0,0,0,0,1,0,0,0,0,0,0,0
espn.go.com,0,0,1,7,0,0,0,0,0,1,0,0,0,0,0,0,0
digg.com,0,0,1,2,0,0,0,0,0,1,0,0,0,0,0,0,0
plarium.com,0,0,1,5,0,0,0,0,0,1,0,0,0,0,0,0,0
distractify.com,0,0,1,10,0,0,0,0,0,1,0,0,0,0,0,0,0
kienthuc.net.vn,0,0,1,2,0,0,0,0,0,1,0,0,0,0,0,0,0
iconosquare.com,0,0,1,3,0,0,0,0,0,1,0,0,0,0,0,0,0
irecommend.ru,0,0,1,2,0,0,0,0,0,1,0,0,0,0,0,0,0
olx.ro,0,0,1,7,0,0,0,0,0,1,0,0,0,0,0,0,0
mirtesen.ru,0,0,1,1,0,0,0,0,0,1,0,0,0,0,0,0,0
medium.com,0,0,1,2,0,0,0,0,0,0,0,0,0,0,0,0,0
censor.net.ua,0,0,1,14,0,0,0,0,0,1,0,0,0,0,0,0,0
ap.org,0,0,1,4,0,0,0,0,0,1,0,0,0,0,0,0,0
motthegioi.vn,0,0,1,2,0,0,0,0,0,1,0,0,0,0,0,0,0
cheezburger.com,0,0,1,2,0,0,0,0,0,1,0,0,0,0,0,0,0
olx.ua,0,0,1,3,0,0,0,0,0,1,0,0,0,0,0,0,0
prezi.com,0,0,1,4,0,0,0,0,0,1,0,0,0,0,0,0,0
abcnews.go.com,0,0,1,3,0,0,0,0,0,1,0,0,0,0,0,0,0
diply.com,0,0,1,4,0,0,0,0,0,1,0,0,0,0,0,0,0
popupads.ir,0,0,1,1,0,0,0,0,0,1,0,0,0,0,0,0,0
kickass.to,0,0,1,3,0,0,0,0,0,1,0,0,0,0,0,0,0
olx.ua,0,0,1,3,0,0,0,0,0,1,0,0,0,0,0,0,0
indianexpress.com,0,0,1,4,0,0,0,0,0,1,0,0,0,0,0,0,0
katproxy.com,0,0,1,1,0,0,0,0,0,1,0,0,0,0,0,0,0
maybank2u.com.my,0,0,1,4,0,0,0,0,0,1,0,0,0,0,0,0,0
indianexpress.com,0,0,1,4,0,0,0,0,0,1,0,0,0,0,0,0,0
babal.net,0,0,1,4,0,0,0,0,0,1,0,0,0,0,0,0,0
udn.com,0,0,1,4,0,0,0,0,0,1,0,0,0,0,0,0,0
interpark.com,0,0,1,2,0,0,0,0,0,1,0,0,0,0,0,0,0
olx.ro,0,0,1,5,0,0,0,0,0,1,0,0,0,0,0,0,0
distractify.com,0,0,1,10,0,0,0,0,0,1,0,0,0,0,0,0,0
thenextweb.com,0,0,1,6,0,0,0,0,0,1,0,0,0,0,0,0,0
katproxy.com,0,0,1,1,0,0,0,0,0,1,0,0,0,0,0,0,0
ahrefs.com,0,0,1,8,0,0,0,0,0,1,0,0,0,0,0,0,0
censor.net.ua,0,0,1,14,0,0,0,0,0,1,0,0,0,0,0,0,0
ecnavi.jp,0,0,1,1,1,0,0,0,0,1,0,0,0,0,0,0,0
steamcommunity.com,0,0,1,7,1,0,0,0,0,1,0,0,0,0,0,0,0
distractify.com,0,0,1,10,0,0,0,0,0,1,0,0,0,0,0,0,0
serverfault.com,0,0,1,3,0,0,0,0,0,1,0,0,0,0,0,0,0
fortune.com,0,0,1,4,0,0,0,0,0,1,0,0,0,0,0,0,0
sourceforge.net,0,0,1,3,0,0,0,0,0,1,0,0,0,0,0,0,0
1337x.to,0,0,1,3,0,0,0,0,0,1,0,0,0,0,0,0,0
thenextweb.com,0,0,1,6,0,0,0,0,0,1,0,0,0,0,0,0,0
gawker.com,0,0,1,2,0,0,0,0,0,1,0,0,0,0,0,0,0
nesn.com,0,0,1,3,0,0,0,0,0,1,0,0,0,0,0,0,0
thechive.com,0,0,1,4,0,0,0,0,0,1,0,0,0,0,0,0,0
torcache.net,0,0,1,2,0,0,0,0,0,1,0,0,0,0,0,0,0
tunein.com,0,0,1,5,0,0,0,0,0,1,0,0,0,0,0,0,0
nesn.com,0,0,1,3,0,0,0,0,0,1,0,0,0,0,0,0,0
persianblog.ir,0,0,1,4,0,0,0,0,0,1,0,0,0,0,0,0,0
mediaset.it,0,0,1,5,0,0,0,0,0,1,0,0,0,0,0,0,0
web.de,0,0,1,5,0,0,0,0,0,1,0,0,0,0,0,0,0
interpark.com,0,0,1,2,0,0,0,0,0,1,0,0,0,0,0,0,0
cheezburger.com,0,0,1,2,0,0,0,0,0,1,0,0,0,0,0,0,0
serverfault.com,0,0,1,3,0,0,0,0,0,1,0,0,0,0,0,0,0
distractify.com,0,0,1,10,0,0,0,0,0,1,0,0,0,0,0,0,0
steamcommunity.com,0,0,1,7,1,0,0,0,0,1,0,0,0,0,0,0,0
hubpages.com,0,0,1,2,0,0,0,0,0,1,0,0,0,0,0,0,0
ecnavi.jp,0,0,1,1,1,0,0,0,0,1,0,0,0,0,0,0,0
babal.net,0,0,1,4,0,0,0,0,0,1,0,0,0,0,0,0,0
otomoto.pl,0,0,1,2,0,0,0,0,0,1,0,0,0,0,0,0,0
nypost.com,0,0,1,4,0,0,0,0,0,1,0,0,0,0,0,0,0
codecanyon.net,0,0,1,1,0,0,0,0,0,1,0,0,0,0,0,0,0
olx.ro,0,0,1,6,0,0,0,0,0,1,0,0,0,0,0,0,0
1337x.to,0,0,1,3,0,0,0,0,0,1,0,0,0,0,0,0,0
jezebel.com,0,0,1,2,0,0,0,0,0,1,0,0,0,0,0,0,0
hollywoodlife.com,0,0,1,4,0,0,0,0,0,1,0,0,0,0,0,0,0
otomoto.pl,0,0,1,2,0,0,0,0,0,1,0,0,0,0,0,0,0
censor.net.ua,0,0,1,14,0,0,0,0,0,1,0,0,0,0,0,0,0
bestblackhatforum.com,0,0,1,1,0,0,0,0,0,1,0,0,0,0,0,0,0
europa.eu,0,0,1,6,0,0,0,0,0,0,0,0,0,0,0,0,0
tunein.com,0,0,1,5,0,0,0,0,0,1,0,0,0,0,0,0,0
kenh14.vn,0,0,1,2,0,0,0,0,0,1,0,0,0,0,0,0,0
thenextweb.com,0,0,1,6,0,0,0,0,0,1,0,0,0,0,0,0,0
kenh14.vn,0,0,1,2,0,0,0,0,0,1,0,0,0,0,0,0,0
dropbooks.tv,0,0,1,5,0,0,0,0,0,1,0,0,0,0,0,0,0
ringring.vn,0,0,1,1,0,0,0,0,0,1,0,0,0,0,0,0,0
torcache.net,0,0,1,2,0,0,0,0,0,1,0,0,0,0,0,0,0
extratorrent.cc,0,0,1,3,0,0,0,0,0,1,0,0,0,0,0,0,0
www.gov.uk,0,0,1,3,0,0,0,0,0,0,0,0,0,0,0,0,0
icicibank.com,0,0,1,5,0,0,0,0,0,1,0,0,0,0,0,0,0
torrentdn.com,0,0,1,2,0,0,0,0,0,1,0,0,0,0,0,0,0
ap.org,0,0,1,4,0,0,0,0,0,1,0,0,0,0,0,0,0
nypost.com,0,0,1,4,0,0,0,0,0,1,0,0,0,0,0,0,0
twitter.com,0,0,1,1,0,0,0,0,0,0,0,0,0,0,0,0,0
torcache.net,0,0,1,2,0,0,0,0,0,1,0,0,0,0,0,0,0
nesn.com,0,0,1,3,0,0,0,0,0,1,0,0,0,0,0,0,0
torcache.net,0,0,1,2,0,0,0,0,0,1,0,0,0,0,0,0,0
mashable.com,0,0,1,6,0,0,0,0,0,1,0,0,0,0,0,0,0
distractify.com,0,0,1,10,0,0,0,0,0,1,0,0,0,0,0,0,0
babal.net,0,0,1,4,0,0,0,0,0,1,0,0,0,0,0,0,0
bdnews24.com,0,0,1,5,0,0,0,0,0,1,0,0,0,0,0,0,0
superuser.com,0,0,1,3,0,0,0,0,0,1,0,0,0,0,0,0,0
europa.eu,0,0,1,6,0,0,0,0,0,0,0,0,0,0,0,0,0
metro.co.uk,0,0,1,4,0,0,0,0,0,1,0,0,0,0,0,0,0
torcache.net,0,0,1,2,0,0,0,0,0,1,0,0,0,0,0,0,0
myspace.com,0,0,1,5,0,0,0,0,0,1,0,0,0,0,0,0,0
smallseotools.com,0,0,1,2,0,0,0,0,0,1,0,0,0,0,0,0,0
extratorrent.cc,0,0,1,3,0,0,0,0,0,1,0,0,0,0,0,0,0
momoshop.com.tw,0,0,1,2,0,0,0,0,0,1,0,0,0,0,0,0,0
tiu.ru,0,0,1,1,0,0,0,0,0,1,0,0,0,0,0,0,0
interpark.com,0,0,1,2,0,0,0,0,0,1,0,0,0,0,0,0,0
mic.com,0,0,1,3,0,0,0,0,0,1,0,0,0,0,0,0,0
techcrunch.com,0,0,1,4,0,0,0,0,0,1,0,0,0,0,0,0,0
web.de,0,0,1,4,0,0,0,0,0,1,0,0,0,0,0,0,0
themeforest.net,0,0,1,4,0,0,0,0,0,1,0,0,0,0,0,0,0
torcache.net,0,0,1,2,0,0,0,0,0,1,0,0,0,0,0,0,0
babal.net,0,0,1,4,0,0,0,0,0,1,0,0,0,0,0,0,0
torcache.net,0,0,1,2,0,0,0,0,0,1,0,0,0,0,0,0,0
web.de,0,0,1,5,0,0,0,0,0,1,0,0,0,0,0,0,0
mic.com,0,0,1,3,0,0,0,0,0,1,0,0,0,0,0,0,0
privatbank.ua,0,0,1,5,0,0,0,0,0,1,0,0,0,0,0,0,0
medium.com,0,0,1,2,0,0,0,0,0,0,0,0,0,0,0,0,0
atwiki.jp,0,0,1,3,0,0,0,0,0,1,0,0,0,0,0,0,0
distractify.com,0,0,1,10,0,0,0,0,0,1,0,0,0,0,0,0,0
livestream.com,0,0,1,2,0,0,0,0,0,1,0,0,0,0,0,0,0
correios.com.br,0,0,1,6,0,0,0,0,0,1,0,0,0,0,0,0,0
extratorrent.cc,0,0,1,3,0,0,0,0,0,1,0,0,0,0,0,0,0
lifehacker.com,0,0,1,2,0,0,0,0,0,1,0,0,0,0,0,0,0
akhbarelyom.com,0,0,1,5,0,0,0,0,0,1,0,0,0,0,0,0,0
xvideo-jp.com,0,0,1,3,0,0,0,1,0,1,0,0,0,0,0,0,0
skyrock.com,0,0,1,2,0,0,0,0,0,1,0,0,0,0,0,0,0
babal.net,0,0,1,3,0,0,0,0,0,1,0,0,0,0,0,0,0
olx.ro,0,0,1,6,0,0,0,0,0,1,0,0,0,0,0,0,0
espn.go.com,0,0,1,7,0,0,0,0,0,1,0,0,0,0,0,0,0
xhamster.com,0,0,1,3,0,0,0,0,0,1,0,0,0,0,0,0,0
nypost.com,0,0,1,4,0,0,0,0,0,1,0,0,0,0,0,0,0
fanpage.gr,0,0,1,3,0,0,0,0,0,1,0,0,0,0,0,0,0
otomoto.pl,0,0,1,4,0,0,0,0,0,1,0,0,0,0,0,0,0
wikiwiki.jp,0,0,1,1,0,0,0,0,0,1,0,0,0,0,0,0,0
cheezburger.com,0,0,1,2,0,0,0,0,0,1,0,0,0,0,0,0,0
1337x.to,0,0,1,3,0,0,0,0,0,1,0,0,0,0,0,0,0
metro.co.uk,0,0,1,4,0,0,0,0,0,1,0,0,0,0,0,0,0
dantri.com.vn,0,0,1,2,0,0,0,0,0,1,0,0,0,0,0,0,0
extratorrent.cc,0,0,1,3,0,0,0,0,0,1,0,0,0,0,0,0,0
lifehacker.com,0,0,1,2,0,0,0,0,0,1,0,0,0,0,0,0,0
diply.com,0,0,1,4,0,0,0,0,0,1,0,0,0,0,0,0,0
torcache.net,0,0,1,2,0,0,0,0,0,1,0,0,0,0,0,0,0
metro.co.uk,0,0,1,4,0,0,0,0,0,1,0,0,0,0,0,0,0
nguyentandung.org,0,0,1,1,0,0,0,0,0,1,0,0,0,0,0,0,0
twitter.com,0,0,1,1,0,0,0,0,0,0,0,0,0,0,0,0,0
thenextweb.com,0,0,1,6,0,0,0,0,0,1,0,0,0,0,0,0,0
seekingalpha.com,0,0,1,2,0,0,0,0,0,1,0,0,0,0,0,0,0
techcrunch.com,0,0,1,4,0,0,0,0,0,1,0,0,0,0,0,0,0
xhamster.com,0,0,1,3,0,0,0,0,0,1,0,0,0,0,0,0,0
extratorrent.cc,0,0,1,3,0,0,0,0,0,1,0,0,0,0,0,0,0
babal.net,0,0,1,4,0,0,0,0,0,1,0,0,0,0,0,0,0
otomoto.pl,0,0,1,2,0,0,0,0,0,1,0,0,0,0,0,0,0
duckduckgo.com,0,0,1,4,0,0,0,0,0,1,0,0,0,0,0,0,0
elitedaily.com,0,0,1,3,0,0,0,0,0,1,0,0,0,0,0,0,0
plarium.com,0,0,1,5,0,0,0,0,0,1,0,0,0,0,0,0,0
torcache.net,0,0,1,2,0,0,0,0,0,1,0,0,0,0,0,0,0
digg.com,0,0,1,2,0,0,0,0,0,1,0,0,0,0,0,0,0
askubuntu.com,0,0,1,3,0,0,0,0,0,1,0,0,0,0,0,0,0
perezhilton.com,0,0,1,1,0,0,0,0,0,1,0,0,0,0,0,0,0
elcomercio.pe,0,0,1,3,0,0,0,0,0,1,0,0,0,0,0,0,0
fortune.com,0,0,1,4,0,0,0,0,0,1,0,0,0,0,0,0,0
udn.com,0,0,1,4,0,0,0,0,0,1,0,0,0,0,0,0,0
serverfault.com,0,0,1,3,0,0,0,0,0,1,0,0,0,0,0,0,0
dantri.com.vn,0,0,1,2,0,0,0,0,0,1,0,0,0,0,0,0,0
momoshop.com.tw,0,0,1,2,0,0,0,0,0,1,0,0,0,0,0,0,0
udn.com,0,0,1,4,0,0,0,0,0,1,0,0,0,0,0,0,0
medium.com,0,0,1,2,0,0,0,0,0,0,0,0,0,0,0,0,0
tune.pk,0,0,1,3,0,0,0,0,0,1,0,0,0,0,0,0,0
stackoverflow.com,0,0,1,3,0,0,0,0,0,0,0,0,0,0,0,0,0
syosetu.com,0,0,1,3,0,0,0,0,0,1,0,0,0,0,0,0,0
otomoto.pl,0,0,1,2,0,0,0,0,0,1,0,0,0,0,0,0,0
hootsuite.com,0,0,1,3,0,0,0,0,0,1,0,0,0,0,0,0,0
paytm.com,0,0,1,4,0,0,0,0,0,1,0,0,0,0,0,0,0
pornsharing.com,0,0,1,1,0,0,0,0,0,1,0,0,0,0,0,0,0
extratorrent.cc,0,0,1,3,0,0,0,0,0,1,0,0,0,0,0,0,0
faithtap.com,0,0,1,2,0,0,0,0,0,1,0,0,0,0,0,0,0
kenh14.vn,0,0,1,2,0,0,0,0,0,1,0,0,0,0,0,0,0
extratorrent.cc,0,0,1,3,0,0,0,0,0,1,0,0,0,0,0,0,0
torcache.net,0,0,1,2,0,0,0,0,0,1,0,0,0,0,0,0,0
olx.in,0,0,1,2,0,0,0,0,0,1,0,0,0,0,0,0,0
smallseotools.com,0,0,1,2,0,0,0,0,0,1,0,0,0,0,0,0,0
emgn.com,0,0,1,2,0,0,0,0,0,1,0,0,0,0,0,0,0
udn.com,0,0,1,4,0,0,0,0,0,1,0,0,0,0,0,0,0
tobogo.net,0,0,1,2,0,0,0,0,0,1,0,0,0,0,0,0,0
udn.com,0,0,1,4,0,0,0,0,0,1,0,0,0,0,0,0,0
olx.in,0,0,1,3,0,0,0,0,0,1,0,0,0,0,0,0,0
codecanyon.net,0,0,1,1,0,0,0,0,0,1,0,0,0,0,0,0,0
clien.net,0,0,1,3,0,0,0,0,0,1,0,0,0,0,0,0,0
nypost.com,0,0,1,4,0,0,0,0,0,1,0,0,0,0,0,0,0
torrentdn.com,0,0,1,2,0,0,0,0,0,1,0,0,0,0,0,0,0
udn.com,0,0,1,4,0,0,0,0,0,1,0,0,0,0,0,0,0
thenextweb.com,0,0,1,6,0,0,0,0,0,1,0,0,0,0,0,0,0
babal.net,0,0,1,4,0,0,0,0,0,1,0,0,0,0,0,0,0
jezebel.com,0,0,1,3,0,0,0,0,0,1,0,0,0,0,0,0,0
arstechnica.com,0,0,1,4,0,0,0,0,0,1,0,0,0,0,0,0,0
buzzfil.net,0,0,1,4,0,0,0,0,0,1,0,0,0,0,0,0,0
plarium.com,0,0,1,5,0,0,0,0,0,1,0,0,0,0,0,0,0
ap.org,0,0,1,4,0,0,0,0,0,1,0,0,0,0,0,0,0
comicbook.com,0,0,1,5,0,0,0,0,0,1,0,0,0,0,0,0,0
xvideo-jp.com,0,0,1,1,0,0,0,1,0,1,0,0,0,0,0,0,0
fishki.net,0,0,1,2,0,0,0,0,0,1,0,0,0,0,0,0,0
caixa.gov.br,0,0,1,7,0,0,0,0,0,1,0,0,0,0,0,0,0
web.de,0,0,1,5,0,0,0,0,0,1,0,0,0,0,0,0,0
stackoverflow.com,0,0,1,3,0,0,0,0,0,0,0,0,0,0,0,0,0
putlocker.is,0,0,1,1,0,0,0,0,0,1,0,0,0,0,0,0,0
getpocket.com,0,0,1,4,0,0,0,0,0,1,0,0,0,0,0,0,0
graphicriver.net,0,0,1,1,0,0,0,0,0,1,0,0,0,0,0,0,0
olx.co.id,0,0,1,2,0,0,0,0,0,1,0,0,0,0,0,0,0
digg.com,0,0,1,2,0,0,0,0,0,1,0,0,0,0,0,0,0
distractify.com,0,0,1,10,0,0,0,0,0,1,0,0,0,0,0,0,0
plarium.com,0,0,1,5,0,0,0,0,0,1,0,0,0,0,0,0,0
teespring.com,0,0,1,2,0,0,0,0,0,1,0,0,0,0,0,0,0
distractify.com,0,0,1,10,0,0,0,0,0,1,0,0,0,0,0,0,0
mylust.com,0,0,1,3,0,0,0,0,0,1,0,0,0,0,0,0,0
hollywoodlife.com,0,0,1,4,0,0,0,0,0,1,0,0,0,0,0,0,0
udn.com,0,0,1,4,0,0,0,0,0,1,0,0,0,0,0,0,0
hollywoodlife.com,0,0,1,4,0,0,0,0,0,1,0,0,0,0,0,0,0
udn.com,0,0,1,4,0,0,0,0,0,1,0,0,0,0,0,0,0
perezhilton.com,0,0,1,1,0,0,0,0,0,1,0,0,0,0,0,0,0
graphicriver.net,0,0,1,3,0,0,0,0,0,1,0,0,0,0,0,0,0
thenextweb.com,0,0,1,5,0,0,0,0,0,1,0,0,0,0,0,0,0
indianexpress.com,0,0,1,4,0,0,0,0,0,1,0,0,0,0,0,0,0
akhbarelyom.com,0,0,1,5,0,0,0,0,0,1,0,0,0,0,0,0,0
ap.org,0,0,1,4,0,0,0,0,0,1,0,0,0,0,0,0,0
distractify.com,0,0,1,10,0,0,0,0,0,1,0,0,0,0,0,0,0
censor.net.ua,0,0,1,3,0,0,0,0,0,1,0,0,0,0,0,0,0
myspace.com,0,0,1,5,0,0,0,0,0,1,0,0,0,0,0,0,0
superuser.com,0,0,1,3,0,0,0,0,0,1,0,0,0,0,0,0,0
babal.net,0,0,1,4,0,0,0,0,0,1,0,0,0,0,0,0,0
teespring.com,0,0,1,2,0,0,0,0,0,1,0,0,0,0,0,0,0
himado.in,0,0,1,0,0,0,0,0,0,1,0,0,0,0,0,0,0
correios.com.br,0,0,1,4,0,0,0,0,0,1,0,0,0,0,0,0,0
mylust.com,0,0,1,3,0,0,0,0,0,1,0,0,0,0,0,0,0
ifttt.com,0,0,1,2,0,0,0,0,0,1,0,0,0,0,0,0,0
sourceforge.net,0,0,1,3,0,0,0,0,0,1,0,0,0,0,0,0,0
medium.com,0,0,1,2,0,0,0,0,0,0,0,0,0,0,0,0,0
emgn.com,0,0,1,2,0,0,0,0,0,1,0,0,0,0,0,0,0
teespring.com,0,0,1,2,0,0,0,0,0,1,0,0,0,0,0,0,0
olx.ro,0,0,1,7,0,0,0,0,0,1,0,0,0,0,0,0,0
hollywoodlife.com,0,0,1,4,0,0,0,0,0,1,0,0,0,0,0,0,0
babal.net,0,0,1,4,0,0,0,0,0,1,0,0,0,0,0,0,0
tunein.com,0,0,1,5,0,0,0,0,0,1,0,0,0,0,0,0,0
extratorrent.cc,0,0,1,3,0,0,0,0,0,1,0,0,0,0,0,0,0
hollywoodlife.com,0,0,1,2,0,0,0,0,0,1,0,0,0,0,0,0,0
twitter.com,0,0,1,1,0,0,0,0,0,0,0,0,0,0,0,0,0
superuser.com,0,0,1,3,0,0,0,0,0,1,0,0,0,0,0,0,0
themeforest.net,0,0,1,4,0,0,0,0,0,1,0,0,0,0,0,0,0
searchengineland.com,0,0,1,1,0,0,0,0,0,1,0,0,0,0,0,0,0
hollywoodlife.com,0,0,1,4,0,0,0,0,0,1,0,0,0,0,0,0,0
nypost.com,0,0,1,4,0,0,0,0,0,1,0,0,0,0,0,0,0
getpocket.com,0,0,1,1,1,0,0,0,0,1,0,0,0,0,0,0,0
searchengineland.com,0,0,1,1,0,0,0,0,0,1,0,0,0,0,0,0,0
depositphotos.com,0,0,1,2,0,0,0,0,0,1,0,0,0,0,0,0,0
buzzfil.net,0,0,1,3,0,0,0,0,0,1,0,0,0,0,0,0,0
thenextweb.com,0,0,1,6,0,0,0,0,0,1,0,0,0,0,0,0,0
indianexpress.com,0,0,1,4,0,0,0,0,0,1,0,0,0,0,0,0,0
babal.net,0,0,1,4,0,0,0,0,0,1,0,0,0,0,0,0,0
twitter.com,0,0,1,1,0,0,0,0,0,0,0,0,0,0,0,0,0
mashable.com,0,0,1,6,0,0,0,0,0,1,0,0,0,0,0,0,0
distractify.com,0,0,1,10,0,0,0,0,0,1,0,0,0,0,0,0,0
sourceforge.net,0,0,1,3,0,0,0,0,0,1,0,0,0,0,0,0,0
thenextweb.com,0,0,1,7,0,0,0,0,0,1,0,0,0,0,0,0,0
tobogo.net,0,0,1,2,0,0,0,0,0,1,0,0,0,0,0,0,0
olx.ro,0,0,1,7,0,0,0,0,0,1,0,0,0,0,0,0,0
wikimapia.org,0,0,1,3,0,0,0,0,0,1,0,0,0,0,0,0,0
distractify.com,0,0,1,2,0,0,0,0,0,1,0,0,0,0,0,0,0
lifehacker.com,0,0,1,2,0,0,0,0,0,1,0,0,0,0,0,0,0
distractify.com,0,0,1,10,0,0,0,0,0,1,0,0,0,0,0,0,0
extratorrent.cc,0,0,1,3,0,0,0,0,0,1,0,0,0,0,0,0,0
zozo.jp,0,0,1,2,0,0,0,0,0,1,0,0,0,0,0,0,0
extratorrent.cc,0,0,1,3,0,0,0,0,0,1,0,0,0,0,0,0,0
indianexpress.com,0,0,1,4,0,0,0,0,0,1,0,0,0,0,0,0,0
eenadu.net,0,0,1,3,0,0,0,0,0,1,0,0,0,0,0,0,0
olx.ua,0,0,1,2,0,0,0,0,0,1,0,0,0,0,0,0,0
pikabu.ru,0,0,1,3,0,0,0,0,0,1,0,0,0,0,0,0,0
torcache.net,0,0,1,2,0,0,0,0,0,1,0,0,0,0,0,0,0
torrentdn.com,0,0,1,2,0,0,0,0,0,1,0,0,0,0,0,0,0
paytm.com,0,0,1,4,0,0,0,0,0,1,0,0,0,0,0,0,0
emgn.com,0,0,1,2,0,0,0,0,0,1,0,0,0,0,0,0,0
olx.ro,0,0,1,7,0,0,0,0,0,1,0,0,0,0,0,0,0
olx.in,0,0,1,3,0,0,0,0,0,1,0,0,0,0,0,0,0
serverfault.com,0,0,1,3,0,0,0,0,0,1,0,0,0,0,0,0,0
extratorrent.cc,0,0,1,3,0,0,0,0,0,1,0,0,0,0,0,0,0
filehippo.com,0,0,1,4,0,0,0,0,0,1,0,0,0,0,0,0,0
elwatannews.com,0,0,1,2,0,0,0,0,0,1,0,0,0,0,0,0,0
thenextweb.com,0,0,1,6,0,0,0,0,0,1,0,0,0,0,0,0,0
qz.com,0,0,1,2,0,0,0,0,0,1,0,0,0,0,0,0,0
tune.pk,0,0,1,3,0,0,0,0,0,1,0,0,0,0,0,0,0
icicibank.com,0,0,1,3,0,0,0,0,0,1,0,0,0,0,0,0,0
ap.org,0,0,1,4,0,0,0,0,0,1,0,0,0,0,0,0,0
olx.ua,0,0,1,3,0,0,0,0,0,1,0,0,0,0,0,0,0
comicbook.com,0,0,1,4,0,0,0,0,0,1,0,0,0,0,0,0,0
distractify.com,0,0,1,10,0,0,0,0,0,1,0,0,0,0,0,0,0
privatbank.ua,0,0,1,4,0,0,0,0,0,1,0,0,0,0,0,0,0
moviepilot.com,0,0,1,5,0,0,0,0,0,1,0,0,0,0,0,0,0
ap.org,0,0,1,4,0,0,0,0,0,1,0,0,0,0,0,0,0
extratorrent.cc,0,0,1,3,0,0,0,0,0,1,0,0,0,0,0,0,0
mic.com,0,0,1,3,0,0,0,0,0,1,0,0,0,0,0,0,0
grantland.com,0,0,1,1,0,0,0,0,0,1,0,0,0,0,0,0,0
skyrock.com,0,0,1,2,0,0,0,0,0,1,0,0,0,0,0,0,0
kakaku.com,0,0,1,7,0,0,0,0,0,1,0,0,0,0,0,0,0
indianexpress.com,0,0,1,4,0,0,0,0,0,1,0,0,0,0,0,0,0
torcache.net,0,0,1,2,0,0,0,0,0,1,0,0,0,0,0,0,0
thenextweb.com,0,0,1,5,0,0,0,0,0,1,0,0,0,0,0,0,0
paytm.com,0,0,1,2,0,0,0,0,0,1,0,0,0,0,0,0,0
emgn.com,0,0,1,2,0,0,0,0,0,1,0,0,0,0,0,0,0
extratorrent.cc,0,0,1,3,0,0,0,0,0,1,0,0,0,0,0,0,0
serverfault.com,0,0,1,3,0,0,0,0,0,1,0,0,0,0,0,0,0
xvideo-jp.com,0,0,1,1,0,0,0,1,0,1,0,0,0,0,0,0,0
superuser.com,0,0,1,3,0,0,0,0,0,1,0,0,0,0,0,0,0
mic.com,0,0,1,3,0,0,0,0,0,1,0,0,0,0,0,0,0
kenh14.vn,0,0,1,2,0,0,0,0,0,1,0,0,0,0,0,0,0
babal.net,0,0,1,4,0,0,0,0,0,1,0,0,0,0,0,0,0
udn.com,0,0,1,4,0,0,0,0,0,1,0,0,0,0,0,0,0
twitter.com,0,0,1,1,0,0,0,0,0,0,0,0,0,0,0,0,0
patch.com,0,0,1,3,0,0,0,0,0,1,0,0,0,0,0,0,0
babal.net,0,0,1,4,0,0,0,0,0,1,0,0,0,0,0,0,0
kakaku.com,0,0,1,8,0,0,0,0,0,1,0,0,0,0,0,0,0
mic.com,0,0,1,3,0,0,0,0,0,1,0,0,0,0,0,0,0
steamcommunity.com,0,0,1,6,1,0,0,0,0,1,0,0,0,0,0,0,0
kenh14.vn,0,0,1,2,0,0,0,0,0,1,0,0,0,0,0,0,0
plarium.com,0,0,1,5,0,0,0,0,0,1,0,0,0,0,0,0,0
tobogo.net,0,0,1,2,0,0,0,0,0,1,0,0,0,0,0,0,0
olx.co.id,0,0,1,2,0,0,0,0,0,1,0,0,0,0,0,0,0
thechive.com,0,0,1,4,0,0,0,0,0,1,0,0,0,0,0,0,0
katproxy.com,0,0,1,1,0,0,0,0,0,1,0,0,0,0,0,0,0
thenextweb.com,0,0,1,6,0,0,0,0,0,1,0,0,0,0,0,0,0
distractify.com,0,0,1,10,0,0,0,0,0,1,0,0,0,0,0,0,0
udn.com,0,0,1,4,0,0,0,0,0,1,0,0,0,0,0,0,0
bankmellat.ir,0,0,1,1,0,0,0,0,0,1,0,0,0,0,0,0,0
pornsharing.com,0,0,1,1,0,0,0,0,0,1,0,0,0,0,0,0,0
plarium.com,0,0,1,5,0,0,0,0,0,1,0,0,0,0,0,0,0
stackoverflow.com,0,0,1,3,0,0,0,0,0,0,0,0,0,0,0,0,0
nesn.com,0,0,1,3,0,0,0,0,0,1,0,0,0,0,0,0,0
interpark.com,0,0,1,2,0,0,0,0,0,1,0,0,0,0,0,0,0
pornsharing.com,0,0,1,1,0,0,0,0,0,1,0,0,0,0,0,0,0
depositphotos.com,0,0,1,1,0,0,0,0,0,1,0,0,0,0,0,0,0
allegro.pl,0,0,1,1,0,0,0,0,0,1,0,0,0,0,0,0,0
fazenda.gov.br,0,0,1,2,0,0,0,0,0,1,0,0,0,0,0,0,0
espn.go.com,0,0,1,6,0,0,0,0,0,1,0,0,0,0,0,0,0
metro.co.uk,0,0,1,4,0,0,0,0,0,1,0,0,0,0,0,0,0
distractify.com,0,0,1,10,0,0,0,0,0,1,0,0,0,0,0,0,0
kienthuc.net.vn,0,0,1,2,0,0,0,0,0,1,0,0,0,0,0,0,0
searchengineland.com,0,0,1,1,0,0,0,0,0,1,0,0,0,0,0,0,0
torcache.net,0,0,1,2,0,0,0,0,0,1,0,0,0,0,0,0,0
ap.org,0,0,1,4,0,0,0,0,0,1,0,0,0,0,0,0,0
torcache.net,0,0,1,2,0,0,0,0,0,1,0,0,0,0,0,0,0
buzzfil.net,0,0,1,4,0,0,0,0,0,1,0,0,0,0,0,0,0
ap.org,0,0,1,4,0,0,0,0,0,1,0,0,0,0,0,0,0
udn.com,0,0,1,4,0,0,0,0,0,1,0,0,0,0,0,0,0
searchengineland.com,0,0,1,1,0,0,0,0,0,1,0,0,0,0,0,0,0
grantland.com,0,0,1,2,0,0,0,0,0,1,0,0,0,0,0,0,0
grantland.com,0,0,1,2,0,0,0,0,0,1,0,0,0,0,0,0,0
seesaawiki.jp,0,0,1,4,0,0,0,0,0,1,0,0,0,0,0,0,0
interpark.com,0,0,1,2,0,0,0,0,0,1,0,0,0,0,0,0,0
tinnhanh360.net,0,0,1,1,0,0,0,0,0,1,0,0,0,0,0,0,0
jezebel.com,0,0,1,2,0,0,0,0,0,1,0,0,0,0,0,0,0
qz.com,0,0,1,2,0,0,0,0,0,1,0,0,0,0,0,0,0
patch.com,0,0,1,3,0,0,0,0,0,1,0,0,0,0,0,0,0
aljazeera.net,0,0,1,4,0,0,0,0,0,1,0,0,0,0,0,0,0
sfglobe.com,0,0,1,4,0,0,0,0,0,1,0,0,0,0,0,0,0
searchengineland.com,0,0,1,1,0,0,0,0,0,1,0,0,0,0,0,0,0
bdnews24.com,0,0,1,5,0,0,0,0,0,1,0,0,0,0,0,0,0
web.de,0,0,1,4,0,0,0,0,0,1,0,0,0,0,0,0,0
smallseotools.com,0,0,1,2,0,0,0,0,0,1,0,0,0,0,0,0,0
kotaku.com,0,0,1,2,0,0,0,0,0,1,0,0,0,0,0,0,0
espn.go.com,0,0,1,6,0,0,0,0,0,1,0,0,0,0,0,0,0
digg.com,0,0,1,2,0,0,0,0,0,1,0,0,0,0,0,0,0
tinnhanh360.net,0,0,1,1,0,0,0,0,0,1,0,0,0,0,0,0,0
yourlust.com,0,0,1,2,0,0,0,0,0,1,0,0,0,0,0,0,0
torcache.net,0,0,1,2,0,0,0,0,0,1,0,0,0,0,0,0,0
xvideo-jp.com,0,0,1,3,0,0,0,1,0,1,0,0,0,0,0,0,0
buzzfil.net,0,0,1,4,0,0,0,0,0,1,0,0,0,0,0,0,0
telegraf.com.ua,0,0,1,3,0,0,0,0,0,1,0,0,0,0,0,0,0
slashdot.org,0,0,1,3,0,0,0,0,0,1,0,0,0,0,0,0,0
distractify.com,0,0,1,10,0,0,0,0,0,1,0,0,0,0,0,0,0
sfglobe.com,0,0,1,4,0,0,0,0,0,1,0,0,0,0,0,0,0
aljazeera.net,0,0,1,6,0,0,0,0,0,1,0,0,0,0,0,0,0
indianexpress.com,0,0,1,4,0,0,0,0,0,1,0,0,0,0,0,0,0
web.tv,0,0,1,8,0,0,0,0,0,1,0,0,0,0,0,0,0
aljazeera.net,0,0,1,6,0,0,0,0,0,1,0,0,0,0,0,0,0
olx.ua,0,0,1,4,0,0,0,0,0,1,0,0,0,0,0,0,0
hootsuite.com,0,0,1,3,0,0,0,0,0,1,0,0,0,0,0,0,0
xhamster.com,0,0,1,3,0,0,0,0,0,1,0,0,0,0,0,0,0
bigcinema.tv,0,0,1,2,0,0,0,0,0,1,0,0,0,0,0,0,0
interpark.com,0,0,1,2,0,0,0,0,0,1,0,0,0,0,0,0,0
extratorrent.cc,0,0,1,3,0,0,0,0,0,1,0,0,0,0,0,0,0
plarium.com,0,0,1,5,0,0,0,0,0,1,0,0,0,0,0,0,0
allrecipes.com,0,0,1,3,0,0,0,0,0,1,0,0,0,0,0,0,0
buzzfil.net,0,0,1,4,0,0,0,0,0,1,0,0,0,0,0,0,0
torcache.net,0,0,1,2,0,0,0,0,0,1,0,0,0,0,0,0,0
indianexpress.com,0,0,1,4,0,0,0,0,0,1,0,0,0,0,0,0,0
emgn.com,0,0,1,2,0,0,0,0,0,1,0,0,0,0,0,0,0
steamcommunity.com,0,0,1,8,1,0,0,0,0,1,0,0,0,0,0,0,0
babal.net,0,0,1,4,0,0,0,0,0,1,0,0,0,0,0,0,0
mic.com,0,0,1,3,0,0,0,0,0,1,0,0,0,0,0,0,0
tunein.com,0,0,1,5,0,0,0,0,0,1,0,0,0,0,0,0,0
pornsharing.com,0,0,1,1,0,0,0,0,0,1,0,0,0,0,0,0,0
xvideo-jp.com,0,0,1,4,0,0,0,1,0,1,0,0,0,0,0,0,0
torcache.net,0,0,1,2,0,0,0,0,0,1,0,0,0,0,0,0,0
hubpages.com,0,0,1,2,0,0,0,0,0,1,0,0,0,0,0,0,0
distractify.com,0,0,1,10,0,0,0,0,0,1,0,0,0,0,0,0,0
askubuntu.com,0,0,1,3,0,0,0,0,0,1,0,0,0,0,0,0,0
thenextweb.com,0,0,1,6,0,0,0,0,0,1,0,0,0,0,0,0,0
ck101.com,0,0,1,1,0,0,0,0,0,1,0,0,0,0,0,0,0
serverfault.com,0,0,1,3,0,0,0,0,0,1,0,0,0,0,0,0,0
censor.net.ua,0,0,1,3,0,0,0,0,0,1,0,0,0,0,0,0,0
genius.com,0,0,1,3,0,0,0,0,0,1,0,0,0,0,0,0,0
ringring.vn,0,0,1,1,0,0,0,0,0,1,0,0,0,0,0,0,0
olx.co.id,0,0,1,7,0,0,0,0,0,1,0,0,0,0,0,0,0
eenadu.net,0,0,1,3,0,0,0,0,0,1,0,0,0,0,0,0,0
nesn.com,0,0,1,3,0,0,0,0,0,1,0,0,0,0,0,0,0
skyrock.com,0,0,1,2,0,0,0,0,0,1,0,0,0,0,0,0,0
buzzfil.net,0,0,1,3,0,0,0,0,0,1,0,0,0,0,0,0,0
olx.in,0,0,1,3,0,0,0,0,0,1,0,0,0,0,0,0,0
torcache.net,0,0,1,2,0,0,0,0,0,1,0,0,0,0,0,0,0
thenextweb.com,0,0,1,6,0,0,0,0,0,1,0,0,0,0,0,0,0
kenh14.vn,0,0,1,2,0,0,0,0,0,1,0,0,0,0,0,0,0
putlocker.is,0,0,1,1,0,0,0,0,0,1,0,0,0,0,0,0,0
motthegioi.vn,0,0,1,3,0,0,0,0,0,1,0,0,0,0,0,0,0
io9.com,0,0,1,2,0,0,0,0,0,1,0,0,0,0,0,0,0
udn.com,0,0,1,4,0,0,0,0,0,1,0,0,0,0,0,0,0
olx.ro,0,0,1,6,0,0,0,0,0,1,0,0,0,0,0,0,0
perezhilton.com,0,0,1,1,0,0,0,0,0,1,0,0,0,0,0,0,0
olx.ua,0,0,1,3,0,0,0,0,0,1,0,0,0,0,0,0,0
sourceforge.net,0,0,1,3,0,0,0,0,0,1,0,0,0,0,0,0,0
distractify.com,0,0,1,10,0,0,0,0,0,1,0,0,0,0,0,0,0
patch.com,0,0,1,3,0,0,0,0,0,1,0,0,0,0,0,0,0
kenh14.vn,0,0,1,2,0,0,0,0,0,1,0,0,0,0,0,0,0
pelis24.com,0,0,1,2,0,0,0,0,0,1,0,0,0,0,0,0,0
1337x.to,0,0,1,3,0,0,0,0,0,1,0,0,0,0,0,0,0
torcache.net,0,0,1,2,0,0,0,0,0,1,0,0,0,0,0,0,0
zozo.jp,0,0,1,2,0,0,0,0,0,1,0,0,0,0,0,0,0
torcache.net,0,0,1,2,0,0,0,0,0,1,0,0,0,0,0,0,0
thenextweb.com,0,0,1,5,0,0,0,0,0,1,0,0,0,0,0,0,0
medium.com,0,0,1,2,0,0,0,0,0,0,0,0,0,0,0,0,0
dropbooks.tv,0,0,1,5,0,0,0,0,0,1,0,0,0,0,0,0,0
web.de,0,0,1,5,0,0,0,0,0,1,0,0,0,0,0,0,0
mic.com,0,0,1,3,0,0,0,0,0,1,0,0,0,0,0,0,0
atwiki.jp,0,0,1,2,0,0,0,0,0,1,0,0,0,0,0,0,0
kickass.to,0,0,1,1,0,0,0,0,0,1,0,0,0,0,0,0,0
interpark.com,0,0,1,2,0,0,0,0,0,1,0,0,0,0,0,0,0
distractify.com,0,0,1,10,0,0,0,0,0,1,0,0,0,0,0,0,0
sourceforge.net,0,0,1,3,0,0,0,0,0,1,0,0,0,0,0,0,0
jezebel.com,0,0,1,3,0,0,0,0,0,1,0,0,0,0,0,0,0
europa.eu,0,0,1,6,0,0,0,0,0,0,0,0,0,0,0,0,0
distractify.com,0,0,1,2,0,0,0,0,0,1,0,0,0,0,0,0,0
comicbook.com,0,0,1,5,0,0,0,0,0,1,0,0,0,0,0,0,0
espn.go.com,0,0,1,6,0,0,0,0,0,1,0,0,0,0,0,0,0
distractify.com,0,0,1,10,0,0,0,0,0,1,0,0,0,0,0,0,0
indianexpress.com,0,0,1,4,0,0,0,0,0,1,0,0,0,0,0,0,0
tinnhanh360.net,0,0,1,1,0,0,0,0,0,1,0,0,0,0,0,0,0
xossip.com,0,0,1,1,0,0,0,0,0,1,0,0,0,0,0,0,0
web.de,0,0,1,5,0,0,0,0,0,1,0,0,0,0,0,0,0
web.de,0,0,1,6,0,0,0,0,0,1,0,0,0,0,0,0,0
kienthuc.net.vn,0,0,1,2,0,0,0,0,0,1,0,0,0,0,0,0,0
correios.com.br,0,0,1,4,0,0,0,0,0,1,0,0,0,0,0,0,0
noticias.uol.com.br,0,0,1,5,0,0,0,0,0,1,0,0,0,0,0,0,0
cheezburger.com,0,0,1,2,0,0,0,0,0,1,0,0,0,0,0,0,0
stackoverflow.com,0,0,1,3,0,0,0,0,0,0,0,0,0,0,0,0,0
otomoto.pl,0,0,1,2,0,0,0,0,0,1,0,0,0,0,0,0,0
thechive.com,0,0,1,4,0,0,0,0,0,1,0,0,0,0,0,0,0
thenextweb.com,0,0,1,6,0,0,0,0,0,1,0,0,0,0,0,0,0
sberbank.ru,0,0,1,9,0,0,0,0,0,1,0,0,0,0,0,0,0
fortune.com,0,0,1,4,0,0,0,0,0,1,0,0,0,0,0,0,0
otomoto.pl,0,0,1,2,0,0,0,0,0,1,0,0,0,0,0,0,0
torcache.net,0,0,1,2,0,0,0,0,0,1,0,0,0,0,0,0,0
extratorrent.cc,0,0,1,3,0,0,0,0,0,1,0,0,0,0,0,0,0
ap.org,0,0,1,4,0,0,0,0,0,1,0,0,0,0,0,0,0
indianexpress.com,0,0,1,3,0,0,0,0,0,1,0,0,0,0,0,0,0
fanpage.gr,0,0,1,2,0,0,0,0,0,1,0,0,0,0,0,0,0
olx.in,0,0,1,1,0,0,0,0,0,1,0,0,0,0,0,0,0
motthegioi.vn,0,0,1,2,0,0,0,0,0,1,0,0,0,0,0,0,0
babal.net,0,0,1,4,0,0,0,0,0,1,0,0,0,0,0,0,0
abc.go.com,0,0,1,4,0,0,0,0,0,1,0,0,0,0,0,0,0
persianblog.ir,0,0,1,3,0,0,0,0,0,1,0,0,0,0,0,0,0
olx.co.id,0,0,1,2,0,0,0,0,0,1,0,0,0,0,0,0,0
atwiki.jp,0,0,1,2,0,0,0,0,0,1,0,0,0,0,0,0,0
grantland.com,0,0,1,2,0,0,0,0,0,1,0,0,0,0,0,0,0
techcrunch.com,0,0,1,3,0,0,0,0,0,1,0,0,0,0,0,0,0
kienthuc.net.vn,0,0,1,2,0,0,0,0,0,1,0,0,0,0,0,0,0
motthegioi.vn,0,0,1,2,0,0,0,0,0,1,0,0,0,0,0,0,0
twitter.com,0,0,1,1,0,0,0,0,0,0,0,0,0,0,0,0,0
tune.pk,0,0,1,3,0,0,0,0,0,1,0,0,0,0,0,0,0
io9.com,0,0,1,2,0,0,0,0,0,1,0,0,0,0,0,0,0
web.de,0,0,1,4,0,0,0,0,0,1,0,0,0,0,0,0,0
codecanyon.net,0,0,1,4,0,0,0,0,0,1,0,0,0,0,0,0,0
tobogo.net,0,0,1,2,0,0,0,0,0,1,0,0,0,0,0,0,0
metro.co.uk,0,0,1,4,0,0,0,0,0,1,0,0,0,0,0,0,0
mic.com,0,0,1,3,0,0,0,0,0,1,0,0,0,0,0,0,0
plarium.com,0,0,1,5,0,0,0,0,0,1,0,0,0,0,0,0,0
1337x.to,0,0,1,3,0,0,0,0,0,1,0,0,0,0,0,0,0
maybank2u.com.my,0,0,1,4,0,0,0,0,0,1,0,0,0,0,0,0,0
thenextweb.com,0,0,1,5,0,0,0,0,0,1,0,0,0,0,0,0,0
extratorrent.cc,0,0,1,3,0,0,0,0,0,1,0,0,0,0,0,0,0
twitter.com,0,0,1,1,0,0,0,0,0,0,0,0,0,0,0,0,0
1337x.to,0,0,1,3,0,0,0,0,0,1,0,0,0,0,0,0,0
bigcinema.tv,0,0,1,2,0,0,0,0,0,1,0,0,0,0,0,0,0
prezi.com,0,0,1,4,0,0,0,0,0,1,0,0,0,0,0,0,0
censor.net.ua,0,0,1,3,0,0,0,0,0,1,0,0,0,0,0,0,0
kickass.to,0,0,1,1,0,0,0,0,0,1,0,0,0,0,0,0,0
tunein.com,0,0,1,5,0,0,0,0,0,1,0,0,0,0,0,0,0
extratorrent.cc,0,0,1,3,0,0,0,0,0,1,0,0,0,0,0,0,0
otomoto.pl,0,0,1,3,0,0,0,0,0,1,0,0,0,0,0,0,0
babal.net,0,0,1,4,0,0,0,0,0,1,0,0,0,0,0,0,0
bleacherreport.com,0,0,1,2,0,0,0,0,0,1,0,0,0,0,0,0,0
kotaku.com,0,0,1,1,0,0,0,0,0,1,0,0,0,0,0,0,0
giphy.com,0,0,1,2,1,0,0,0,0,1,0,0,0,0,0,0,0
archive.org,0,0,1,1,0,0,0,0,0,1,0,0,0,0,0,0,0
themeforest.net,0,0,1,1,0,0,0,0,0,1,0,0,0,0,0,0,0
digg.com,0,0,1,2,0,0,0,0,0,1,0,0,0,0,0,0,0
thenextweb.com,0,0,1,6,0,0,0,0,0,1,0,0,0,0,0,0,0
pikabu.ru,0,0,1,2,0,0,0,0,0,1,0,0,0,0,0,0,0
extratorrent.cc,0,0,1,3,0,0,0,0,0,1,0,0,0,0,0,0,0
pitchfork.com,0,0,1,3,0,0,0,0,0,1,0,0,0,0,0,0,0
onedio.com,0,0,1,2,0,0,0,0,0,1,0,0,0,0,0,0,0
gizmodo.com,0,0,1,2,0,0,0,0,0,1,0,0,0,0,0,0,0
deadspin.com,0,0,1,3,0,0,0,0,0,1,0,0,0,0,0,0,0
olx.ro,0,0,1,7,0,0,0,0,0,1,0,0,0,0,0,0,0
thenextweb.com,0,0,1,7,0,0,0,0,0,1,0,0,0,0,0,0,0
mic.com,0,0,1,3,0,0,0,0,0,1,0,0,0,0,0,0,0
codecanyon.net,0,0,1,4,0,0,0,0,0,1,0,0,0,0,0,0,0
olx.in,0,0,1,3,0,0,0,0,0,1,0,0,0,0,0,0,0
udn.com,0,0,1,4,0,0,0,0,0,1,0,0,0,0,0,0,0
indianexpress.com,0,0,1,4,0,0,0,0,0,1,0,0,0,0,0,0,0
genius.com,0,0,1,3,0,0,0,0,0,1,0,0,0,0,0,0,0
maybank2u.com.my,0,0,1,4,0,0,0,0,0,1,0,0,0,0,0,0,0
ringring.vn,0,0,1,1,0,0,0,0,0,1,0,0,0,0,0,0,0
twitter.com,0,0,1,1,0,0,0,0,0,0,0,0,0,0,0,0,0
tinnhanh360.net,0,0,1,1,0,0,0,0,0,1,0,0,0,0,0,0,0
pornsharing.com,0,0,1,1,0,0,0,0,0,1,0,0,0,0,0,0,0
thechive.com,0,0,1,4,0,0,0,0,0,1,0,0,0,0,0,0,0
extratorrent.cc,0,0,1,3,0,0,0,0,0,1,0,0,0,0,0,0,0
extratorrent.cc,0,0,1,3,0,0,0,0,0,1,0,0,0,0,0,0,0
kakaku.com,0,0,1,6,0,0,0,0,0,1,0,0,0,0,0,0,0
megogo.net,0,0,1,3,0,0,0,0,0,1,0,0,0,0,0,0,0
bleacherreport.com,0,0,1,2,0,0,0,0,0,1,0,0,0,0,0,0,0
foursquare.com,0,0,1,3,0,0,0,0,0,1,0,0,0,0,0,0,0
twitter.com,0,0,1,1,0,0,0,0,0,0,0,0,0,0,0,0,0
steamcommunity.com,0,0,1,6,1,0,0,0,0,1,0,0,0,0,0,0,0
web.de,0,0,1,5,0,0,0,0,0,1,0,0,0,0,0,0,0
olx.ua,0,0,1,4,0,0,0,0,0,1,0,0,0,0,0,0,0
correios.com.br,0,0,1,6,0,0,0,0,0,1,0,0,0,0,0,0,0
bdnews24.com,0,0,1,5,0,0,0,0,0,1,0,0,0,0,0,0,0
superuser.com,0,0,1,3,0,0,0,0,0,1,0,0,0,0,0,0,0
censor.net.ua,0,0,1,3,0,0,0,0,0,1,0,0,0,0,0,0,0
babal.net,0,0,1,4,0,0,0,0,0,1,0,0,0,0,0,0,0
extratorrent.cc,0,0,1,3,0,0,0,0,0,1,0,0,0,0,0,0,0
olx.ua,0,0,1,3,0,0,0,0,0,1,0,0,0,0,0,0,0
correios.com.br,0,0,1,5,0,0,0,0,0,1,0,0,0,0,0,0,0
askubuntu.com,0,0,1,3,0,0,0,0,0,1,0,0,0,0,0,0,0
nguyentandung.org,0,0,1,1,0,0,0,0,0,1,0,0,0,0,0,0,0
olx.ro,0,0,1,7,0,0,0,0,0,1,0,0,0,0,0,0,0
serverfault.com,0,0,1,3,0,0,0,0,0,1,0,0,0,0,0,0,0
yourlust.com,0,0,1,2,0,0,0,0,0,1,0,0,0,0,0,0,0
allegro.pl,0,0,1,2,0,0,0,0,0,1,0,0,0,0,0,0,0
ecnavi.jp,0,0,1,1,1,0,0,0,0,1,0,0,0,0,0,0,0
olx.in,0,0,1,3,0,0,0,0,0,1,0,0,0,0,0,0,0
distractify.com,0,0,1,2,0,0,0,0,0,1,0,0,0,0,0,0,0
allegro.pl,0,0,1,2,0,0,0,0,0,1,0,0,0,0,0,0,0
buzzfil.net,0,0,1,3,0,0,0,0,0,1,0,0,0,0,0,0,0
searchengineland.com,0,0,1,1,0,0,0,0,0,1,0,0,0,0,0,0,0
hubpages.com,0,0,1,2,0,0,0,0,0,1,0,0,0,0,0,0,0
censor.net.ua,0,0,1,14,0,0,0,0,0,1,0,0,0,0,0,0,0
xhamster.com,0,0,1,3,0,0,0,0,0,1,0,0,0,0,0,0,0
depositphotos.com,0,0,1,2,0,0,0,0,0,1,0,0,0,0,0,0,0
serverfault.com,0,0,1,3,0,0,0,0,0,1,0,0,0,0,0,0,0
mic.com,0,0,1,3,0,0,0,0,0,1,0,0,0,0,0,0,0
tobogo.net,0,0,1,2,0,0,0,0,0,1,0,0,0,0,0,0,0
seekingalpha.com,0,0,1,2,0,0,0,0,0,1,0,0,0,0,0,0,0
hubpages.com,0,0,1,2,0,0,0,0,0,1,0,0,0,0,0,0,0
askubuntu.com,0,0,1,3,0,0,0,0,0,1,0,0,0,0,0,0,0
torcache.net,0,0,1,2,0,0,0,0,0,1,0,0,0,0,0,0,0
extratorrent.cc,0,0,1,3,0,0,0,0,0,1,0,0,0,0,0,0,0
nguyentandung.org,0,0,1,1,0,0,0,0,0,1,0,0,0,0,0,0,0
distractify.com,0,0,1,10,0,0,0,0,0,1,0,0,0,0,0,0,0
mic.com,0,0,1,3,0,0,0,0,0,1,0,0,0,0,0,0,0
bigcinema.tv,0,0,1,2,0,0,0,0,0,1,0,0,0,0,0,0,0
tobogo.net,0,0,1,2,0,0,0,0,0,1,0,0,0,0,0,0,0
distractify.com,0,0,1,10,0,0,0,0,0,1,0,0,0,0,0,0,0
buzzfil.net,0,0,1,4,0,0,0,0,0,1,0,0,0,0,0,0,0
udn.com,0,0,1,4,0,0,0,0,0,1,0,0,0,0,0,0,0
fazenda.gov.br,0,0,1,5,0,0,0,0,0,1,0,0,0,0,0,0,0
elitedaily.com,0,0,1,4,0,0,0,0,0,1,0,0,0,0,0,0,0
bestblackhatforum.com,0,0,1,1,0,0,0,0,0,1,0,0,0,0,0,0,0
jezebel.com,0,0,1,2,0,0,0,0,0,1,0,0,0,0,0,0,0
elitedaily.com,0,0,1,4,0,0,0,0,0,1,0,0,0,0,0,0,0
bleacherreport.com,0,0,1,2,0,0,0,0,0,1,0,0,0,0,0,0,0
kienthuc.net.vn,0,0,1,2,0,0,0,0,0,1,0,0,0,0,0,0,0
mylust.com,0,0,1,3,0,0,0,0,0,1,0,0,0,0,0,0,0
buzzfil.net,0,0,1,4,0,0,0,0,0,1,0,0,0,0,0,0,0
jezebel.com,0,0,1,2,0,0,0,0,0,1,0,0,0,0,0,0,0
olx.ua,0,0,1,2,0,0,0,0,0,1,0,0,0,0,0,0,0
auto.ru,0,0,1,4,0,0,0,0,0,1,0,0,0,0,0,0,0
interpark.com,0,0,1,2,0,0,0,0,0,1,0,0,0,0,0,0,0
katproxy.com,0,0,1,1,0,0,0,0,0,1,0,0,0,0,0,0,0
himado.in,0,0,1,0,0,0,0,0,0,1,0,0,0,0,0,0,0
uproxx.com,0,0,1,4,0,0,0,0,0,1,0,0,0,0,0,0,0
torcache.net,0,0,1,2,0,0,0,0,0,1,0,0,0,0,0,0,0
torcache.net,0,0,1,2,0,0,0,0,0,1,0,0,0,0,0,0,0
superuser.com,0,0,1,3,0,0,0,0,0,1,0,0,0,0,0,0,0
sourceforge.net,0,0,1,3,0,0,0,0,0,1,0,0,0,0,0,0,0
qz.com,0,0,1,2,0,0,0,0,0,1,0,0,0,0,0,0,0
extratorrent.cc,0,0,1,3,0,0,0,0,0,1,0,0,0,0,0,0,0
kenh14.vn,0,0,1,2,0,0,0,0,0,1,0,0,0,0,0,0,0
superuser.com,0,0,1,3,0,0,0,0,0,1,0,0,0,0,0,0,0
deadspin.com,0,0,1,1,0,0,0,0,0,1,0,0,0,0,0,0,0
olx.ro,0,0,1,7,0,0,0,0,0,1,0,0,0,0,0,0,0
caixa.gov.br,0,0,1,3,0,0,0,0,0,1,0,0,0,0,0,0,0
pornsharing.com,0,0,1,1,0,0,0,0,0,1,0,0,0,0,0,0,0
thenextweb.com,0,0,1,6,0,0,0,0,0,1,0,0,0,0,0,0,0
serverfault.com,0,0,1,3,0,0,0,0,0,1,0,0,0,0,0,0,0
otomoto.pl,0,0,1,4,0,0,0,0,0,1,0,0,0,0,0,0,0
techcrunch.com,0,0,1,4,0,0,0,0,0,1,0,0,0,0,0,0,0
mashable.com,0,0,1,6,0,0,0,0,0,1,0,0,0,0,0,0,0
otomoto.pl,0,0,1,2,0,0,0,0,0,1,0,0,0,0,0,0,0
tobogo.net,0,0,1,2,0,0,0,0,0,1,0,0,0,0,0,0,0
arstechnica.com,0,0,1,4,0,0,0,0,0,1,0,0,0,0,0,0,0
nesn.com,0,0,1,3,0,0,0,0,0,1,0,0,0,0,0,0,0
censor.net.ua,0,0,1,3,0,0,0,0,0,1,0,0,0,0,0,0,0
emgn.com,0,0,1,2,0,0,0,0,0,1,0,0,0,0,0,0,0
bdnews24.com,0,0,1,5,0,0,0,0,0,1,0,0,0,0,0,0,0
torcache.net,0,0,1,2,0,0,0,0,0,1,0,0,0,0,0,0,0
zozo.jp,0,0,1,2,0,0,0,0,0,1,0,0,0,0,0,0,0
thenextweb.com,0,0,1,5,0,0,0,0,0,1,0,0,0,0,0,0,0
codecanyon.net,0,0,1,4,0,0,0,0,0,1,0,0,0,0,0,0,0
thenextweb.com,0,0,1,6,0,0,0,0,0,1,0,0,0,0,0,0,0
otomoto.pl,0,0,1,2,0,0,0,0,0,1,0,0,0,0,0,0,0
sourceforge.net,0,0,1,6,0,0,0,0,0,1,0,0,0,0,0,0,0
themeforest.net,0,0,1,4,0,0,0,0,0,1,0,0,0,0,0,0,0
momoshop.com.tw,0,0,1,2,0,0,0,0,0,1,0,0,0,0,0,0,0
comicbook.com,0,0,1,4,0,0,0,0,0,1,0,0,0,0,0,0,0
hdfcbank.com,0,0,1,5,0,0,0,0,0,1,0,0,0,0,0,0,0
comicbook.com,0,0,1,3,0,0,0,0,0,1,0,0,0,0,0,0,0
noticias.uol.com.br,0,0,1,6,0,0,0,0,0,1,0,0,0,0,0,0,0
bestblackhatforum.com,0,0,1,1,0,0,0,0,0,1,0,0,0,0,0,0,0
codecanyon.net,0,0,1,4,0,0,0,0,0,1,0,0,0,0,0,0,0
cheezburger.com,0,0,1,2,0,0,0,0,0,1,0,0,0,0,0,0,0
web.tv,0,0,1,8,0,0,0,0,0,1,0,0,0,0,0,0,0
kienthuc.net.vn,0,0,1,2,0,0,0,0,0,1,0,0,0,0,0,0,0
ap.org,0,0,1,4,0,0,0,0,0,1,0,0,0,0,0,0,0
plarium.com,0,0,1,5,0,0,0,0,0,1,0,0,0,0,0,0,0
pelis24.com,0,0,1,2,0,0,0,0,0,1,0,0,0,0,0,0,0
tunein.com,0,0,1,5,0,0,0,0,0,1,0,0,0,0,0,0,0
pornsharing.com,0,0,1,1,0,0,0,0,0,1,0,0,0,0,0,0,0
auto.ru,0,0,1,4,0,0,0,0,0,1,0,0,0,0,0,0,0
torcache.net,0,0,1,2,0,0,0,0,0,1,0,0,0,0,0,0,0
elitedaily.com,0,0,1,4,0,0,0,0,0,1,0,0,0,0,0,0,0
askubuntu.com,0,0,1,3,0,0,0,0,0,1,0,0,0,0,0,0,0
ap.org,0,0,1,4,0,0,0,0,0,1,0,0,0,0,0,0,0
mylust.com,0,0,1,3,0,0,0,0,0,1,0,0,0,0,0,0,0
pikabu.ru,0,0,1,2,0,0,0,0,0,1,0,0,0,0,0,0,0
dantri.com.vn,0,0,1,2,0,0,0,0,0,1,0,0,0,0,0,0,0
medium.com,0,0,1,2,0,0,0,0,0,0,0,0,0,0,0,0,0
emgn.com,0,0,1,2,0,0,0,0,0,1,0,0,0,0,0,0,0
torrentdn.com,0,0,1,2,0,0,0,0,0,1,0,0,0,0,0,0,0
extratorrent.cc,0,0,1,3,0,0,0,0,0,1,0,0,0,0,0,0,0
bdnews24.com,0,0,1,5,0,0,0,0,0,1,0,0,0,0,0,0,0
maybank2u.com.my,0,0,1,4,0,0,0,0,0,1,0,0,0,0,0,0,0
avxhome.se,0,0,1,3,0,0,0,0,0,1,0,0,0,0,0,0,0
thenextweb.com,0,0,1,7,0,0,0,0,0,1,0,0,0,0,0,0,0
syosetu.com,0,0,1,3,0,0,0,0,0,1,0,0,0,0,0,0,0
atwiki.jp,0,0,1,2,0,0,0,0,0,1,0,0,0,0,0,0,0
plarium.com,0,0,1,5,0,0,0,0,0,1,0,0,0,0,0,0,0
mixi.jp,0,0,1,1,1,0,0,0,0,1,0,0,0,0,0,0,0
olx.pl,0,0,1,3,0,0,0,0,0,1,0,0,0,0,0,0,0
torcache.net,0,0,1,2,0,0,0,0,0,1,0,0,0,0,0,0,0
searchengineland.com,0,0,1,1,0,0,0,0,0,1,0,0,0,0,0,0,0
extratorrent.cc,0,0,1,3,0,0,0,0,0,1,0,0,0,0,0,0,0
twitter.com,0,0,1,1,0,0,0,0,0,0,0,0,0,0,0,0,0
tune.pk,0,0,1,3,0,0,0,0,0,1,0,0,0,0,0,0,0
variety.com,0,0,1,8,0,0,0,0,0,1,0,0,0,0,0,0,0
prezi.com,0,0,1,4,0,0,0,0,0,1,0,0,0,0,0,0,0
allegro.pl,0,0,1,2,0,0,0,0,0,1,0,0,0,0,0,0,0
babal.net,0,0,1,4,0,0,0,0,0,1,0,0,0,0,0,0,0
otomoto.pl,0,0,1,4,0,0,0,0,0,1,0,0,0,0,0,0,0
stackoverflow.com,0,0,1,3,0,0,0,0,0,0,0,0,0,0,0,0,0
seasonvar.ru,0,0,1,1,0,0,0,0,0,1,0,0,0,0,0,0,0
thenextweb.com,0,0,1,6,0,0,0,0,0,1,0,0,0,0,0,0,0
kienthuc.net.vn,0,0,1,2,0,0,0,0,0,1,0,0,0,0,0,0,0
sourceforge.net,0,0,1,2,0,0,0,0,0,1,0,0,0,0,0,0,0
kakaku.com,0,0,1,6,0,0,0,0,0,1,0,0,0,0,0,0,0
medium.com,0,0,1,2,0,0,0,0,0,0,0,0,0,0,0,0,0
elitedaily.com,0,0,1,3,0,0,0,0,0,1,0,0,0,0,0,0,0
ringring.vn,0,0,1,1,0,0,0,0,0,1,0,0,0,0,0,0,0
zozo.jp,0,0,1,2,0,0,0,0,0,1,0,0,0,0,0,0,0
ifttt.com,0,0,1,2,0,0,0,0,0,1,0,0,0,0,0,0,0
twitter.com,0,0,1,1,0,0,0,0,0,0,0,0,0,0,0,0,0
olx.ro,0,0,1,6,0,0,0,0,0,1,0,0,0,0,0,0,0
distractify.com,0,0,1,10,0,0,0,0,0,1,0,0,0,0,0,0,0
techcrunch.com,0,0,1,4,0,0,0,0,0,1,0,0,0,0,0,0,0
elitedaily.com,0,0,1,4,0,0,0,0,0,1,0,0,0,0,0,0,0
qz.com,0,0,1,2,0,0,0,0,0,1,0,0,0,0,0,0,0
olx.ua,0,0,1,3,0,0,0,0,0,1,0,0,0,0,0,0,0
plarium.com,0,0,1,5,0,0,0,0,0,1,0,0,0,0,0,0,0
mashable.com,0,0,1,6,0,0,0,0,0,1,0,0,0,0,0,0,0
emgn.com,0,0,1,2,0,0,0,0,0,1,0,0,0,0,0,0,0
udn.com,0,0,1,4,0,0,0,0,0,1,0,0,0,0,0,0,0
udn.com,0,0,1,4,0,0,0,0,0,1,0,0,0,0,0,0,0
pikabu.ru,0,0,1,3,0,0,0,0,0,1,0,0,0,0,0,0,0
torcache.net,0,0,1,2,0,0,0,0,0,1,0,0,0,0,0,0,0
torcache.net,0,0,1,2,0,0,0,0,0,1,0,0,0,0,0,0,0
motthegioi.vn,0,0,1,2,0,0,0,0,0,1,0,0,0,0,0,0,0
web.de,0,0,1,5,0,0,0,0,0,1,0,0,0,0,0,0,0
extratorrent.cc,0,0,1,3,0,0,0,0,0,1,0,0,0,0,0,0,0
olx.in,0,0,1,3,0,0,0,0,0,1,0,0,0,0,0,0,0
censor.net.ua,0,0,1,14,0,0,0,0,0,1,0,0,0,0,0,0,0
ap.org,0,0,1,4,0,0,0,0,0,1,0,0,0,0,0,0,0
torrentdn.com,0,0,1,2,0,0,0,0,0,1,0,0,0,0,0,0,0
stackoverflow.com,0,0,1,3,0,0,0,0,0,0,0,0,0,0,0,0,0
emgn.com,0,0,1,2,0,0,0,0,0,1,0,0,0,0,0,0,0
caixa.gov.br,0,0,1,5,0,0,0,0,0,1,0,0,0,0,0,0,0
distractify.com,0,0,1,10,0,0,0,0,0,1,0,0,0,0,0,0,0
kenh14.vn,0,0,1,2,0,0,0,0,0,1,0,0,0,0,0,0,0
distractify.com,0,0,1,10,0,0,0,0,0,1,0,0,0,0,0,0,0
distractify.com,0,0,1,10,0,0,0,0,0,1,0,0,0,0,0,0,0
jezebel.com,0,0,1,2,0,0,0,0,0,1,0,0,0,0,0,0,0
torcache.net,0,0,1,2,0,0,0,0,0,1,0,0,0,0,0,0,0
metro.co.uk,0,0,1,4,0,0,0,0,0,1,0,0,0,0,0,0,0
hdfcbank.com,0,0,1,5,0,0,0,0,0,1,0,0,0,0,0,0,0
motthegioi.vn,0,0,1,3,0,0,0,0,0,1,0,0,0,0,0,0,0
superuser.com,0,0,1,3,0,0,0,0,0,1,0,0,0,0,0,0,0
distractify.com,0,0,1,10,0,0,0,0,0,1,0,0,0,0,0,0,0
extratorrent.cc,0,0,1,3,0,0,0,0,0,1,0,0,0,0,0,0,0
mylust.com,0,0,1,3,0,0,0,0,0,1,0,0,0,0,0,0,0
medium.com,0,0,1,2,0,0,0,0,0,0,0,0,0,0,0,0,0
olx.ro,0,0,1,4,0,0,0,0,0,1,0,0,0,0,0,0,0
censor.net.ua,0,0,1,3,0,0,0,0,0,1,0,0,0,0,0,0,0
ringring.vn,0,0,1,1,0,0,0,0,0,1,0,0,0,0,0,0,0
motthegioi.vn,0,0,1,3,0,0,0,0,0,1,0,0,0,0,0,0,0
themeforest.net,0,0,1,4,0,0,0,0,0,1,0,0,0,0,0,0,0
olx.ua,0,0,1,3,0,0,0,0,0,1,0,0,0,0,0,0,0
elitedaily.com,0,0,1,4,0,0,0,0,0,1,0,0,0,0,0,0,0
extratorrent.cc,0,0,1,3,0,0,0,0,0,1,0,0,0,0,0,0,0
censor.net.ua,0,0,1,3,0,0,0,0,0,1,0,0,0,0,0,0,0
hollywoodlife.com,0,0,1,4,0,0,0,0,0,1,0,0,0,0,0,0,0
motthegioi.vn,0,0,1,3,0,0,0,0,0,1,0,0,0,0,0,0,0
tobogo.net,0,0,1,2,0,0,0,0,0,1,0,0,0,0,0,0,0
extratorrent.cc,0,0,1,3,0,0,0,0,0,1,0,0,0,0,0,0,0
wmaraci.com,0,0,1,3,0,0,0,0,0,1,0,0,0,0,0,0,0
bestblackhatforum.com,0,0,1,1,0,0,0,0,0,1,0,0,0,0,0,0,0
onedio.com,0,0,1,2,0,0,0,0,0,1,0,0,0,0,0,0,0
olx.co.id,0,0,1,7,0,0,0,0,0,1,0,0,0,0,0,0,0
babal.net,0,0,1,4,0,0,0,0,0,1,0,0,0,0,0,0,0
emgn.com,0,0,1,2,0,0,0,0,0,1,0,0,0,0,0,0,0
thenextweb.com,0,0,1,5,0,0,0,0,0,1,0,0,0,0,0,0,0
hubpages.com,0,0,1,2,0,0,0,0,0,1,0,0,0,0,0,0,0
hollywoodlife.com,0,0,1,4,0,0,0,0,0,1,0,0,0,0,0,0,0
xhamster.com,0,0,1,3,0,0,0,0,0,1,0,0,0,0,0,0,0
mic.com,0,0,1,3,0,0,0,0,0,1,0,0,0,0,0,0,0
motthegioi.vn,0,0,1,2,0,0,0,0,0,1,0,0,0,0,0,0,0
nguyentandung.org,0,0,1,1,0,0,0,0,0,1,0,0,0,0,0,0,0
maybank2u.com.my,0,0,1,4,0,0,0,0,0,1,0,0,0,0,0,0,0
kenh14.vn,0,0,1,2,0,0,0,0,0,1,0,0,0,0,0,0,0
bestblackhatforum.com,0,0,1,1,0,0,0,0,0,1,0,0,0,0,0,0,0
allrecipes.com,0,0,1,4,0,0,0,0,0,1,0,0,0,0,0,0,0
bigcinema.tv,0,0,1,2,0,0,0,0,0,1,0,0,0,0,0,0,0
thenextweb.com,0,0,1,5,0,0,0,0,0,1,0,0,0,0,0,0,0
jezebel.com,0,0,1,2,0,0,0,0,0,1,0,0,0,0,0,0,0
torcache.net,0,0,1,2,0,0,0,0,0,1,0,0,0,0,0,0,0
irecommend.ru,0,0,1,2,0,0,0,0,0,1,0,0,0,0,0,0,0
stackoverflow.com,0,0,1,3,0,0,0,0,0,0,0,0,0,0,0,0,0
kienthuc.net.vn,0,0,1,2,0,0,0,0,0,1,0,0,0,0,0,0,0
kenh14.vn,0,0,1,2,0,0,0,0,0,1,0,0,0,0,0,0,0
clien.net,0,0,1,3,0,0,0,0,0,1,0,0,0,0,0,0,0
tunein.com,0,0,1,5,0,0,0,0,0,1,0,0,0,0,0,0,0
udn.com,0,0,1,4,0,0,0,0,0,1,0,0,0,0,0,0,0
deadspin.com,0,0,1,1,0,0,0,0,0,1,0,0,0,0,0,0,0
tinnhanh360.net,0,0,1,1,0,0,0,0,0,1,0,0,0,0,0,0,0
thenextweb.com,0,0,1,6,0,0,0,0,0,1,0,0,0,0,0,0,0
momoshop.com.tw,0,0,1,2,0,0,0,0,0,1,0,0,0,0,0,0,0
gtbank.com,0,0,1,5,0,0,0,0,0,1,0,0,0,0,0,0,0
moz.com,0,0,1,2,0,0,0,0,0,1,0,0,0,0,0,0,0
mashable.com,0,0,1,6,0,0,0,0,0,1,0,0,0,0,0,0,0
momoshop.com.tw,0,0,1,2,0,0,0,0,0,1,0,0,0,0,0,0,0
ap.org,0,0,1,4,0,0,0,0,0,1,0,0,0,0,0,0,0
skyrock.com,0,0,1,1,0,0,0,0,0,1,0,0,0,0,0,0,0
indianexpress.com,0,0,1,4,0,0,0,0,0,1,0,0,0,0,0,0,0
ecnavi.jp,0,0,1,1,1,0,0,0,0,1,0,0,0,0,0,0,0
momoshop.com.tw,0,0,1,2,0,0,0,0,0,1,0,0,0,0,0,0,0
uproxx.com,0,0,1,4,0,0,0,0,0,1,0,0,0,0,0,0,0
steamcommunity.com,0,0,1,5,0,0,0,0,0,1,0,0,0,0,0,0,0
medium.com,0,0,1,2,0,0,0,0,0,0,0,0,0,0,0,0,0
thenextweb.com,0,0,1,6,0,0,0,0,0,1,0,0,0,0,0,0,0
indianexpress.com,0,0,1,4,0,0,0,0,0,1,0,0,0,0,0,0,0
spankbang.com,0,0,1,3,0,0,0,0,0,1,0,0,0,0,0,0,0
thenextweb.com,0,0,1,6,0,0,0,0,0,1,0,0,0,0,0,0,0
distractify.com,0,0,1,10,0,0,0,0,0,1,0,0,0,0,0,0,0
yourlust.com,0,0,1,2,0,0,0,0,0,1,0,0,0,0,0,0,0
bmi.ir,0,0,1,2,0,0,0,0,0,1,0,0,0,0,0,0,0
olx.ro,0,0,1,5,0,0,0,0,0,1,0,0,0,0,0,0,0
esporte.uol.com.br,0,0,1,6,0,0,0,0,0,1,0,0,0,0,0,0,0
ap.org,0,0,1,4,0,0,0,0,0,1,0,0,0,0,0,0,0
icicibank.com,0,0,1,6,0,0,0,0,0,1,0,0,0,0,0,0,0
torrentdn.com,0,0,1,2,0,0,0,0,0,1,0,0,0,0,0,0,0
mirtesen.ru,0,0,1,1,0,0,0,0,0,1,0,0,0,0,0,0,0
plarium.com,0,0,1,5,0,0,0,0,0,1,0,0,0,0,0,0,0
indianexpress.com,0,0,1,4,0,0,0,0,0,1,0,0,0,0,0,0,0
correios.com.br,0,0,1,4,0,0,0,0,0,1,0,0,0,0,0,0,0
pikabu.ru,0,0,1,3,0,0,0,0,0,1,0,0,0,0,0,0,0
dantri.com.vn,0,0,1,2,0,0,0,0,0,1,0,0,0,0,0,0,0
tunein.com,0,0,1,5,0,0,0,0,0,1,0,0,0,0,0,0,0
genius.com,0,0,1,3,0,0,0,0,0,1,0,0,0,0,0,0,0
gizmodo.com,0,0,1,2,0,0,0,0,0,1,0,0,0,0,0,0,0
otomoto.pl,0,0,1,2,0,0,0,0,0,1,0,0,0,0,0,0,0
askubuntu.com,0,0,1,3,0,0,0,0,0,1,0,0,0,0,0,0,0
deadspin.com,0,0,1,1,0,0,0,0,0,1,0,0,0,0,0,0,0
correios.com.br,0,0,1,4,0,0,0,0,0,1,0,0,0,0,0,0,0
allegro.pl,0,0,1,2,0,0,0,0,0,1,0,0,0,0,0,0,0
babal.net,0,0,1,3,0,0,0,0,0,1,0,0,0,0,0,0,0
smallseotools.com,0,0,1,2,0,0,0,0,0,1,0,0,0,0,0,0,0
correios.com.br,0,0,1,4,0,0,0,0,0,1,0,0,0,0,0,0,0
superuser.com,0,0,1,3,0,0,0,0,0,1,0,0,0,0,0,0,0
tinnhanh360.net,0,0,1,1,0,0,0,0,0,1,0,0,0,0,0,0,0
plarium.com,0,0,1,5,0,0,0,0,0,1,0,0,0,0,0,0,0
tune.pk,0,0,1,3,0,0,0,0,0,1,0,0,0,0,0,0,0
torcache.net,0,0,1,2,0,0,0,0,0,1,0,0,0,0,0,0,0
ap.org,0,0,1,4,0,0,0,0,0,1,0,0,0,0,0,0,0
tinnhanh360.net,0,0,1,1,0,0,0,0,0,1,0,0,0,0,0,0,0
qz.com,0,0,1,2,0,0,0,0,0,1,0,0,0,0,0,0,0
interpark.com,0,0,1,2,0,0,0,0,0,1,0,0,0,0,0,0,0
medium.com,0,0,1,2,0,0,0,0,0,0,0,0,0,0,0,0,0
irecommend.ru,0,0,1,2,0,0,0,0,0,1,0,0,0,0,0,0,0
elitedaily.com,0,0,1,4,0,0,0,0,0,1,0,0,0,0,0,0,0
udn.com,0,0,1,4,0,0,0,0,0,1,0,0,0,0,0,0,0
plarium.com,0,0,1,5,0,0,0,0,0,1,0,0,0,0,0,0,0
tunein.com,0,0,1,6,0,0,0,0,0,1,0,0,0,0,0,0,0
deadspin.com,0,0,1,2,0,0,0,0,0,1,0,0,0,0,0,0,0
tunein.com,0,0,1,5,0,0,0,0,0,1,0,0,0,0,0,0,0
motthegioi.vn,0,0,1,2,0,0,0,0,0,1,0,0,0,0,0,0,0
otomoto.pl,0,0,1,4,0,0,0,0,0,1,0,0,0,0,0,0,0
allegro.pl,0,0,1,2,0,0,0,0,0,1,0,0,0,0,0,0,0
variety.com,0,0,1,4,0,0,0,0,0,1,0,0,0,0,0,0,0
thenextweb.com,0,0,1,6,0,0,0,0,0,1,0,0,0,0,0,0,0
olx.ua,0,0,1,3,0,0,0,0,0,1,0,0,0,0,0,0,0
censor.net.ua,0,0,1,3,0,0,0,0,0,1,0,0,0,0,0,0,0
elevenia.co.id,0,0,1,3,0,0,0,0,0,1,0,0,0,0,0,0,0
rocketnews24.com,0,0,1,2,0,0,0,0,0,1,0,0,0,0,0,0,0
atwiki.jp,0,0,1,2,0,0,0,0,0,1,0,0,0,0,0,0,0
chaturbate.com,0,0,1,3,0,0,0,0,0,1,0,0,0,0,0,0,0
nesn.com,0,0,1,3,0,0,0,0,0,1,0,0,0,0,0,0,0
paytm.com,0,0,1,2,0,0,0,0,0,1,0,0,0,0,0,0,0
indianexpress.com,0,0,1,4,0,0,0,0,0,1,0,0,0,0,0,0,0
uproxx.com,0,0,1,4,0,0,0,0,0,1,0,0,0,0,0,0,0
depositphotos.com,0,0,1,1,0,0,0,0,0,1,0,0,0,0,0,0,0
babal.net,0,0,1,4,0,0,0,0,0,1,0,0,0,0,0,0,0
medium.com,0,1,1,2,0,0,0,0,0,0,0,0,0,0,0,0,0
sfglobe.com,0,0,1,4,0,0,0,0,0,1,0,0,0,0,0,0,0
correios.com.br,0,0,1,4,0,0,0,0,0,1,0,0,0,0,0,0,0
emgn.com,0,0,1,2,0,0,0,0,0,1,0,0,0,0,0,0,0
pikabu.ru,0,0,1,3,0,0,0,0,0,1,0,0,0,0,0,0,0
extratorrent.cc,0,0,1,3,0,0,0,0,0,1,0,0,0,0,0,0,0
codecanyon.net,0,0,1,4,0,0,0,0,0,1,0,0,0,0,0,0,0
buzzfil.net,0,0,1,4,0,0,0,0,0,1,0,0,0,0,0,0,0
olx.ua,0,0,1,3,0,0,0,0,0,1,0,0,0,0,0,0,0
seekingalpha.com,0,0,1,2,0,0,0,0,0,1,0,0,0,0,0,0,0
mylust.com,0,0,1,3,0,0,0,0,0,1,0,0,0,0,0,0,0
motthegioi.vn,0,0,1,2,0,0,0,0,0,1,0,0,0,0,0,0,0
eenadu.net,0,0,1,3,0,0,0,0,0,1,0,0,0,0,0,0,0
otomoto.pl,0,0,1,2,0,0,0,0,0,1,0,0,0,0,0,0,0
olx.ua,0,0,1,4,0,0,0,0,0,1,0,0,0,0,0,0,0
babal.net,0,0,1,4,0,0,0,0,0,1,0,0,0,0,0,0,0
distractify.com,0,0,1,10,0,0,0,0,0,1,0,0,0,0,0,0,0
bgr.com,0,0,1,4,0,0,0,0,0,1,0,0,0,0,0,0,0
thenextweb.com,0,0,1,7,0,0,0,0,0,1,0,0,0,0,0,0,0
interpark.com,0,0,1,2,0,0,0,0,0,1,0,0,0,0,0,0,0
babal.net,0,0,1,4,0,0,0,0,0,1,0,0,0,0,0,0,0
fanpage.gr,0,0,1,3,0,0,0,0,0,1,0,0,0,0,0,0,0
kotaku.com,0,0,1,2,0,0,0,0,0,1,0,0,0,0,0,0,0
rt.com,0,0,1,3,0,0,0,0,0,1,0,0,0,0,0,0,0
plarium.com,0,0,1,5,0,0,0,0,0,1,0,0,0,0,0,0,0
pinterest.com,0,0,1,3,1,0,0,0,0,0,0,0,0,0,0,0,0
thechive.com,0,0,1,4,0,0,0,0,0,1,0,0,0,0,0,0,0
olx.co.id,0,0,1,7,0,0,0,0,0,1,0,0,0,0,0,0,0
techcrunch.com,0,0,1,4,0,0,0,0,0,1,0,0,0,0,0,0,0
torcache.net,0,0,1,2,0,0,0,0,0,1,0,0,0,0,0,0,0
mashable.com,0,0,1,6,0,0,0,0,0,1,0,0,0,0,0,0,0
ecnavi.jp,0,0,1,1,1,0,0,0,0,1,0,0,0,0,0,0,0
correios.com.br,0,0,1,3,0,0,0,0,0,1,0,0,0,0,0,0,0
katproxy.com,0,0,1,1,0,0,0,0,0,1,0,0,0,0,0,0,0
thenextweb.com,0,0,1,6,0,0,0,0,0,1,0,0,0,0,0,0,0
paytm.com,0,0,1,2,0,0,0,0,0,1,0,0,0,0,0,0,0
udn.com,0,0,1,4,0,0,0,0,0,1,0,0,0,0,0,0,0
elevenia.co.id,0,0,1,3,0,0,0,0,0,1,0,0,0,0,0,0,0
distractify.com,0,0,1,10,0,0,0,0,0,1,0,0,0,0,0,0,0
pikabu.ru,0,0,1,3,0,0,0,0,0,1,0,0,0,0,0,0,0
extratorrent.cc,0,0,1,3,0,0,0,0,0,1,0,0,0,0,0,0,0
medium.com,0,0,1,2,0,0,0,0,0,0,0,0,0,0,0,0,0
jalopnik.com,0,0,1,2,0,0,0,0,0,1,0,0,0,0,0,0,0
mashable.com,0,0,1,5,0,0,0,0,0,1,0,0,0,0,0,0,0
ap.org,0,0,1,4,0,0,0,0,0,1,0,0,0,0,0,0,0
auto.ru,0,0,1,4,0,0,0,0,0,1,0,0,0,0,0,0,0
maybank2u.com.my,0,0,1,4,0,0,0,0,0,1,0,0,0,0,0,0,0
elitedaily.com,0,0,1,4,0,0,0,0,0,1,0,0,0,0,0,0,0
mashable.com,0,0,1,6,0,0,0,0,0,1,0,0,0,0,0,0,0
grantland.com,0,0,1,2,0,0,0,0,0,1,0,0,0,0,0,0,0
thenextweb.com,0,0,1,6,0,0,0,0,0,1,0,0,0,0,0,0,0
momoshop.com.tw,0,0,1,2,0,0,0,0,0,1,0,0,0,0,0,0,0
allegro.pl,0,0,1,1,0,0,0,0,0,1,0,0,0,0,0,0,0
thenextweb.com,0,0,1,5,0,0,0,0,0,1,0,0,0,0,0,0,0
sourceforge.net,0,0,1,3,0,0,0,0,0,1,0,0,0,0,0,0,0
xvideo-jp.com,0,0,1,3,0,0,0,1,0,1,0,0,0,0,0,0,0
tunein.com,0,0,1,5,0,0,0,0,0,1,0,0,0,0,0,0,0
instagram.com,0,0,1,2,0,0,0,0,0,0,0,0,0,0,0,0,0
techcrunch.com,0,0,1,4,0,0,0,0,0,1,0,0,0,0,0,0,0
olx.in,0,0,1,3,0,0,0,0,0,1,0,0,0,0,0,0,0
buzzfil.net,0,0,1,4,0,0,0,0,0,1,0,0,0,0,0,0,0
zozo.jp,0,0,1,2,0,0,0,0,0,1,0,0,0,0,0,0,0
arstechnica.com,0,0,1,4,0,0,0,0,0,1,0,0,0,0,0,0,0
olx.co.id,0,0,1,7,0,0,0,0,0,1,0,0,0,0,0,0,0
atwiki.jp,0,0,1,2,0,0,0,0,0,1,0,0,0,0,0,0,0
babal.net,0,0,1,3,0,0,0,0,0,1,0,0,0,0,0,0,0
allegro.pl,0,0,1,2,0,0,0,0,0,1,0,0,0,0,0,0,0
interpark.com,0,0,1,2,0,0,0,0,0,1,0,0,0,0,0,0,0
www.gov.uk,0,0,1,3,0,0,0,0,0,0,0,0,0,0,0,0,0
sfglobe.com,0,0,1,4,0,0,0,0,0,1,0,0,0,0,0,0,0
askubuntu.com,0,0,1,3,0,0,0,0,0,1,0,0,0,0,0,0,0
hubpages.com,0,0,1,5,0,0,0,0,0,1,0,0,0,0,0,0,0
extratorrent.cc,0,0,1,1,0,0,0,0,0,1,0,0,0,0,0,0,0
slashdot.org,0,0,1,1,0,0,0,0,0,1,0,0,0,0,0,0,0
twitter.com,0,0,1,1,0,0,0,0,0,0,0,0,0,0,0,0,0
hollywoodlife.com,0,0,1,4,0,0,0,0,0,1,0,0,0,0,0,0,0
otomoto.pl,0,0,1,2,0,0,0,0,0,1,0,0,0,0,0,0,0
codecanyon.net,0,0,1,3,0,0,0,0,0,1,0,0,0,0,0,0,0
kenh14.vn,0,0,1,2,0,0,0,0,0,1,0,0,0,0,0,0,0
censor.net.ua,0,0,1,14,0,0,0,0,0,1,0,0,0,0,0,0,0
wpengine.com,0,0,1,4,0,0,0,0,0,1,0,0,0,0,0,0,0
putlocker.is,0,0,1,1,0,0,0,0,0,1,0,0,0,0,0,0,0
espn.go.com,0,0,1,7,0,0,0,0,0,1,0,0,0,0,0,0,0
superuser.com,0,0,1,3,0,0,0,0,0,1,0,0,0,0,0,0,0
babal.net,0,0,1,4,0,0,0,0,0,1,0,0,0,0,0,0,0
sourceforge.net,0,0,1,3,0,0,0,0,0,1,0,0,0,0,0,0,0
diply.com,0,0,1,3,0,0,0,0,0,1,0,0,0,0,0,0,0
mic.com,0,0,1,3,0,0,0,0,0,1,0,0,0,0,0,0,0
babal.net,0,0,1,3,0,0,0,0,0,1,0,0,0,0,0,0,0
elitedaily.com,0,0,1,4,0,0,0,0,0,1,0,0,0,0,0,0,0
icicibank.com,0,0,1,4,0,0,0,0,0,1,0,0,0,0,0,0,0
tunein.com,0,0,1,5,0,0,0,0,0,1,0,0,0,0,0,0,0
techcrunch.com,0,0,1,3,0,0,0,0,0,1,0,0,0,0,0,0,0
mylust.com,0,0,1,3,0,0,0,0,0,1,0,0,0,0,0,0,0
serverfault.com,0,0,1,3,0,0,0,0,0,1,0,0,0,0,0,0,0
motthegioi.vn,0,0,1,2,0,0,0,0,0,1,0,0,0,0,0,0,0
udn.com,0,0,1,4,0,0,0,0,0,1,0,0,0,0,0,0,0
fortune.com,0,0,1,4,0,0,0,0,0,1,0,0,0,0,0,0,0
deadspin.com,0,0,1,2,0,0,0,0,0,1,0,0,0,0,0,0,0
metro.co.uk,0,0,1,4,0,0,0,0,0,1,0,0,0,0,0,0,0
babal.net,0,0,1,4,0,0,0,0,0,1,0,0,0,0,0,0,0
olx.ua,0,0,1,3,0,0,0,0,0,1,0,0,0,0,0,0,0
bleacherreport.com,0,0,1,2,0,0,0,0,0,1,0,0,0,0,0,0,0
thenextweb.com,0,0,1,6,0,0,0,0,0,1,0,0,0,0,0,0,0
thechive.com,0,0,1,4,0,0,0,0,0,1,0,0,0,0,0,0,0
genius.com,0,0,1,3,0,0,0,0,0,1,0,0,0,0,0,0,0
graphicriver.net,0,0,1,3,0,0,0,0,0,1,0,0,0,0,0,0,0
evernote.com,0,0,1,3,0,0,0,0,0,1,0,0,0,0,0,0,0
nesn.com,0,0,1,3,0,0,0,0,0,1,0,0,0,0,0,0,0
techcrunch.com,0,0,1,4,0,0,0,0,0,1,0,0,0,0,0,0,0
babal.net,0,0,1,4,0,0,0,0,0,1,0,0,0,0,0,0,0
ringring.vn,0,0,1,1,0,0,0,0,0,1,0,0,0,0,0,0,0
udn.com,0,0,1,4,0,0,0,0,0,1,0,0,0,0,0,0,0
searchengineland.com,0,0,1,1,0,0,0,0,0,1,0,0,0,0,0,0,0
emgn.com,0,0,1,2,0,0,0,0,0,1,0,0,0,0,0,0,0
plarium.com,0,0,1,5,0,0,0,0,0,1,0,0,0,0,0,0,0
auto.ru,0,0,1,4,0,0,0,0,0,1,0,0,0,0,0,0,0
ringring.vn,0,0,1,1,0,0,0,0,0,1,0,0,0,0,0,0,0
steamcommunity.com,0,0,1,5,0,0,0,0,0,1,0,0,0,0,0,0,0
plarium.com,0,0,1,5,0,0,0,0,0,1,0,0,0,0,0,0,0
serverfault.com,0,0,1,3,0,0,0,0,0,1,0,0,0,0,0,0,0
olx.in,0,0,1,3,0,0,0,0,0,1,0,0,0,0,0,0,0
pikabu.ru,0,0,1,2,0,0,0,0,0,1,0,0,0,0,0,0,0
tunein.com,0,0,1,6,0,0,0,0,0,1,0,0,0,0,0,0,0
yourlust.com,0,0,1,2,0,0,0,0,0,1,0,0,0,0,0,0,0
thenextweb.com,0,0,1,5,0,0,0,0,0,1,0,0,0,0,0,0,0
akhbarelyom.com,0,0,1,5,0,0,0,0,0,1,0,0,0,0,0,0,0
perezhilton.com,0,0,1,3,0,0,0,0,0,1,0,0,0,0,0,0,0
udn.com,0,0,1,4,0,0,0,0,0,1,0,0,0,0,0,0,0
slashdot.org,0,0,1,3,0,0,0,0,0,1,0,0,0,0,0,0,0
lifehacker.com,0,0,1,2,0,0,0,0,0,1,0,0,0,0,0,0,0
torcache.net,0,0,1,2,0,0,0,0,0,1,0,0,0,0,0,0,0
interpark.com,0,0,1,2,0,0,0,0,0,1,0,0,0,0,0,0,0
mic.com,0,0,1,3,0,0,0,0,0,1,0,0,0,0,0,0,0
cheezburger.com,0,0,1,2,0,0,0,0,0,1,0,0,0,0,0,0,0
techcrunch.com,0,0,1,4,0,0,0,0,0,1,0,0,0,0,0,0,0
twitter.com,0,0,1,1,0,0,0,0,0,0,0,0,0,0,0,0,0
otomoto.pl,0,0,1,2,0,0,0,0,0,1,0,0,0,0,0,0,0
vnexpress.net,0,0,1,3,0,0,0,0,0,1,0,0,0,0,0,0,0
censor.net.ua,0,0,1,3,0,0,0,0,0,1,0,0,0,0,0,0,0
metro.co.uk,0,0,1,4,0,0,0,0,0,1,0,0,0,0,0,0,0
interpark.com,0,0,1,2,0,0,0,0,0,1,0,0,0,0,0,0,0
slashdot.org,0,0,1,3,0,0,0,0,0,1,0,0,0,0,0,0,0
1337x.to,0,0,1,3,0,0,0,0,0,1,0,0,0,0,0,0,0
indianexpress.com,0,0,1,4,0,0,0,0,0,1,0,0,0,0,0,0,0
distractify.com,0,0,1,10,0,0,0,0,0,1,0,0,0,0,0,0,0
depositphotos.com,0,0,1,1,0,0,0,0,0,1,0,0,0,0,0,0,0
twitter.com,0,0,1,1,0,0,0,0,0,0,0,0,0,0,0,0,0
extratorrent.cc,0,0,1,3,0,0,0,0,0,1,0,0,0,0,0,0,0
searchengineland.com,0,0,1,1,0,0,0,0,0,1,0,0,0,0,0,0,0
pikabu.ru,0,0,1,3,0,0,0,0,0,1,0,0,0,0,0,0,0
seesaawiki.jp,0,0,1,3,0,0,0,0,0,1,0,0,0,0,0,0,0
codecanyon.net,0,0,1,1,0,0,0,0,0,1,0,0,0,0,0,0,0
mashable.com,0,0,1,6,0,0,0,0,0,1,0,0,0,0,0,0,0
elitedaily.com,0,0,1,4,0,0,0,0,0,1,0,0,0,0,0,0,0
kenh14.vn,0,0,1,2,0,0,0,0,0,1,0,0,0,0,0,0,0
css-tricks.com,0,0,1,3,0,0,0,1,0,1,0,0,0,0,0,0,0
interpark.com,0,0,1,2,0,0,0,0,0,1,0,0,0,0,0,0,0
motthegioi.vn,0,0,1,2,0,0,0,0,0,1,0,0,0,0,0,0,0
babal.net,0,0,1,4,0,0,0,0,0,1,0,0,0,0,0,0,0
cox.com,0,0,1,4,0,0,0,0,0,1,0,0,0,0,0,0,0
jezebel.com,0,0,1,3,0,0,0,0,0,1,0,0,0,0,0,0,0
otomoto.pl,0,0,1,2,0,0,0,0,0,1,0,0,0,0,0,0,0
otomoto.pl,0,0,1,2,0,0,0,0,0,1,0,0,0,0,0,0,0
extratorrent.cc,0,0,1,3,0,0,0,0,0,1,0,0,0,0,0,0,0
stackoverflow.com,0,0,1,3,0,0,0,0,0,0,0,0,0,0,0,0,0
qz.com,0,0,1,2,0,0,0,0,0,1,0,0,0,0,0,0,0
torcache.net,0,0,1,2,0,0,0,0,0,1,0,0,0,0,0,0,0
motthegioi.vn,0,0,1,2,0,0,0,0,0,1,0,0,0,0,0,0,0
nesn.com,0,0,1,3,0,0,0,0,0,1,0,0,0,0,0,0,0
skyrock.com,0,0,1,2,0,0,0,0,0,1,0,0,0,0,0,0,0
mylust.com,0,0,1,3,0,0,0,0,0,1,0,0,0,0,0,0,0
torrentdn.com,0,0,1,2,0,0,0,0,0,1,0,0,0,0,0,0,0
bigcinema.tv,0,0,1,2,0,0,0,0,0,1,0,0,0,0,0,0,0
jezebel.com,0,0,1,1,0,0,0,0,0,1,0,0,0,0,0,0,0
zozo.jp,0,0,1,2,0,0,0,0,0,1,0,0,0,0,0,0,0
thenextweb.com,0,0,1,5,0,0,0,0,0,1,0,0,0,0,0,0,0
lifehacker.com,0,0,1,2,0,0,0,0,0,1,0,0,0,0,0,0,0
khabaronline.ir,0,0,1,5,0,0,0,0,0,1,0,0,0,0,0,0,0
emgn.com,0,0,1,2,0,0,0,0,0,1,0,0,0,0,0,0,0
olx.ua,0,0,1,2,0,0,0,0,0,1,0,0,0,0,0,0,0
conservativetribune.com,0,0,1,1,0,0,0,0,0,1,0,0,0,0,0,0,0
twitter.com,0,0,1,1,0,0,0,0,0,0,0,0,0,0,0,0,0
mylust.com,0,0,1,3,0,0,0,0,0,1,0,0,0,0,0,0,0
olx.ua,0,0,1,3,0,0,0,0,0,1,0,0,0,0,0,0,0
io9.com,0,0,1,2,0,0,0,0,0,1,0,0,0,0,0,0,0
torcache.net,0,0,1,2,0,0,0,0,0,1,0,0,0,0,0,0,0
indianexpress.com,0,0,1,4,0,0,0,0,0,1,0,0,0,0,0,0,0
kickass.to,0,0,1,1,0,0,0,0,0,1,0,0,0,0,0,0,0
slashdot.org,0,0,1,3,0,0,0,0,0,1,0,0,0,0,0,0,0
mic.com,0,0,1,3,0,0,0,0,0,1,0,0,0,0,0,0,0
venturebeat.com,0,0,1,4,0,0,0,0,0,1,0,0,0,0,0,0,0
syosetu.com,0,0,1,3,0,0,0,0,0,1,0,0,0,0,0,0,0
jalopnik.com,0,0,1,1,0,0,0,0,0,1,0,0,0,0,0,0,0
icicibank.com,0,0,1,4,0,0,0,0,0,1,0,0,0,0,0,0,0
depositphotos.com,0,0,1,2,0,0,0,0,0,1,0,0,0,0,0,0,0
olx.co.id,0,0,1,7,0,0,0,0,0,1,0,0,0,0,0,0,0
correios.com.br,0,0,1,3,0,0,0,0,0,1,0,0,0,0,0,0,0
torcache.net,0,0,1,2,0,0,0,0,0,1,0,0,0,0,0,0,0
themeforest.net,0,0,1,4,0,0,0,0,0,1,0,0,0,0,0,0,0
prezi.com,0,0,1,4,0,0,0,0,0,1,0,0,0,0,0,0,0
maybank2u.com.my,0,0,1,4,0,0,0,0,0,1,0,0,0,0,0,0,0
torcache.net,0,0,1,2,0,0,0,0,0,1,0,0,0,0,0,0,0
squarespace.com,0,0,1,5,0,0,0,0,0,0,0,0,0,0,0,0,0
elitedaily.com,0,0,1,3,0,0,0,0,0,1,0,0,0,0,0,0,0
babal.net,0,0,1,3,0,0,0,0,0,1,0,0,0,0,0,0,0
codecanyon.net,0,0,1,4,0,0,0,0,0,1,0,0,0,0,0,0,0
bleacherreport.com,0,0,1,2,0,0,0,0,0,1,0,0,0,0,0,0,0
akhbarelyom.com,0,0,1,5,0,0,0,0,0,1,0,0,0,0,0,0,0
caixa.gov.br,0,0,1,5,0,0,0,0,0,1,0,0,0,0,0,0,0
hollywoodlife.com,0,0,1,4,0,0,0,0,0,1,0,0,0,0,0,0,0
torcache.net,0,0,1,2,0,0,0,0,0,1,0,0,0,0,0,0,0
thenextweb.com,0,0,1,5,0,0,0,0,0,1,0,0,0,0,0,0,0
tobogo.net,0,0,1,2,0,0,0,0,0,1,0,0,0,0,0,0,0
motthegioi.vn,0,0,1,2,0,0,0,0,0,1,0,0,0,0,0,0,0
motthegioi.vn,0,0,1,2,0,0,0,0,0,1,0,0,0,0,0,0,0
kakaku.com,0,0,1,6,0,0,0,0,0,1,0,0,0,0,0,0,0
mylust.com,0,0,1,3,0,0,0,0,0,1,0,0,0,0,0,0,0
censor.net.ua,0,0,1,3,0,0,0,0,0,1,0,0,0,0,0,0,0
babal.net,0,0,1,4,0,0,0,0,0,1,0,0,0,0,0,0,0
mixi.jp,0,0,1,7,0,0,0,0,0,1,0,0,0,0,0,0,0
extratorrent.cc,0,0,1,3,0,0,0,0,0,1,0,0,0,0,0,0,0
filehippo.com,0,0,1,3,0,0,0,0,0,1,0,0,0,0,0,0,0
extratorrent.cc,0,0,1,3,0,0,0,0,0,1,0,0,0,0,0,0,0
torrentdn.com,0,0,1,2,0,0,0,0,0,1,0,0,0,0,0,0,0
diply.com,0,0,1,4,0,0,0,0,0,1,0,0,0,0,0,0,0
tobogo.net,0,0,1,2,0,0,0,0,0,1,0,0,0,0,0,0,0
otomoto.pl,0,0,1,3,0,0,0,0,0,1,0,0,0,0,0,0,0
torcache.net,0,0,1,2,0,0,0,0,0,1,0,0,0,0,0,0,0
otomoto.pl,0,0,1,3,0,0,0,0,0,1,0,0,0,0,0,0,0
pikabu.ru,0,0,1,2,0,0,0,0,0,1,0,0,0,0,0,0,0
iconosquare.com,0,0,1,3,0,0,0,0,0,1,0,0,0,0,0,0,0
telegraf.com.ua,0,0,1,3,0,0,0,0,0,1,0,0,0,0,0,0,0
otomoto.pl,0,0,1,2,0,0,0,0,0,1,0,0,0,0,0,0,0
mashable.com,0,0,1,6,0,0,0,0,0,1,0,0,0,0,0,0,0
extratorrent.cc,0,0,1,3,0,0,0,0,0,1,0,0,0,0,0,0,0
twitter.com,0,0,1,1,0,0,0,0,0,0,0,0,0,0,0,0,0
1337x.to,0,0,1,3,0,0,0,0,0,1,0,0,0,0,0,0,0
espn.go.com,0,0,1,7,0,0,0,0,0,1,0,0,0,0,0,0,0
xvideo-jp.com,0,0,1,3,0,0,0,1,0,1,0,0,0,0,0,0,0
twitter.com,0,0,1,1,0,0,0,0,0,0,0,0,0,0,0,0,0
mentalfloss.com,0,0,1,5,0,0,0,0,0,1,0,0,0,0,0,0,0
fishki.net,0,0,1,2,0,0,0,0,0,1,0,0,0,0,0,0,0
otomoto.pl,0,0,1,2,0,0,0,0,0,1,0,0,0,0,0,0,0
ink361.com,0,0,1,6,0,0,0,0,0,1,0,0,0,0,0,0,0
pornsharing.com,0,0,1,1,0,0,0,0,0,1,0,0,0,0,0,0,0
skyrock.com,0,0,1,2,0,0,0,0,0,1,0,0,0,0,0,0,0
grantland.com,0,0,1,2,0,0,0,0,0,1,0,0,0,0,0,0,0
correios.com.br,0,0,1,4,0,0,0,0,0,1,0,0,0,0,0,0,0
tobogo.net,0,0,1,2,0,0,0,0,0,1,0,0,0,0,0,0,0
perezhilton.com,0,0,1,1,0,0,0,0,0,1,0,0,0,0,0,0,0
nesn.com,0,0,1,3,0,0,0,0,0,1,0,0,0,0,0,0,0
torcache.net,0,0,1,2,0,0,0,0,0,1,0,0,0,0,0,0,0
allrecipes.com,0,0,1,4,0,0,0,0,0,1,0,0,0,0,0,0,0
kakaku.com,0,0,1,7,0,0,0,0,0,1,0,0,0,0,0,0,0
thenextweb.com,0,0,1,5,0,0,0,0,0,1,0,0,0,0,0,0,0
interpark.com,0,0,1,2,0,0,0,0,0,1,0,0,0,0,0,0,0
tunein.com,0,0,1,5,0,0,0,0,0,1,0,0,0,0,0,0,0
correios.com.br,0,0,1,5,0,0,0,0,0,1,0,0,0,0,0,0,0
tunein.com,0,0,1,5,0,0,0,0,0,1,0,0,0,0,0,0,0
housing.com,0,0,1,4,0,0,0,0,0,1,0,0,0,0,0,0,0
ap.org,0,0,1,4,0,0,0,0,0,1,0,0,0,0,0,0,0
thenextweb.com,0,0,1,6,0,0,0,0,0,1,0,0,0,0,0,0,0
distractify.com,0,0,1,10,0,0,0,0,0,1,0,0,0,0,0,0,0
hdfcbank.com,0,0,1,5,0,0,0,0,0,1,0,0,0,0,0,0,0
olx.ro,0,0,1,7,0,0,0,0,0,1,0,0,0,0,0,0,0
cheezburger.com,0,0,1,2,0,0,0,0,0,1,0,0,0,0,0,0,0
twitter.com,0,0,1,1,0,0,0,0,0,0,0,0,0,0,0,0,0
mic.com,0,0,1,3,0,0,0,0,0,1,0,0,0,0,0,0,0
otomoto.pl,0,0,1,2,0,0,0,0,0,1,0,0,0,0,0,0,0
tobogo.net,0,0,1,2,0,0,0,0,0,1,0,0,0,0,0,0,0
tobogo.net,0,0,1,2,0,0,0,0,0,1,0,0,0,0,0,0,0
allegro.pl,0,0,1,1,0,0,0,0,0,1,0,0,0,0,0,0,0
olx.ua,0,0,1,3,0,0,0,0,0,1,0,0,0,0,0,0,0
elcomercio.pe,0,0,1,3,0,0,0,0,0,1,0,0,0,0,0,0,0
fazenda.gov.br,0,0,1,3,0,0,0,0,0,1,0,0,0,0,0,0,0
zozo.jp,0,0,1,2,0,0,0,0,0,1,0,0,0,0,0,0,0
bleacherreport.com,0,0,1,2,0,0,0,0,0,1,0,0,0,0,0,0,0
kenh14.vn,0,0,1,2,0,0,0,0,0,1,0,0,0,0,0,0,0
olx.co.id,0,0,1,2,0,0,0,0,0,1,0,0,0,0,0,0,0
emgn.com,0,0,1,2,0,0,0,0,0,1,0,0,0,0,0,0,0
tobogo.net,0,0,1,2,0,0,0,0,0,1,0,0,0,0,0,0,0
seekingalpha.com,0,0,1,2,0,0,0,0,0,1,0,0,0,0,0,0,0
torcache.net,0,0,1,2,0,0,0,0,0,1,0,0,0,0,0,0,0
comicbook.com,0,0,1,4,0,0,0,0,0,1,0,0,0,0,0,0,0
ap.org,0,0,1,4,0,0,0,0,0,1,0,0,0,0,0,0,0
grantland.com,0,0,1,2,0,0,0,0,0,1,0,0,0,0,0,0,0
grantland.com,0,0,1,2,0,0,0,0,0,1,0,0,0,0,0,0,0
bleacherreport.com,0,0,1,2,0,0,0,0,0,1,0,0,0,0,0,0,0
tinnhanh360.net,0,0,1,1,0,0,0,0,0,1,0,0,0,0,0,0,0
jezebel.com,0,0,1,1,0,0,0,0,0,1,0,0,0,0,0,0,0
patch.com,0,0,1,3,0,0,0,0,0,1,0,0,0,0,0,0,0
olx.ro,0,0,1,5,0,0,0,0,0,1,0,0,0,0,0,0,0
indianexpress.com,0,0,1,4,0,0,0,0,0,1,0,0,0,0,0,0,0
askubuntu.com,0,0,1,3,0,0,0,0,0,1,0,0,0,0,0,0,0
persianblog.ir,0,0,1,3,0,0,0,0,0,1,0,0,0,0,0,0,0
babal.net,0,0,1,4,0,0,0,0,0,1,0,0,0,0,0,0,0
eksisozluk.com,0,0,1,0,0,0,0,0,0,1,0,0,0,0,0,0,0
olx.pl,0,0,1,7,0,0,0,0,0,1,0,0,0,0,0,0,0
patch.com,0,0,1,3,0,0,0,0,0,1,0,0,0,0,0,0,0
nguyentandung.org,0,0,1,1,0,0,0,0,0,1,0,0,0,0,0,0,0
thechive.com,0,0,1,4,0,0,0,0,0,1,0,0,0,0,0,0,0
filehippo.com,0,0,1,3,0,0,0,0,0,1,0,0,0,0,0,0,0
babal.net,0,0,1,4,0,0,0,0,0,1,0,0,0,0,0,0,0
distractify.com,0,0,1,2,0,0,0,0,0,1,0,0,0,0,0,0,0
allegro.pl,0,0,1,2,0,0,0,0,0,1,0,0,0,0,0,0,0
squarespace.com,0,0,1,5,0,0,0,0,0,0,0,0,0,0,0,0,0
quizlet.com,0,0,1,1,0,0,0,0,0,1,0,0,0,0,0,0,0
babal.net,0,0,1,4,0,0,0,0,0,1,0,0,0,0,0,0,0
khabaronline.ir,0,0,1,5,0,0,0,0,0,1,0,0,0,0,0,0,0
nesn.com,0,0,1,3,0,0,0,0,0,1,0,0,0,0,0,0,0
genius.com,0,0,1,3,0,0,0,0,0,1,0,0,0,0,0,0,0
torrentdn.com,0,0,1,2,0,0,0,0,0,1,0,0,0,0,0,0,0
interpark.com,0,0,1,2,0,0,0,0,0,1,0,0,0,0,0,0,0
udn.com,0,0,1,4,0,0,0,0,0,1,0,0,0,0,0,0,0
irecommend.ru,0,0,1,2,0,0,0,0,0,1,0,0,0,0,0,0,0
motthegioi.vn,0,0,1,3,0,0,0,0,0,1,0,0,0,0,0,0,0
icicibank.com,0,0,1,3,0,0,0,0,0,1,0,0,0,0,0,0,0
persianblog.ir,0,0,1,4,0,0,0,0,0,1,0,0,0,0,0,0,0
tobogo.net,0,0,1,2,0,0,0,0,0,1,0,0,0,0,0,0,0
myspace.com,0,0,1,4,0,0,0,0,0,1,0,0,0,0,0,0,0
correios.com.br,0,0,1,4,0,0,0,0,0,1,0,0,0,0,0,0,0
paytm.com,0,0,1,2,0,0,0,0,0,1,0,0,0,0,0,0,0
ringring.vn,0,0,1,1,0,0,0,0,0,1,0,0,0,0,0,0,0
sourceforge.net,0,0,1,2,0,0,0,0,0,1,0,0,0,0,0,0,0
olx.ua,0,0,1,5,0,0,0,0,0,1,0,0,0,0,0,0,0
mylust.com,0,0,1,3,0,0,0,0,0,1,0,0,0,0,0,0,0
kickass.to,0,0,1,1,0,0,0,0,0,1,0,0,0,0,0,0,0
torcache.net,0,0,1,2,0,0,0,0,0,1,0,0,0,0,0,0,0
extratorrent.cc,0,0,1,3,0,0,0,0,0,1,0,0,0,0,0,0,0
diply.com,0,0,1,3,0,0,0,0,0,1,0,0,0,0,0,0,0
eksisozluk.com,0,0,1,0,0,0,0,0,0,1,0,0,0,0,0,0,0
patch.com,0,0,1,3,0,0,0,0,0,1,0,0,0,0,0,0,0
mic.com,0,0,1,3,0,0,0,0,0,1,0,0,0,0,0,0,0
skyrock.com,0,0,1,2,0,0,0,0,0,1,0,0,0,0,0,0,0
searchengineland.com,0,0,1,1,0,0,0,0,0,1,0,0,0,0,0,0,0
torcache.net,0,0,1,2,0,0,0,0,0,1,0,0,0,0,0,0,0
motthegioi.vn,0,0,1,2,0,0,0,0,0,1,0,0,0,0,0,0,0
kenh14.vn,0,0,1,2,0,0,0,0,0,1,0,0,0,0,0,0,0
myspace.com,0,0,1,5,0,0,0,0,0,1,0,0,0,0,0,0,0
buzzfil.net,0,0,1,4,0,0,0,0,0,1,0,0,0,0,0,0,0
yourlust.com,0,0,1,2,0,0,0,0,0,1,0,0,0,0,0,0,0
olx.co.id,0,0,1,2,0,0,0,0,0,1,0,0,0,0,0,0,0
elitedaily.com,0,0,1,3,0,0,0,0,0,1,0,0,0,0,0,0,0
coccoc.com,0,0,1,3,0,0,0,0,0,1,0,0,0,0,0,0,0
kickass.to,0,0,1,1,0,0,0,0,0,1,0,0,0,0,0,0,0
metro.co.uk,0,0,1,4,0,0,0,0,0,1,0,0,0,0,0,0,0
io9.com,0,0,1,2,0,0,0,0,0,1,0,0,0,0,0,0,0
privatbank.ua,0,0,1,2,0,0,0,0,0,1,0,0,0,0,0,0,0
censor.net.ua,0,0,1,3,0,0,0,0,0,1,0,0,0,0,0,0,0
torcache.net,0,0,1,2,0,0,0,0,0,1,0,0,0,0,0,0,0
depositphotos.com,0,0,1,2,0,0,0,0,0,1,0,0,0,0,0,0,0
pantip.com,0,0,1,2,0,0,0,0,0,1,0,0,0,0,0,0,0
katproxy.com,0,0,1,1,0,0,0,0,0,1,0,0,0,0,0,0,0
metro.co.uk,0,0,1,4,0,0,0,0,0,1,0,0,0,0,0,0,0
stackoverflow.com,0,0,1,3,0,0,0,0,0,0,0,0,0,0,0,0,0
bestblackhatforum.com,0,0,1,1,0,0,0,0,0,1,0,0,0,0,0,0,0
grantland.com,0,0,1,2,0,0,0,0,0,1,0,0,0,0,0,0,0
searchengineland.com,0,0,1,1,0,0,0,0,0,1,0,0,0,0,0,0,0
perezhilton.com,0,0,1,2,0,0,0,0,0,1,0,0,0,0,0,0,0
grantland.com,0,0,1,2,0,0,0,0,0,1,0,0,0,0,0,0,0
maybank2u.com.my,0,0,1,4,0,0,0,0,0,1,0,0,0,0,0,0,0
telegraf.com.ua,0,0,1,3,0,0,0,0,0,1,0,0,0,0,0,0,0
techcrunch.com,0,0,1,4,0,0,0,0,0,1,0,0,0,0,0,0,0
themeforest.net,0,0,1,4,0,0,0,0,0,1,0,0,0,0,0,0,0
techcrunch.com,0,0,1,4,0,0,0,0,0,1,0,0,0,0,0,0,0
otomoto.pl,0,0,1,4,0,0,0,0,0,1,0,0,0,0,0,0,0
techcrunch.com,0,0,1,4,0,0,0,0,0,1,0,0,0,0,0,0,0
ameblo.jp,0,0,1,3,0,0,0,0,0,1,0,0,0,0,0,0,0
fazenda.gov.br,0,0,1,3,0,0,0,0,0,1,0,0,0,0,0,0,0
distractify.com,0,0,1,10,0,0,0,0,0,1,0,0,0,0,0,0,0
codecanyon.net,0,0,1,4,0,0,0,0,0,1,0,0,0,0,0,0,0
metro.co.uk,0,0,1,4,0,0,0,0,0,1,0,0,0,0,0,0,0
variety.com,0,0,1,4,0,0,0,0,0,1,0,0,0,0,0,0,0
ringring.vn,0,0,1,1,0,0,0,0,0,1,0,0,0,0,0,0,0
mic.com,0,0,1,3,0,0,0,0,0,1,0,0,0,0,0,0,0
udn.com,0,0,1,4,0,0,0,0,0,1,0,0,0,0,0,0,0
metro.co.uk,0,0,1,4,0,0,0,0,0,1,0,0,0,0,0,0,0
hubpages.com,0,0,1,5,0,0,0,0,0,1,0,0,0,0,0,0,0
emgn.com,0,0,1,2,0,0,0,0,0,1,0,0,0,0,0,0,0
syosetu.com,0,0,1,3,0,0,0,0,0,1,0,0,0,0,0,0,0
web.de,0,0,1,4,0,0,0,0,0,1,0,0,0,0,0,0,0
comicbook.com,0,0,1,4,0,0,0,0,0,1,0,0,0,0,0,0,0
megogo.net,0,0,1,3,0,0,0,0,0,1,0,0,0,0,0,0,0
atwiki.jp,0,0,1,2,0,0,0,0,0,1,0,0,0,0,0,0,0
stackoverflow.com,0,0,1,3,0,0,0,0,0,0,0,0,0,0,0,0,0
fortune.com,0,0,1,4,0,0,0,0,0,1,0,0,0,0,0,0,0
persianblog.ir,0,0,1,4,0,0,0,0,0,1,0,0,0,0,0,0,0
mic.com,0,0,1,3,0,0,0,0,0,1,0,0,0,0,0,0,0
depositphotos.com,0,0,1,1,0,0,0,0,0,1,0,0,0,0,0,0,0
correios.com.br,0,0,1,4,0,0,0,0,0,1,0,0,0,0,0,0,0
mylust.com,0,0,1,3,0,0,0,0,0,1,0,0,0,0,0,0,0
icicibank.com,0,0,1,5,0,0,0,0,0,1,0,0,0,0,0,0,0
myegy.to,0,0,1,3,0,0,0,0,0,1,0,0,0,0,0,0,0
babal.net,0,0,1,4,0,0,0,0,0,1,0,0,0,0,0,0,0
twitter.com,0,0,1,1,0,0,0,0,0,0,0,0,0,0,0,0,0
otomoto.pl,0,0,1,2,0,0,0,0,0,1,0,0,0,0,0,0,0
babal.net,0,0,1,4,0,0,0,0,0,1,0,0,0,0,0,0,0
distractify.com,0,0,1,10,0,0,0,0,0,1,0,0,0,0,0,0,0
fanpage.gr,0,0,1,3,0,0,0,0,0,1,0,0,0,0,0,0,0
web.de,0,0,1,4,0,0,0,0,0,1,0,0,0,0,0,0,0
momoshop.com.tw,0,0,1,2,0,0,0,0,0,1,0,0,0,0,0,0,0
babal.net,0,0,1,4,0,0,0,0,0,1,0,0,0,0,0,0,0
tunein.com,0,0,1,5,0,0,0,0,0,1,0,0,0,0,0,0,0
europa.eu,0,0,1,6,0,0,0,0,0,0,0,0,0,0,0,0,0
lifehacker.com,0,0,1,1,0,0,0,0,0,1,0,0,0,0,0,0,0
1337x.to,0,0,1,3,0,0,0,0,0,1,0,0,0,0,0,0,0
yourlust.com,0,0,1,2,0,0,0,0,0,1,0,0,0,0,0,0,0
twitter.com,0,0,1,1,0,0,0,0,0,0,0,0,0,0,0,0,0
extratorrent.cc,0,0,1,3,0,0,0,0,0,1,0,0,0,0,0,0,0
torcache.net,0,0,1,2,0,0,0,0,0,1,0,0,0,0,0,0,0
torcache.net,0,0,1,2,0,0,0,0,0,1,0,0,0,0,0,0,0
torcache.net,0,0,1,2,0,0,0,0,0,1,0,0,0,0,0,0,0
superuser.com,0,0,1,3,0,0,0,0,0,1,0,0,0,0,0,0,0
pikabu.ru,0,0,1,3,0,0,0,0,0,1,0,0,0,0,0,0,0
vnexpress.net,0,0,1,2,0,0,0,0,0,1,0,0,0,0,0,0,0
bestblackhatforum.com,0,0,1,1,0,0,0,0,0,1,0,0,0,0,0,0,0
stackoverflow.com,0,0,1,3,0,0,0,0,0,0,0,0,0,0,0,0,0
thenextweb.com,0,0,1,5,0,0,0,0,0,1,0,0,0,0,0,0,0
pikabu.ru,0,0,1,2,0,0,0,0,0,1,0,0,0,0,0,0,0
eenadu.net,0,0,1,3,0,0,0,0,0,1,0,0,0,0,0,0,0
ecnavi.jp,0,0,1,1,1,0,0,0,0,1,0,0,0,0,0,0,0
censor.net.ua,0,0,1,3,0,0,0,0,0,1,0,0,0,0,0,0,0
censor.net.ua,0,0,1,3,0,0,0,0,0,1,0,0,0,0,0,0,0
ecnavi.jp,0,0,1,1,1,0,0,0,0,1,0,0,0,0,0,0,0
olx.co.id,0,0,1,7,0,0,0,0,0,1,0,0,0,0,0,0,0
tsite.jp,0,0,1,2,0,0,0,0,0,1,0,0,0,0,0,0,0
grantland.com,0,0,1,2,0,0,0,0,0,1,0,0,0,0,0,0,0
spankbang.com,0,0,1,3,0,0,0,0,0,1,0,0,0,0,0,0,0
thechive.com,0,0,1,4,0,0,0,0,0,1,0,0,0,0,0,0,0
extratorrent.cc,0,0,1,3,0,0,0,0,0,1,0,0,0,0,0,0,0
buzzfil.net,0,0,1,4,0,0,0,0,0,1,0,0,0,0,0,0,0
mylust.com,0,0,1,3,0,0,0,0,0,1,0,0,0,0,0,0,0
fanpage.gr,0,0,1,3,0,0,0,0,0,1,0,0,0,0,0,0,0
olx.ro,0,0,1,7,0,0,0,0,0,1,0,0,0,0,0,0,0
mixi.jp,0,0,1,2,0,0,0,0,0,1,0,0,0,0,0,0,0
teespring.com,0,0,1,2,0,0,0,0,0,1,0,0,0,0,0,0,0
plarium.com,0,0,1,5,0,0,0,0,0,1,0,0,0,0,0,0,0
pornsharing.com,0,0,1,1,0,0,0,0,0,1,0,0,0,0,0,0,0
distractify.com,0,0,1,10,0,0,0,0,0,1,0,0,0,0,0,0,0
nesn.com,0,0,1,3,0,0,0,0,0,1,0,0,0,0,0,0,0
otomoto.pl,0,0,1,2,0,0,0,0,0,1,0,0,0,0,0,0,0
torrentdn.com,0,0,1,2,0,0,0,0,0,1,0,0,0,0,0,0,0
plarium.com,0,0,1,5,0,0,0,0,0,1,0,0,0,0,0,0,0
thenextweb.com,0,0,1,6,0,0,0,0,0,1,0,0,0,0,0,0,0
elitedaily.com,0,0,1,4,0,0,0,0,0,1,0,0,0,0,0,0,0
superuser.com,0,0,1,3,0,0,0,0,0,1,0,0,0,0,0,0,0
tobogo.net,0,0,1,2,0,0,0,0,0,1,0,0,0,0,0,0,0
babal.net,0,0,1,4,0,0,0,0,0,1,0,0,0,0,0,0,0
seesaawiki.jp,0,0,1,4,0,0,0,0,0,1,0,0,0,0,0,0,0
tinnhanh360.net,0,0,1,1,0,0,0,0,0,1,0,0,0,0,0,0,0
censor.net.ua,0,0,1,3,0,0,0,0,0,1,0,0,0,0,0,0,0
hubpages.com,0,0,1,2,0,0,0,0,0,1,0,0,0,0,0,0,0
steamcommunity.com,0,0,1,6,1,0,0,0,0,1,0,0,0,0,0,0,0
babal.net,0,0,1,4,0,0,0,0,0,1,0,0,0,0,0,0,0
icicibank.com,0,0,1,3,0,0,0,0,0,1,0,0,0,0,0,0,0
icicibank.com,0,0,1,3,0,0,0,0,0,1,0,0,0,0,0,0,0
codecanyon.net,0,0,1,4,0,0,0,0,0,1,0,0,0,0,0,0,0
censor.net.ua,0,0,1,3,0,0,0,0,0,1,0,0,0,0,0,0,0
olx.co.id,0,0,1,7,0,0,0,0,0,1,0,0,0,0,0,0,0
seasonvar.ru,0,0,1,1,0,0,0,0,0,1,0,0,0,0,0,0,0
distractify.com,0,0,1,10,0,0,0,0,0,1,0,0,0,0,0,0,0
emgn.com,0,0,1,2,0,0,0,0,0,1,0,0,0,0,0,0,0
allegro.pl,0,0,1,2,0,0,0,0,0,1,0,0,0,0,0,0,0
codecanyon.net,0,0,1,3,0,0,0,0,0,1,0,0,0,0,0,0,0
emgn.com,0,0,1,2,0,0,0,0,0,1,0,0,0,0,0,0,0
interpark.com,0,0,1,2,0,0,0,0,0,1,0,0,0,0,0,0,0
motthegioi.vn,0,0,1,3,0,0,0,0,0,1,0,0,0,0,0,0,0
twitter.com,0,0,1,1,0,0,0,0,0,0,0,0,0,0,0,0,0
olx.ua,0,0,1,2,0,0,0,0,0,1,0,0,0,0,0,0,0
metro.co.uk,0,0,1,4,0,0,0,0,0,1,0,0,0,0,0,0,0
ap.org,0,0,1,4,0,0,0,0,0,1,0,0,0,0,0,0,0
hollywoodlife.com,0,0,1,4,0,0,0,0,0,1,0,0,0,0,0,0,0
medium.com,0,1,1,2,0,0,0,0,0,0,0,0,0,0,0,0,0
indianexpress.com,0,0,1,4,0,0,0,0,0,1,0,0,0,0,0,0,0
hollywoodlife.com,0,0,1,4,0,0,0,0,0,1,0,0,0,0,0,0,0
torcache.net,0,0,1,2,0,0,0,0,0,1,0,0,0,0,0,0,0
extratorrent.cc,0,0,1,3,0,0,0,0,0,1,0,0,0,0,0,0,0
superuser.com,0,0,1,3,0,0,0,0,0,1,0,0,0,0,0,0,0
hollywoodlife.com,0,0,1,4,0,0,0,0,0,1,0,0,0,0,0,0,0
kakaku.com,0,0,1,6,0,0,0,0,0,1,0,0,0,0,0,0,0
kenh14.vn,0,0,1,2,0,0,0,0,0,1,0,0,0,0,0,0,0
mediaset.it,0,0,1,5,0,0,0,0,0,1,0,0,0,0,0,0,0
mic.com,0,0,1,3,0,0,0,0,0,1,0,0,0,0,0,0,0
venturebeat.com,0,0,1,4,0,0,0,0,0,1,0,0,0,0,0,0,0
superuser.com,0,0,1,3,0,0,0,0,0,1,0,0,0,0,0,0,0
pikabu.ru,0,0,1,2,0,0,0,0,0,1,0,0,0,0,0,0,0
bestblackhatforum.com,0,0,1,1,0,0,0,0,0,1,0,0,0,0,0,0,0
xvideo-jp.com,0,0,1,6,0,0,0,1,0,1,0,0,0,0,0,0,0
mic.com,0,0,1,3,0,0,0,0,0,1,0,0,0,0,0,0,0
babal.net,0,0,1,4,0,0,0,0,0,1,0,0,0,0,0,0,0
fanpage.gr,0,0,1,3,0,0,0,0,0,1,0,0,0,0,0,0,0
tobogo.net,0,0,1,2,0,0,0,0,0,1,0,0,0,0,0,0,0
twitter.com,0,0,1,1,0,0,0,0,0,0,0,0,0,0,0,0,0
torcache.net,0,0,1,2,0,0,0,0,0,1,0,0,0,0,0,0,0
techcrunch.com,0,0,1,3,0,0,0,0,0,1,0,0,0,0,0,0,0
alfalfalfa.com,0,0,1,2,0,0,0,0,0,1,0,0,0,0,0,0,0
torcache.net,0,0,1,2,0,0,0,0,0,1,0,0,0,0,0,0,0
www.nhs.uk,0,0,1,5,0,0,0,0,0,1,0,0,0,0,0,0,0
extratorrent.cc,0,0,1,3,0,0,0,0,0,1,0,0,0,0,0,0,0
fanpage.gr,0,0,1,3,0,0,0,0,0,1,0,0,0,0,0,0,0
allegro.pl,0,0,1,2,0,0,0,0,0,1,0,0,0,0,0,0,0
indianexpress.com,0,0,1,4,0,0,0,0,0,1,0,0,0,0,0,0,0
nypost.com,0,0,1,4,0,0,0,0,0,1,0,0,0,0,0,0,0
tobogo.net,0,0,1,2,0,0,0,0,0,1,0,0,0,0,0,0,0
momoshop.com.tw,0,0,1,2,0,0,0,0,0,1,0,0,0,0,0,0,0
mashable.com,0,0,1,6,0,0,0,0,0,1,0,0,0,0,0,0,0
gawker.com,0,0,1,2,0,0,0,0,0,1,0,0,0,0,0,0,0
medium.com,0,1,1,2,0,0,0,0,0,0,0,0,0,0,0,0,0
emgn.com,0,0,1,2,0,0,0,0,0,1,0,0,0,0,0,0,0
thechive.com,0,0,1,4,0,0,0,0,0,1,0,0,0,0,0,0,0
medium.com,0,0,1,2,0,0,0,0,0,0,0,0,0,0,0,0,0
correios.com.br,0,0,1,4,0,0,0,0,0,1,0,0,0,0,0,0,0
bdnews24.com,0,0,1,5,0,0,0,0,0,1,0,0,0,0,0,0,0
sfglobe.com,0,0,1,4,0,0,0,0,0,1,0,0,0,0,0,0,0
bongda88.info,0,0,1,6,0,0,0,0,0,1,0,0,0,0,0,0,0
hubpages.com,0,0,1,2,0,0,0,0,0,1,0,0,0,0,0,0,0
mylust.com,0,0,1,3,0,0,0,0,0,1,0,0,0,0,0,0,0
variety.com,0,0,1,4,0,0,0,0,0,1,0,0,0,0,0,0,0
tobogo.net,0,0,1,2,0,0,0,0,0,1,0,0,0,0,0,0,0
squarespace.com,0,0,1,5,0,0,0,0,0,0,0,0,0,0,0,0,0
indianexpress.com,0,0,1,4,0,0,0,0,0,1,0,0,0,0,0,0,0
otomoto.pl,0,0,1,4,0,0,0,0,0,1,0,0,0,0,0,0,0
mic.com,0,0,1,3,0,0,0,0,0,1,0,0,0,0,0,0,0
syosetu.com,0,0,1,3,0,0,0,0,0,1,0,0,0,0,0,0,0
olx.co.id,0,0,1,7,0,0,0,0,0,1,0,0,0,0,0,0,0
tobogo.net,0,0,1,2,0,0,0,0,0,1,0,0,0,0,0,0,0
babal.net,0,0,1,4,0,0,0,0,0,1,0,0,0,0,0,0,0
olx.ro,0,0,1,7,0,0,0,0,0,1,0,0,0,0,0,0,0
web.de,0,0,1,6,0,0,0,0,0,1,0,0,0,0,0,0,0
indianexpress.com,0,0,1,3,0,0,0,0,0,1,0,0,0,0,0,0,0
thenextweb.com,0,0,1,6,0,0,0,0,0,1,0,0,0,0,0,0,0
katproxy.com,0,0,1,1,0,0,0,0,0,1,0,0,0,0,0,0,0
nymag.com,0,0,1,9,0,0,0,0,0,1,0,0,0,0,0,0,0
mic.com,0,0,1,3,0,0,0,0,0,1,0,0,0,0,0,0,0
zozo.jp,0,0,1,2,0,0,0,0,0,1,0,0,0,0,0,0,0
perezhilton.com,0,0,1,2,0,0,0,0,0,1,0,0,0,0,0,0,0
indianexpress.com,0,0,1,3,0,0,0,0,0,1,0,0,0,0,0,0,0
tobogo.net,0,0,1,2,0,0,0,0,0,1,0,0,0,0,0,0,0
torrentdn.com,0,0,1,2,0,0,0,0,0,1,0,0,0,0,0,0,0
tinnhanh360.net,0,0,1,1,0,0,0,0,0,1,0,0,0,0,0,0,0
stackoverflow.com,0,0,1,3,0,0,0,0,0,0,0,0,0,0,0,0,0
thenextweb.com,0,0,1,6,0,0,0,0,0,1,0,0,0,0,0,0,0
superuser.com,0,0,1,3,0,0,0,0,0,1,0,0,0,0,0,0,0
twitter.com,0,0,1,1,0,0,0,0,0,0,0,0,0,0,0,0,0
pinterest.com,0,0,1,3,1,0,0,0,0,0,0,0,0,0,0,0,0
mic.com,0,0,1,3,0,0,0,0,0,1,0,0,0,0,0,0,0
uproxx.com,0,0,1,4,0,0,0,0,0,1,0,0,0,0,0,0,0
espn.go.com,0,0,1,8,0,0,0,0,0,1,0,0,0,0,0,0,0
tobogo.net,0,0,1,2,0,0,0,0,0,1,0,0,0,0,0,0,0
fanpage.gr,0,0,1,3,0,0,0,0,0,1,0,0,0,0,0,0,0
interpark.com,0,0,1,2,0,0,0,0,0,1,0,0,0,0,0,0,0
torcache.net,0,0,1,2,0,0,0,0,0,1,0,0,0,0,0,0,0
couchtuner.eu.com,0,0,1,3,0,0,0,0,0,1,0,0,0,0,0,0,0
elcomercio.pe,0,0,1,3,0,0,0,0,0,1,0,0,0,0,0,0,0
getpocket.com,0,0,1,1,1,0,0,0,0,1,0,0,0,0,0,0,0
tunein.com,0,0,1,5,0,0,0,0,0,1,0,0,0,0,0,0,0
interpark.com,0,0,1,2,0,0,0,0,0,1,0,0,0,0,0,0,0
yourlust.com,0,0,1,2,0,0,0,0,0,1,0,0,0,0,0,0,0
techcrunch.com,0,0,1,4,0,0,0,0,0,1,0,0,0,0,0,0,0
xvideo-jp.com,0,0,1,3,0,0,0,1,0,1,0,0,0,0,0,0,0
olx.ro,0,0,1,6,0,0,0,0,0,1,0,0,0,0,0,0,0
kickass.to,0,0,1,1,0,0,0,0,0,1,0,0,0,0,0,0,0
persianblog.ir,0,0,1,4,0,0,0,0,0,1,0,0,0,0,0,0,0
babal.net,0,0,1,3,0,0,0,0,0,1,0,0,0,0,0,0,0
torcache.net,0,0,1,2,0,0,0,0,0,1,0,0,0,0,0,0,0
metro.co.uk,0,0,1,4,0,0,0,0,0,1,0,0,0,0,0,0,0
onedio.com,0,0,1,2,0,0,0,0,0,1,0,0,0,0,0,0,0
twitter.com,0,0,1,1,0,0,0,0,0,0,0,0,0,0,0,0,0
hubpages.com,0,0,1,2,0,0,0,0,0,1,0,0,0,0,0,0,0
tunein.com,0,0,1,5,0,0,0,0,0,1,0,0,0,0,0,0,0
tobogo.net,0,0,1,2,0,0,0,0,0,1,0,0,0,0,0,0,0
tsite.jp,0,0,1,5,0,0,0,0,0,1,0,0,0,0,0,0,0
olx.ua,0,0,1,3,0,0,0,0,0,1,0,0,0,0,0,0,0
serverfault.com,0,0,1,3,0,0,0,0,0,1,0,0,0,0,0,0,0
elitedaily.com,0,0,1,3,0,0,0,0,0,1,0,0,0,0,0,0,0
motthegioi.vn,0,0,1,3,0,0,0,0,0,1,0,0,0,0,0,0,0
techcrunch.com,0,0,1,3,0,0,0,0,0,1,0,0,0,0,0,0,0
fortune.com,0,0,1,4,0,0,0,0,0,1,0,0,0,0,0,0,0
motthegioi.vn,0,0,1,2,0,0,0,0,0,1,0,0,0,0,0,0,0
olx.ro,0,0,1,7,0,0,0,0,0,1,0,0,0,0,0,0,0
indianexpress.com,0,0,1,4,0,0,0,0,0,1,0,0,0,0,0,0,0
censor.net.ua,0,0,1,3,0,0,0,0,0,1,0,0,0,0,0,0,0
babal.net,0,0,1,4,0,0,0,0,0,1,0,0,0,0,0,0,0
interpark.com,0,0,1,2,0,0,0,0,0,1,0,0,0,0,0,0,0
1337x.to,0,0,1,3,0,0,0,0,0,1,0,0,0,0,0,0,0
rocketnews24.com,0,0,1,4,0,0,0,0,0,1,0,0,0,0,0,0,0
elitedaily.com,0,0,1,4,0,0,0,0,0,1,0,0,0,0,0,0,0
thenextweb.com,0,0,1,5,0,0,0,0,0,1,0,0,0,0,0,0,0
ecnavi.jp,0,0,1,3,0,0,0,0,0,1,0,0,0,0,0,0,0
graphicriver.net,0,0,1,3,0,0,0,0,0,1,0,0,0,0,0,0,0
motthegioi.vn,0,0,1,3,0,0,0,0,0,1,0,0,0,0,0,0,0
akhbarelyom.com,0,0,1,5,0,0,0,0,0,1,0,0,0,0,0,0,0
web.de,0,0,1,5,0,0,0,0,0,1,0,0,0,0,0,0,0
olx.ro,0,0,1,5,0,0,0,0,0,1,0,0,0,0,0,0,0
olx.ua,0,0,1,2,0,0,0,0,0,1,0,0,0,0,0,0,0
icicibank.com,0,0,1,5,0,0,0,0,0,1,0,0,0,0,0,0,0
icicibank.com,0,0,1,3,0,0,0,0,0,1,0,0,0,0,0,0,0
kenh14.vn,0,0,1,2,0,0,0,0,0,1,0,0,0,0,0,0,0
allegro.pl,0,0,1,1,0,0,0,0,0,1,0,0,0,0,0,0,0
extratorrent.cc,0,0,1,3,0,0,0,0,0,1,0,0,0,0,0,0,0
olx.pl,0,0,1,3,0,0,0,0,0,1,0,0,0,0,0,0,0
mylust.com,0,0,1,3,0,0,0,0,0,1,0,0,0,0,0,0,0
lifehacker.com,0,0,1,1,0,0,0,0,0,1,0,0,0,0,0,0,0
ink361.com,0,0,1,6,0,0,0,0,0,1,0,0,0,0,0,0,0
torcache.net,0,0,1,2,0,0,0,0,0,1,0,0,0,0,0,0,0
stackoverflow.com,0,0,1,3,0,0,0,0,0,0,0,0,0,0,0,0,0
techcrunch.com,0,0,1,4,0,0,0,0,0,1,0,0,0,0,0,0,0
nypost.com,0,0,1,4,0,0,0,0,0,1,0,0,0,0,0,0,0
extratorrent.cc,0,0,1,3,0,0,0,0,0,1,0,0,0,0,0,0,0
olx.co.id,0,0,1,7,0,0,0,0,0,1,0,0,0,0,0,0,0
elitedaily.com,0,0,1,3,0,0,0,0,0,1,0,0,0,0,0,0,0
nesn.com,0,0,1,3,0,0,0,0,0,1,0,0,0,0,0,0,0
motthegioi.vn,0,0,1,2,0,0,0,0,0,1,0,0,0,0,0,0,0
searchengineland.com,0,0,1,1,0,0,0,0,0,1,0,0,0,0,0,0,0
tsite.jp,0,0,1,2,0,0,0,0,0,1,0,0,0,0,0,0,0
buzzfil.net,0,0,1,4,0,0,0,0,0,1,0,0,0,0,0,0,0
pikabu.ru,0,0,1,3,0,0,0,0,0,1,0,0,0,0,0,0,0
babal.net,0,0,1,3,0,0,0,0,0,1,0,0,0,0,0,0,0
qz.com,0,0,1,2,0,0,0,0,0,1,0,0,0,0,0,0,0
clien.net,0,0,1,3,0,0,0,0,0,1,0,0,0,0,0,0,0
distractify.com,0,0,1,10,0,0,0,0,0,1,0,0,0,0,0,0,0
pornsharing.com,0,0,1,1,0,0,0,0,0,1,0,0,0,0,0,0,0
grantland.com,0,0,1,2,0,0,0,0,0,1,0,0,0,0,0,0,0
qz.com,0,0,1,2,0,0,0,0,0,1,0,0,0,0,0,0,0
venturebeat.com,0,0,1,4,0,0,0,0,0,1,0,0,0,0,0,0,0
pantip.com,0,0,1,2,0,0,0,0,0,1,0,0,0,0,0,0,0
prezi.com,0,0,1,4,0,0,0,0,0,1,0,0,0,0,0,0,0
plarium.com,0,0,1,5,0,0,0,0,0,1,0,0,0,0,0,0,0
tunein.com,0,0,1,5,0,0,0,0,0,1,0,0,0,0,0,0,0
slashdot.org,0,0,1,3,0,0,0,0,0,1,0,0,0,0,0,0,0
sourceforge.net,0,0,1,3,0,0,0,0,0,1,0,0,0,0,0,0,0
nymag.com,0,0,1,9,0,0,0,0,0,1,0,0,0,0,0,0,0
metro.co.uk,0,0,1,4,0,0,0,0,0,1,0,0,0,0,0,0,0
espn.go.com,0,0,1,7,0,0,0,0,0,1,0,0,0,0,0,0,0
mylust.com,0,0,1,3,0,0,0,0,0,1,0,0,0,0,0,0,0
1337x.to,0,0,1,3,0,0,0,0,0,1,0,0,0,0,0,0,0
torrentdn.com,0,0,1,2,0,0,0,0,0,1,0,0,0,0,0,0,0
distractify.com,0,0,1,10,0,0,0,0,0,1,0,0,0,0,0,0,0
superuser.com,0,0,1,3,0,0,0,0,0,1,0,0,0,0,0,0,0
xvideo-jp.com,0,0,1,4,0,0,0,1,0,1,0,0,0,0,0,0,0
bigcinema.tv,0,0,1,2,0,0,0,0,0,1,0,0,0,0,0,0,0
hdfcbank.com,0,0,1,5,0,0,0,0,0,1,0,0,0,0,0,0,0
bestblackhatforum.com,0,0,1,1,0,0,0,0,0,1,0,0,0,0,0,0,0
icicibank.com,0,0,1,4,0,0,0,0,0,1,0,0,0,0,0,0,0
bdnews24.com,0,0,1,5,0,0,0,0,0,1,0,0,0,0,0,0,0
kakaku.com,0,0,1,6,0,0,0,0,0,1,0,0,0,0,0,0,0
maybank2u.com.my,0,0,1,4,0,0,0,0,0,1,0,0,0,0,0,0,0
xhamster.com,0,0,1,3,0,0,0,0,0,1,0,0,0,0,0,0,0
skyrock.com,0,0,1,2,0,0,0,0,0,1,0,0,0,0,0,0,0
web.de,0,0,1,5,0,0,0,0,0,1,0,0,0,0,0,0,0
akhbarelyom.com,0,0,1,5,0,0,0,0,0,1,0,0,0,0,0,0,0
maybank2u.com.my,0,0,1,4,0,0,0,0,0,1,0,0,0,0,0,0,0
indianexpress.com,0,0,1,4,0,0,0,0,0,1,0,0,0,0,0,0,0
kakaku.com,0,0,1,6,0,0,0,0,0,1,0,0,0,0,0,0,0
moviepilot.com,0,0,1,5,0,0,0,0,0,1,0,0,0,0,0,0,0
bleacherreport.com,0,0,1,2,0,0,0,0,0,1,0,0,0,0,0,0,0
grantland.com,0,0,1,2,0,0,0,0,0,1,0,0,0,0,0,0,0
techcrunch.com,0,0,1,4,0,0,0,0,0,1,0,0,0,0,0,0,0
cheezburger.com,0,0,1,2,0,0,0,0,0,1,0,0,0,0,0,0,0
foursquare.com,0,0,1,3,0,0,0,0,0,1,0,0,0,0,0,0,0
taboola.com,0,0,1,5,0,0,0,0,0,1,0,0,0,0,0,0,0
torcache.net,0,0,1,2,0,0,0,0,0,1,0,0,0,0,0,0,0
torcache.net,0,0,1,2,0,0,0,0,0,1,0,0,0,0,0,0,0
mashable.com,0,0,1,6,0,0,0,0,0,1,0,0,0,0,0,0,0
pitchfork.com,0,0,1,2,0,0,0,0,0,1,0,0,0,0,0,0,0
olx.co.id,0,0,1,2,0,0,0,0,0,1,0,0,0,0,0,0,0
themeforest.net,0,0,1,4,0,0,0,0,0,1,0,0,0,0,0,0,0
qz.com,0,0,1,2,0,0,0,0,0,1,0,0,0,0,0,0,0
distractify.com,0,0,1,10,0,0,0,0,0,1,0,0,0,0,0,0,0
squarespace.com,0,0,1,5,0,0,0,0,0,0,0,0,0,0,0,0,0
privatbank.ua,0,0,1,4,0,0,0,0,0,1,0,0,0,0,0,0,0
mylust.com,0,0,1,3,0,0,0,0,0,1,0,0,0,0,0,0,0
lifehacker.com,0,0,1,2,0,0,0,0,0,1,0,0,0,0,0,0,0
katproxy.com,0,0,1,1,0,0,0,0,0,1,0,0,0,0,0,0,0
sourceforge.net,0,0,1,3,0,0,0,0,0,1,0,0,0,0,0,0,0
graphicriver.net,0,0,1,3,0,0,0,0,0,1,0,0,0,0,0,0,0
hubpages.com,0,0,1,2,0,0,0,0,0,1,0,0,0,0,0,0,0
fanpage.gr,0,0,1,3,0,0,0,0,0,1,0,0,0,0,0,0,0
thenextweb.com,0,0,1,6,0,0,0,0,0,1,0,0,0,0,0,0,0
censor.net.ua,0,0,1,3,0,0,0,0,0,1,0,0,0,0,0,0,0
mixi.jp,0,0,1,1,1,0,0,0,0,1,0,0,0,0,0,0,0
elitedaily.com,0,0,1,4,0,0,0,0,0,1,0,0,0,0,0,0,0
extratorrent.cc,0,0,1,3,0,0,0,0,0,1,0,0,0,0,0,0,0
askubuntu.com,0,0,1,3,0,0,0,0,0,1,0,0,0,0,0,0,0
pornsharing.com,0,0,1,1,0,0,0,0,0,1,0,0,0,0,0,0,0
eksisozluk.com,0,0,1,0,0,0,0,0,0,1,0,0,0,0,0,0,0
correios.com.br,0,0,1,4,0,0,0,0,0,1,0,0,0,0,0,0,0
thenextweb.com,0,0,1,5,0,0,0,0,0,1,0,0,0,0,0,0,0
motthegioi.vn,0,0,1,2,0,0,0,0,0,1,0,0,0,0,0,0,0
torcache.net,0,0,1,2,0,0,0,0,0,1,0,0,0,0,0,0,0
emgn.com,0,0,1,2,0,0,0,0,0,1,0,0,0,0,0,0,0
codecanyon.net,0,0,1,4,0,0,0,0,0,1,0,0,0,0,0,0,0
distractify.com,0,0,1,10,0,0,0,0,0,1,0,0,0,0,0,0,0
kotaku.com,0,0,1,1,0,0,0,0,0,1,0,0,0,0,0,0,0
medium.com,0,0,1,2,0,0,0,0,0,0,0,0,0,0,0,0,0
distractify.com,0,0,1,10,0,0,0,0,0,1,0,0,0,0,0,0,0
tobogo.net,0,0,1,2,0,0,0,0,0,1,0,0,0,0,0,0,0
deadspin.com,0,0,1,2,0,0,0,0,0,1,0,0,0,0,0,0,0
variety.com,0,0,1,4,0,0,0,0,0,1,0,0,0,0,0,0,0
bdnews24.com,0,0,1,5,0,0,0,0,0,1,0,0,0,0,0,0,0
babal.net,0,0,1,4,0,0,0,0,0,1,0,0,0,0,0,0,0
torcache.net,0,0,1,2,0,0,0,0,0,1,0,0,0,0,0,0,0
torrentdn.com,0,0,1,2,0,0,0,0,0,1,0,0,0,0,0,0,0
olx.in,0,0,1,3,0,0,0,0,0,1,0,0,0,0,0,0,0
emgn.com,0,0,1,2,0,0,0,0,0,1,0,0,0,0,0,0,0
torcache.net,0,0,1,2,0,0,0,0,0,1,0,0,0,0,0,0,0
maybank2u.com.my,0,0,1,4,0,0,0,0,0,1,0,0,0,0,0,0,0
fazenda.gov.br,0,0,1,5,0,0,0,0,0,1,0,0,0,0,0,0,0
olx.ua,0,0,1,4,0,0,0,0,0,1,0,0,0,0,0,0,0
depositphotos.com,0,0,1,1,0,0,0,0,0,1,0,0,0,0,0,0,0
allegro.pl,0,0,1,1,0,0,0,0,0,1,0,0,0,0,0,0,0
twitter.com,0,0,1,1,0,0,0,0,0,0,0,0,0,0,0,0,0
sourceforge.net,0,0,1,3,0,0,0,0,0,1,0,0,0,0,0,0,0
censor.net.ua,0,0,1,3,0,0,0,0,0,1,0,0,0,0,0,0,0
pornsharing.com,0,0,1,1,0,0,0,0,0,1,0,0,0,0,0,0,0
cheezburger.com,0,0,1,2,0,0,0,0,0,1,0,0,0,0,0,0,0
motthegioi.vn,0,0,1,2,0,0,0,0,0,1,0,0,0,0,0,0,0
moviepilot.com,0,0,1,5,0,0,0,0,0,1,0,0,0,0,0,0,0
mirtesen.ru,0,0,1,2,0,0,0,0,0,1,0,0,0,0,0,0,0
depositphotos.com,0,0,1,1,0,0,0,0,0,1,0,0,0,0,0,0,0
worldoftanks.ru,0,0,1,5,0,0,0,0,0,1,0,0,0,0,0,0,0
otomoto.pl,0,0,1,2,0,0,0,0,0,1,0,0,0,0,0,0,0
diply.com,0,0,1,3,0,0,0,0,0,1,0,0,0,0,0,0,0
mediaset.it,0,0,1,3,0,0,0,0,0,1,0,0,0,0,0,0,0
otomoto.pl,0,0,1,2,0,0,0,0,0,1,0,0,0,0,0,0,0
xvideo-jp.com,0,0,1,3,0,0,0,1,0,1,0,0,0,0,0,0,0
syosetu.com,0,0,1,3,0,0,0,0,0,1,0,0,0,0,0,0,0
olx.ro,0,0,1,5,0,0,0,0,0,1,0,0,0,0,0,0,0
sourceforge.net,0,0,1,2,0,0,0,0,0,1,0,0,0,0,0,0,0
jezebel.com,0,0,1,2,0,0,0,0,0,1,0,0,0,0,0,0,0
kakaku.com,0,0,1,6,0,0,0,0,0,1,0,0,0,0,0,0,0
arstechnica.com,0,0,1,4,0,0,0,0,0,1,0,0,0,0,0,0,0
tobogo.net,0,0,1,2,0,0,0,0,0,1,0,0,0,0,0,0,0
perezhilton.com,0,0,1,2,0,0,0,0,0,1,0,0,0,0,0,0,0
fishki.net,0,0,1,2,0,0,0,0,0,1,0,0,0,0,0,0,0
kienthuc.net.vn,0,0,1,2,0,0,0,0,0,1,0,0,0,0,0,0,0
nguyentandung.org,0,0,1,1,0,0,0,0,0,1,0,0,0,0,0,0,0
olx.ro,0,0,1,5,0,0,0,0,0,1,0,0,0,0,0,0,0
elitedaily.com,0,0,1,4,0,0,0,0,0,1,0,0,0,0,0,0,0
torcache.net,0,0,1,2,0,0,0,0,0,1,0,0,0,0,0,0,0
squarespace.com,0,0,1,5,0,0,0,0,0,0,0,0,0,0,0,0,0
ap.org,0,0,1,4,0,0,0,0,0,1,0,0,0,0,0,0,0
mic.com,0,0,1,3,0,0,0,0,0,1,0,0,0,0,0,0,0
distractify.com,0,0,1,10,0,0,0,0,0,1,0,0,0,0,0,0,0
dribbble.com,0,0,1,2,0,0,0,0,0,1,0,0,0,0,0,0,0
indianexpress.com,0,0,1,4,0,0,0,0,0,1,0,0,0,0,0,0,0
otomoto.pl,0,0,1,7,0,0,0,0,0,1,0,0,0,0,0,0,0
khabaronline.ir,0,0,1,4,0,0,0,0,0,1,0,0,0,0,0,0,0
fazenda.gov.br,0,0,1,6,0,0,0,0,0,1,0,0,0,0,0,0,0
torcache.net,0,0,1,2,0,0,0,0,0,1,0,0,0,0,0,0,0
udn.com,0,0,1,4,0,0,0,0,0,1,0,0,0,0,0,0,0
olx.pl,0,0,1,7,0,0,0,0,0,1,0,0,0,0,0,0,0
espn.go.com,0,0,1,8,0,0,0,0,0,1,0,0,0,0,0,0,0
thenextweb.com,0,0,1,6,0,0,0,0,0,1,0,0,0,0,0,0,0
bongda88.info,0,0,1,1,0,0,0,0,0,1,0,0,0,0,0,0,0
mediaset.it,0,0,1,5,0,0,0,0,0,1,0,0,0,0,0,0,0
torcache.net,0,0,1,2,0,0,0,0,0,1,0,0,0,0,0,0,0
twitter.com,0,0,1,1,0,0,0,0,0,0,0,0,0,0,0,0,0
avxhome.se,0,0,1,5,0,0,0,0,0,1,0,0,0,0,0,0,0
torcache.net,0,0,1,2,0,0,0,0,0,1,0,0,0,0,0,0,0
zozo.jp,0,0,1,2,0,0,0,0,0,1,0,0,0,0,0,0,0
distractify.com,0,0,1,10,0,0,0,0,0,1,0,0,0,0,0,0,0
mylust.com,0,0,1,3,0,0,0,0,0,1,0,0,0,0,0,0,0
babal.net,0,0,1,4,0,0,0,0,0,1,0,0,0,0,0,0,0
twitter.com,0,0,1,1,0,0,0,0,0,0,0,0,0,0,0,0,0
lastpass.com,0,0,1,1,0,0,0,0,0,1,0,0,0,0,0,0,0
torcache.net,0,0,1,2,0,0,0,0,0,1,0,0,0,0,0,0,0
tobogo.net,0,0,1,2,0,0,0,0,0,1,0,0,0,0,0,0,0
telegraf.com.ua,0,0,1,3,0,0,0,0,0,1,0,0,0,0,0,0,0
wikiwiki.jp,0,0,1,1,0,0,0,0,0,1,0,0,0,0,0,0,0
spankbang.com,0,0,1,3,0,0,0,0,0,1,0,0,0,0,0,0,0
correios.com.br,0,0,1,4,0,0,0,0,0,1,0,0,0,0,0,0,0
kienthuc.net.vn,0,0,1,2,0,0,0,0,0,1,0,0,0,0,0,0,0
kenh14.vn,0,0,1,2,0,0,0,0,0,1,0,0,0,0,0,0,0
otomoto.pl,0,0,1,3,0,0,0,0,0,1,0,0,0,0,0,0,0
twitter.com,0,0,1,1,0,0,0,0,0,0,0,0,0,0,0,0,0
zozo.jp,0,0,1,2,0,0,0,0,0,1,0,0,0,0,0,0,0
correios.com.br,0,0,1,4,0,0,0,0,0,1,0,0,0,0,0,0,0
web.de,0,0,1,4,0,0,0,0,0,1,0,0,0,0,0,0,0
getpocket.com,0,0,1,1,1,0,0,0,0,1,0,0,0,0,0,0,0
fazenda.gov.br,0,0,1,3,0,0,0,0,0,1,0,0,0,0,0,0,0
twitter.com,0,0,1,1,0,0,0,0,0,0,0,0,0,0,0,0,0
otomoto.pl,0,0,1,4,0,0,0,0,0,1,0,0,0,0,0,0,0
lastpass.com,0,0,1,1,0,0,0,0,0,1,0,0,0,0,0,0,0
mylust.com,0,0,1,3,0,0,0,0,0,1,0,0,0,0,0,0,0
nesn.com,0,0,1,3,0,0,0,0,0,1,0,0,0,0,0,0,0
torcache.net,0,0,1,2,0,0,0,0,0,1,0,0,0,0,0,0,0
kienthuc.net.vn,0,0,1,2,0,0,0,0,0,1,0,0,0,0,0,0,0
torcache.net,0,0,1,2,0,0,0,0,0,1,0,0,0,0,0,0,0
medium.com,0,0,1,2,0,0,0,0,0,0,0,0,0,0,0,0,0
mic.com,0,0,1,3,0,0,0,0,0,1,0,0,0,0,0,0,0
qz.com,0,0,1,2,0,0,0,0,0,1,0,0,0,0,0,0,0
pitchfork.com,0,0,1,2,0,0,0,0,0,1,0,0,0,0,0,0,0
codepen.io,0,0,1,3,0,0,0,0,0,1,0,0,0,0,0,0,0
depositphotos.com,0,0,1,1,0,0,0,0,0,1,0,0,0,0,0,0,0
alfalfalfa.com,0,0,1,2,0,0,0,0,0,1,0,0,0,0,0,0,0
depositphotos.com,0,0,1,1,0,0,0,0,0,1,0,0,0,0,0,0,0
steamcommunity.com,0,0,1,2,0,0,0,0,0,1,0,0,0,0,0,0,0
abcnews.go.com,0,0,1,3,0,0,0,0,0,1,0,0,0,0,0,0,0
espn.go.com,0,0,1,8,0,0,0,0,0,1,0,0,0,0,0,0,0
mediaset.it,0,0,1,3,0,0,0,0,0,1,0,0,0,0,0,0,0
extratorrent.cc,0,0,1,3,0,0,0,0,0,1,0,0,0,0,0,0,0
thenextweb.com,0,0,1,6,0,0,0,0,0,1,0,0,0,0,0,0,0
fanpage.gr,0,0,1,3,0,0,0,0,0,1,0,0,0,0,0,0,0
otomoto.pl,0,0,1,3,0,0,0,0,0,1,0,0,0,0,0,0,0
udn.com,0,0,1,4,0,0,0,0,0,1,0,0,0,0,0,0,0
torcache.net,0,0,1,2,0,0,0,0,0,1,0,0,0,0,0,0,0
olx.co.id,0,0,1,4,0,0,0,0,0,1,0,0,0,0,0,0,0
seekingalpha.com,0,0,1,2,0,0,0,0,0,1,0,0,0,0,0,0,0
variety.com,0,0,1,4,0,0,0,0,0,1,0,0,0,0,0,0,0
mashable.com,0,0,1,6,0,0,0,0,0,1,0,0,0,0,0,0,0
kienthuc.net.vn,0,0,1,2,0,0,0,0,0,1,0,0,0,0,0,0,0
web.de,0,0,1,5,0,0,0,0,0,1,0,0,0,0,0,0,0
twitter.com,0,0,1,1,0,0,0,0,0,0,0,0,0,0,0,0,0
olx.ro,0,0,1,7,0,0,0,0,0,1,0,0,0,0,0,0,0
torcache.net,0,0,1,2,0,0,0,0,0,1,0,0,0,0,0,0,0
kickass.to,0,0,1,1,0,0,0,0,0,1,0,0,0,0,0,0,0
teespring.com,0,0,1,2,0,0,0,0,0,1,0,0,0,0,0,0,0
bongda88.info,0,0,1,1,0,0,0,0,0,1,0,0,0,0,0,0,0
distractify.com,0,0,1,10,0,0,0,0,0,1,0,0,0,0,0,0,0
indianexpress.com,0,0,1,4,0,0,0,0,0,1,0,0,0,0,0,0,0
sprint.com,0,0,1,2,0,0,0,0,0,1,0,0,0,0,0,0,0
myspace.com,0,0,1,5,0,0,0,0,0,1,0,0,0,0,0,0,0
nypost.com,0,0,1,4,0,0,0,0,0,1,0,0,0,0,0,0,0
steamcommunity.com,0,0,1,7,1,0,0,0,0,1,0,0,0,0,0,0,0
bigcinema.tv,0,0,1,2,0,0,0,0,0,1,0,0,0,0,0,0,0
slashdot.org,0,0,1,3,0,0,0,0,0,1,0,0,0,0,0,0,0
grantland.com,0,0,1,2,0,0,0,0,0,1,0,0,0,0,0,0,0
twitter.com,0,0,1,1,0,0,0,0,0,0,0,0,0,0,0,0,0
www.nhs.uk,0,0,1,5,0,0,0,0,0,1,0,0,0,0,0,0,0
noticias.uol.com.br,0,0,1,6,0,0,0,0,0,1,0,0,0,0,0,0,0
correios.com.br,0,0,1,6,0,0,0,0,0,1,0,0,0,0,0,0,0
kienthuc.net.vn,0,0,1,2,0,0,0,0,0,1,0,0,0,0,0,0,0
olx.co.id,0,0,1,7,0,0,0,0,0,1,0,0,0,0,0,0,0
extratorrent.cc,0,0,1,3,0,0,0,0,0,1,0,0,0,0,0,0,0
xhamster.com,0,0,1,3,0,0,0,0,0,1,0,0,0,0,0,0,0
mylust.com,0,0,1,3,0,0,0,0,0,1,0,0,0,0,0,0,0
distractify.com,0,0,1,10,0,0,0,0,0,1,0,0,0,0,0,0,0
ap.org,0,0,1,4,0,0,0,0,0,1,0,0,0,0,0,0,0
thenextweb.com,0,0,1,6,0,0,0,0,0,1,0,0,0,0,0,0,0
techcrunch.com,0,0,1,4,0,0,0,0,0,1,0,0,0,0,0,0,0
www.nhs.uk,0,0,1,5,0,0,0,0,0,1,0,0,0,0,0,0,0
olx.in,0,0,1,2,0,0,0,0,0,1,0,0,0,0,0,0,0
extratorrent.cc,0,0,1,3,0,0,0,0,0,1,0,0,0,0,0,0,0
grantland.com,0,0,1,2,0,0,0,0,0,1,0,0,0,0,0,0,0
censor.net.ua,0,0,1,3,0,0,0,0,0,1,0,0,0,0,0,0,0
plarium.com,0,0,1,5,0,0,0,0,0,1,0,0,0,0,0,0,0
motthegioi.vn,0,0,1,2,0,0,0,0,0,1,0,0,0,0,0,0,0
web.de,0,0,1,4,0,0,0,0,0,1,0,0,0,0,0,0,0
grantland.com,0,0,1,2,0,0,0,0,0,1,0,0,0,0,0,0,0
codecanyon.net,0,0,1,4,0,0,0,0,0,1,0,0,0,0,0,0,0
themeforest.net,0,0,1,4,0,0,0,0,0,1,0,0,0,0,0,0,0
syosetu.com,0,0,1,3,0,0,0,0,0,1,0,0,0,0,0,0,0
medium.com,0,1,1,2,0,0,0,0,0,0,0,0,0,0,0,0,0
jezebel.com,0,0,1,3,0,0,0,0,0,1,0,0,0,0,0,0,0
udn.com,0,0,1,4,0,0,0,0,0,1,0,0,0,0,0,0,0
moviepilot.com,0,0,1,5,0,0,0,0,0,1,0,0,0,0,0,0,0
torcache.net,0,0,1,2,0,0,0,0,0,1,0,0,0,0,0,0,0
medium.com,0,0,1,2,0,0,0,0,0,0,0,0,0,0,0,0,0
extratorrent.cc,0,0,1,3,0,0,0,0,0,1,0,0,0,0,0,0,0
xhamster.com,0,0,1,3,0,0,0,0,0,1,0,0,0,0,0,0,0
babal.net,0,0,1,4,0,0,0,0,0,1,0,0,0,0,0,0,0
himado.in,0,0,1,0,0,0,0,0,0,1,0,0,0,0,0,0,0
momoshop.com.tw,0,0,1,2,0,0,0,0,0,1,0,0,0,0,0,0,0
indianexpress.com,0,0,1,4,0,0,0,0,0,1,0,0,0,0,0,0,0
torcache.net,0,0,1,2,0,0,0,0,0,1,0,0,0,0,0,0,0
tobogo.net,0,0,1,2,0,0,0,0,0,1,0,0,0,0,0,0,0
udn.com,0,0,1,4,0,0,0,0,0,1,0,0,0,0,0,0,0
distractify.com,0,0,1,10,0,0,0,0,0,1,0,0,0,0,0,0,0
mylust.com,0,0,1,3,0,0,0,0,0,1,0,0,0,0,0,0,0
babal.net,0,0,1,4,0,0,0,0,0,1,0,0,0,0,0,0,0
babal.net,0,0,1,4,0,0,0,0,0,1,0,0,0,0,0,0,0
sfglobe.com,0,0,1,4,0,0,0,0,0,1,0,0,0,0,0,0,0
babal.net,0,0,1,4,0,0,0,0,0,1,0,0,0,0,0,0,0
persianblog.ir,0,0,1,4,0,0,0,0,0,1,0,0,0,0,0,0,0
deadspin.com,0,0,1,3,0,0,0,0,0,1,0,0,0,0,0,0,0
askubuntu.com,0,0,1,3,0,0,0,0,0,1,0,0,0,0,0,0,0
io9.com,0,0,1,2,0,0,0,0,0,1,0,0,0,0,0,0,0
gizmodo.com,0,0,1,2,0,0,0,0,0,1,0,0,0,0,0,0,0
thechive.com,0,0,1,4,0,0,0,0,0,1,0,0,0,0,0,0,0
espn.go.com,0,0,1,6,0,0,0,0,0,1,0,0,0,0,0,0,0
motthegioi.vn,0,0,1,3,0,0,0,0,0,1,0,0,0,0,0,0,0
nypost.com,0,0,1,4,0,0,0,0,0,1,0,0,0,0,0,0,0
medium.com,0,1,1,2,0,0,0,0,0,0,0,0,0,0,0,0,0
olx.in,0,0,1,3,0,0,0,0,0,1,0,0,0,0,0,0,0
torrentdn.com,0,0,1,2,0,0,0,0,0,1,0,0,0,0,0,0,0
motthegioi.vn,0,0,1,3,0,0,0,0,0,1,0,0,0,0,0,0,0
censor.net.ua,0,0,1,14,0,0,0,0,0,1,0,0,0,0,0,0,0
codepen.io,0,0,1,2,0,0,0,0,0,1,0,0,0,0,0,0,0
torcache.net,0,0,1,2,0,0,0,0,0,1,0,0,0,0,0,0,0
otomoto.pl,0,0,1,4,0,0,0,0,0,1,0,0,0,0,0,0,0
zozo.jp,0,0,1,2,0,0,0,0,0,1,0,0,0,0,0,0,0
interpark.com,0,0,1,2,0,0,0,0,0,1,0,0,0,0,0,0,0
khabaronline.ir,0,0,1,5,0,0,0,0,0,1,0,0,0,0,0,0,0
elitedaily.com,0,0,1,4,0,0,0,0,0,1,0,0,0,0,0,0,0
extratorrent.cc,0,0,1,3,0,0,0,0,0,1,0,0,0,0,0,0,0
taboola.com,0,0,1,2,0,0,0,0,0,1,0,0,0,0,0,0,0
olx.ua,0,0,1,2,0,0,0,0,0,1,0,0,0,0,0,0,0
qz.com,0,0,1,2,0,0,0,0,0,1,0,0,0,0,0,0,0
hollywoodlife.com,0,0,1,4,0,0,0,0,0,1,0,0,0,0,0,0,0
olx.ro,0,0,1,7,0,0,0,0,0,1,0,0,0,0,0,0,0
mirtesen.ru,0,0,1,1,0,0,0,0,0,1,0,0,0,0,0,0,0
tobogo.net,0,0,1,2,0,0,0,0,0,1,0,0,0,0,0,0,0
icicibank.com,0,0,1,3,0,0,0,0,0,1,0,0,0,0,0,0,0
buzzfil.net,0,0,1,3,0,0,0,0,0,1,0,0,0,0,0,0,0
torcache.net,0,0,1,2,0,0,0,0,0,1,0,0,0,0,0,0,0
otomoto.pl,0,0,1,2,0,0,0,0,0,1,0,0,0,0,0,0,0
1337x.to,0,0,1,3,0,0,0,0,0,1,0,0,0,0,0,0,0
gizmodo.com,0,0,1,2,0,0,0,0,0,1,0,0,0,0,0,0,0
icicibank.com,0,0,1,3,0,0,0,0,0,1,0,0,0,0,0,0,0
medium.com,0,1,1,2,0,0,0,0,0,0,0,0,0,0,0,0,0
interpark.com,0,0,1,2,0,0,0,0,0,1,0,0,0,0,0,0,0
babal.net,0,0,1,4,0,0,0,0,0,1,0,0,0,0,0,0,0
gawker.com,0,0,1,1,0,0,0,0,0,1,0,0,0,0,0,0,0
atwiki.jp,0,0,1,2,0,0,0,0,0,1,0,0,0,0,0,0,0
motthegioi.vn,0,0,1,2,0,0,0,0,0,1,0,0,0,0,0,0,0
emgn.com,0,0,1,2,0,0,0,0,0,1,0,0,0,0,0,0,0
torcache.net,0,0,1,2,0,0,0,0,0,1,0,0,0,0,0,0,0
web.de,0,0,1,6,0,0,0,0,0,1,0,0,0,0,0,0,0
momoshop.com.tw,0,0,1,2,0,0,0,0,0,1,0,0,0,0,0,0,0
pornsharing.com,0,0,1,1,0,0,0,0,0,1,0,0,0,0,0,0,0
perezhilton.com,0,0,1,1,0,0,0,0,0,1,0,0,0,0,0,0,0
katproxy.com,0,0,1,1,0,0,0,0,0,1,0,0,0,0,0,0,0
sfglobe.com,0,0,1,4,0,0,0,0,0,1,0,0,0,0,0,0,0
thechive.com,0,0,1,2,0,0,0,0,0,1,0,0,0,0,0,0,0
katproxy.com,0,0,1,1,0,0,0,0,0,1,0,0,0,0,0,0,0
motthegioi.vn,0,0,1,3,0,0,0,0,0,1,0,0,0,0,0,0,0
tinnhanh360.net,0,0,1,1,0,0,0,0,0,1,0,0,0,0,0,0,0
onedio.com,0,0,1,2,0,0,0,0,0,1,0,0,0,0,0,0,0
lifehacker.com,0,0,1,1,0,0,0,0,0,1,0,0,0,0,0,0,0
depositphotos.com,0,0,1,2,0,0,0,0,0,1,0,0,0,0,0,0,0
depositphotos.com,0,0,1,1,0,0,0,0,0,1,0,0,0,0,0,0,0
bankmellat.ir,0,0,1,1,0,0,0,0,0,1,0,0,0,0,0,0,0
torcache.net,0,0,1,2,0,0,0,0,0,1,0,0,0,0,0,0,0
icicibank.com,0,0,1,3,0,0,0,0,0,1,0,0,0,0,0,0,0
depositphotos.com,0,0,1,1,0,0,0,0,0,1,0,0,0,0,0,0,0
olx.ua,0,0,1,3,0,0,0,0,0,1,0,0,0,0,0,0,0
mylust.com,0,0,1,3,0,0,0,0,0,1,0,0,0,0,0,0,0
techcrunch.com,0,0,1,4,0,0,0,0,0,1,0,0,0,0,0,0,0
extratorrent.cc,0,0,1,3,0,0,0,0,0,1,0,0,0,0,0,0,0
thenextweb.com,0,0,1,7,0,0,0,0,0,1,0,0,0,0,0,0,0
kickass.to,0,0,1,1,0,0,0,0,0,1,0,0,0,0,0,0,0
kenh14.vn,0,0,1,2,0,0,0,0,0,1,0,0,0,0,0,0,0
atwiki.jp,0,0,1,2,0,0,0,0,0,1,0,0,0,0,0,0,0
emgn.com,0,0,1,2,0,0,0,0,0,1,0,0,0,0,0,0,0
medium.com,0,0,1,2,0,0,0,0,0,0,0,0,0,0,0,0,0
distractify.com,0,0,1,10,0,0,0,0,0,1,0,0,0,0,0,0,0
plarium.com,0,0,1,5,0,0,0,0,0,1,0,0,0,0,0,0,0
censor.net.ua,0,0,1,3,0,0,0,0,0,1,0,0,0,0,0,0,0
sourceforge.net,0,0,1,3,0,0,0,0,0,1,0,0,0,0,0,0,0
otomoto.pl,0,0,1,4,0,0,0,0,0,1,0,0,0,0,0,0,0
kenh14.vn,0,0,1,2,0,0,0,0,0,1,0,0,0,0,0,0,0
icicibank.com,0,0,1,3,0,0,0,0,0,1,0,0,0,0,0,0,0
xhamster.com,0,0,1,3,0,0,0,0,0,1,0,0,0,0,0,0,0
tobogo.net,0,0,1,2,0,0,0,0,0,1,0,0,0,0,0,0,0
smallseotools.com,0,0,1,2,0,0,0,0,0,1,0,0,0,0,0,0,0
thenextweb.com,0,0,1,6,0,0,0,0,0,1,0,0,0,0,0,0,0
comicbook.com,0,0,1,4,0,0,0,0,0,1,0,0,0,0,0,0,0
sourceforge.net,0,0,1,3,0,0,0,0,0,1,0,0,0,0,0,0,0
moviepilot.com,0,0,1,5,0,0,0,0,0,1,0,0,0,0,0,0,0
fc2.com,0,0,1,3,0,0,0,0,0,1,0,0,0,0,0,0,0
bestblackhatforum.com,0,0,1,1,0,0,0,0,0,1,0,0,0,0,0,0,0
mic.com,0,0,1,3,0,0,0,0,0,1,0,0,0,0,0,0,0
twitter.com,0,0,1,1,0,0,0,0,0,0,0,0,0,0,0,0,0
momoshop.com.tw,0,0,1,2,0,0,0,0,0,1,0,0,0,0,0,0,0
distractify.com,0,0,1,10,0,0,0,0,0,1,0,0,0,0,0,0,0
worldoftanks.ru,0,0,1,5,0,0,0,0,0,1,0,0,0,0,0,0,0
worldoftanks.ru,0,0,1,5,0,0,0,0,0,1,0,0,0,0,0,0,0
superuser.com,0,0,1,3,0,0,0,0,0,1,0,0,0,0,0,0,0
babal.net,0,0,1,4,0,0,0,0,0,1,0,0,0,0,0,0,0
kenh14.vn,0,0,1,2,0,0,0,0,0,1,0,0,0,0,0,0,0
moviepilot.com,0,0,1,5,0,0,0,0,0,1,0,0,0,0,0,0,0
codepen.io,0,0,1,3,0,0,0,0,0,1,0,0,0,0,0,0,0
kakaku.com,0,0,1,6,0,0,0,0,0,1,0,0,0,0,0,0,0
askubuntu.com,0,0,1,3,0,0,0,0,0,1,0,0,0,0,0,0,0
maybank2u.com.my,0,0,1,4,0,0,0,0,0,1,0,0,0,0,0,0,0
maybank2u.com.my,0,0,1,4,0,0,0,0,0,1,0,0,0,0,0,0,0
udn.com,0,0,1,4,0,0,0,0,0,1,0,0,0,0,0,0,0
ringring.vn,0,0,1,1,0,0,0,0,0,1,0,0,0,0,0,0,0
wikiwiki.jp,0,0,1,1,0,0,0,0,0,1,0,0,0,0,0,0,0
thenextweb.com,0,0,1,6,0,0,0,0,0,1,0,0,0,0,0,0,0
alwafd.org,0,0,1,4,0,0,0,0,0,1,0,0,0,0,0,0,0
olx.in,0,0,1,3,0,0,0,0,0,1,0,0,0,0,0,0,0
kotaku.com,0,0,1,3,0,0,0,0,0,1,0,0,0,0,0,0,0
superuser.com,0,0,1,3,0,0,0,0,0,1,0,0,0,0,0,0,0
xhamster.com,0,0,1,3,0,0,0,0,0,1,0,0,0,0,0,0,0
aljazeera.net,0,0,1,4,0,0,0,0,0,1,0,0,0,0,0,0,0
censor.net.ua,0,0,1,14,0,0,0,0,0,1,0,0,0,0,0,0,0
khabaronline.ir,0,0,1,5,0,0,0,0,0,1,0,0,0,0,0,0,0
mylust.com,0,0,1,3,0,0,0,0,0,1,0,0,0,0,0,0,0
searchengineland.com,0,0,1,1,0,0,0,0,0,1,0,0,0,0,0,0,0
syosetu.com,0,0,1,3,0,0,0,0,0,1,0,0,0,0,0,0,0
getpocket.com,0,0,1,1,1,0,0,0,0,1,0,0,0,0,0,0,0
steamcommunity.com,0,0,1,6,1,0,0,0,0,1,0,0,0,0,0,0,0
twitter.com,0,0,1,1,0,0,0,0,0,0,0,0,0,0,0,0,0
qz.com,0,0,1,2,0,0,0,0,0,1,0,0,0,0,0,0,0
tinnhanh360.net,0,0,1,1,0,0,0,0,0,1,0,0,0,0,0,0,0
qz.com,0,0,1,2,0,0,0,0,0,1,0,0,0,0,0,0,0
codecanyon.net,0,0,1,4,0,0,0,0,0,1,0,0,0,0,0,0,0
tobogo.net,0,0,1,2,0,0,0,0,0,1,0,0,0,0,0,0,0
tobogo.net,0,0,1,2,0,0,0,0,0,1,0,0,0,0,0,0,0
skyrock.com,0,0,1,2,0,0,0,0,0,1,0,0,0,0,0,0,0
nesn.com,0,0,1,3,0,0,0,0,0,1,0,0,0,0,0,0,0
distractify.com,0,0,1,10,0,0,0,0,0,1,0,0,0,0,0,0,0
motthegioi.vn,0,0,1,2,0,0,0,0,0,1,0,0,0,0,0,0,0
extratorrent.cc,0,0,1,3,0,0,0,0,0,1,0,0,0,0,0,0,0
elitedaily.com,0,0,1,3,0,0,0,0,0,1,0,0,0,0,0,0,0
web.tv,0,0,1,8,0,0,0,0,0,1,0,0,0,0,0,0,0
distractify.com,0,0,1,10,0,0,0,0,0,1,0,0,0,0,0,0,0
atwiki.jp,0,0,1,3,0,0,0,0,0,1,0,0,0,0,0,0,0
indianexpress.com,0,0,1,4,0,0,0,0,0,1,0,0,0,0,0,0,0
kenh14.vn,0,0,1,2,0,0,0,0,0,1,0,0,0,0,0,0,0
askubuntu.com,0,0,1,3,0,0,0,0,0,1,0,0,0,0,0,0,0
distractify.com,0,0,1,10,0,0,0,0,0,1,0,0,0,0,0,0,0
tobogo.net,0,0,1,2,0,0,0,0,0,1,0,0,0,0,0,0,0
indianexpress.com,0,0,1,4,0,0,0,0,0,1,0,0,0,0,0,0,0
thenextweb.com,0,0,1,7,0,0,0,0,0,1,0,0,0,0,0,0,0
emgn.com,0,0,1,2,0,0,0,0,0,1,0,0,0,0,0,0,0
sourceforge.net,0,0,1,2,0,0,0,0,0,1,0,0,0,0,0,0,0
mashable.com,0,0,1,5,0,0,0,0,0,1,0,0,0,0,0,0,0
emgn.com,0,0,1,2,0,0,0,0,0,1,0,0,0,0,0,0,0
twitter.com,0,0,1,1,0,0,0,0,0,0,0,0,0,0,0,0,0
oneplus.net,0,0,1,4,0,0,0,0,0,1,0,0,0,0,0,0,0
wordpress.org,0,0,1,8,0,0,0,0,0,0,0,0,0,0,0,0,0
thenextweb.com,0,0,1,5,0,0,0,0,0,1,0,0,0,0,0,0,0
nymag.com,0,0,1,5,0,0,0,0,0,1,0,0,0,0,0,0,0
techcrunch.com,0,0,1,1,0,0,0,0,0,1,0,0,0,0,0,0,0
sourceforge.net,0,0,1,3,0,0,0,0,0,1,0,0,0,0,0,0,0
askubuntu.com,0,0,1,3,0,0,0,0,0,1,0,0,0,0,0,0,0
kakaku.com,0,0,1,6,0,0,0,0,0,1,0,0,0,0,0,0,0
themeforest.net,0,0,1,4,0,0,0,0,0,1,0,0,0,0,0,0,0
interpark.com,0,0,1,2,0,0,0,0,0,1,0,0,0,0,0,0,0
indianexpress.com,0,0,1,4,0,0,0,0,0,1,0,0,0,0,0,0,0
codecanyon.net,0,0,1,4,0,0,0,0,0,1,0,0,0,0,0,0,0
twitter.com,0,0,1,1,0,0,0,0,0,0,0,0,0,0,0,0,0
1337x.to,0,0,1,3,0,0,0,0,0,1,0,0,0,0,0,0,0
thenextweb.com,0,0,1,6,0,0,0,0,0,1,0,0,0,0,0,0,0
lastpass.com,0,0,1,1,0,0,0,0,0,1,0,0,0,0,0,0,0
distractify.com,0,0,1,10,0,0,0,0,0,1,0,0,0,0,0,0,0
mic.com,0,0,1,3,0,0,0,0,0,1,0,0,0,0,0,0,0
motthegioi.vn,0,0,1,2,0,0,0,0,0,1,0,0,0,0,0,0,0
1337x.to,0,0,1,3,0,0,0,0,0,1,0,0,0,0,0,0,0
katproxy.com,0,0,1,1,0,0,0,0,0,1,0,0,0,0,0,0,0
twitter.com,0,0,1,1,0,0,0,0,0,0,0,0,0,0,0,0,0
cheezburger.com,0,0,1,2,0,0,0,0,0,1,0,0,0,0,0,0,0
mic.com,0,0,1,3,0,0,0,0,0,1,0,0,0,0,0,0,0
motthegioi.vn,0,0,1,3,0,0,0,0,0,1,0,0,0,0,0,0,0
buzzfil.net,0,0,1,4,0,0,0,0,0,1,0,0,0,0,0,0,0
genius.com,0,0,1,3,0,0,0,0,0,1,0,0,0,0,0,0,0
nesn.com,0,0,1,3,0,0,0,0,0,1,0,0,0,0,0,0,0
rocketnews24.com,0,0,1,4,0,0,0,0,0,1,0,0,0,0,0,0,0
interpark.com,0,0,1,2,0,0,0,0,0,1,0,0,0,0,0,0,0
prezi.com,0,0,1,4,0,0,0,0,0,1,0,0,0,0,0,0,0
cheezburger.com,0,0,1,2,0,0,0,0,0,1,0,0,0,0,0,0,0
bestblackhatforum.com,0,0,1,1,0,0,0,0,0,1,0,0,0,0,0,0,0
emgn.com,0,0,1,2,0,0,0,0,0,1,0,0,0,0,0,0,0
superuser.com,0,0,1,3,0,0,0,0,0,1,0,0,0,0,0,0,0
distractify.com,0,0,1,10,0,0,0,0,0,1,0,0,0,0,0,0,0
bdnews24.com,0,0,1,5,0,0,0,0,0,1,0,0,0,0,0,0,0
mylust.com,0,0,1,3,0,0,0,0,0,1,0,0,0,0,0,0,0
seesaawiki.jp,0,0,1,4,0,0,0,0,0,1,0,0,0,0,0,0,0
venturebeat.com,0,0,1,4,0,0,0,0,0,1,0,0,0,0,0,0,0
nesn.com,0,0,1,3,0,0,0,0,0,1,0,0,0,0,0,0,0
bdnews24.com,0,0,1,5,0,0,0,0,0,1,0,0,0,0,0,0,0
slickdeals.net,0,0,1,2,0,0,0,0,0,1,0,0,0,0,0,0,0
torcache.net,0,0,1,2,0,0,0,0,0,1,0,0,0,0,0,0,0
chaturbate.com,0,0,1,3,0,0,0,0,0,1,0,0,0,0,0,0,0
eksisozluk.com,0,0,1,0,0,0,0,0,0,1,0,0,0,0,0,0,0
seesaawiki.jp,0,0,1,4,0,0,0,0,0,1,0,0,0,0,0,0,0
olx.ua,0,0,1,2,0,0,0,0,0,1,0,0,0,0,0,0,0
tunein.com,0,0,1,5,0,0,0,0,0,1,0,0,0,0,0,0,0
techcrunch.com,0,0,1,4,0,0,0,0,0,1,0,0,0,0,0,0,0
udn.com,0,0,1,4,0,0,0,0,0,1,0,0,0,0,0,0,0
sfglobe.com,0,0,1,4,0,0,0,0,0,1,0,0,0,0,0,0,0
akhbarelyom.com,0,0,1,5,0,0,0,0,0,1,0,0,0,0,0,0,0
distractify.com,0,0,1,2,0,0,0,0,0,1,0,0,0,0,0,0,0
tunein.com,0,0,1,5,0,0,0,0,0,1,0,0,0,0,0,0,0
chaturbate.com,0,0,1,3,0,0,0,0,0,1,0,0,0,0,0,0,0
allegro.pl,0,0,1,2,0,0,0,0,0,1,0,0,0,0,0,0,0
tinypic.com,0,0,1,1,0,0,0,0,0,1,0,0,0,0,0,0,0
putlocker.is,0,0,1,1,0,0,0,0,0,1,0,0,0,0,0,0,0
tobogo.net,0,0,1,2,0,0,0,0,0,1,0,0,0,0,0,0,0
grantland.com,0,0,1,2,0,0,0,0,0,1,0,0,0,0,0,0,0
plarium.com,0,0,1,5,0,0,0,0,0,1,0,0,0,0,0,0,0
censor.net.ua,0,0,1,3,0,0,0,0,0,1,0,0,0,0,0,0,0
kienthuc.net.vn,0,0,1,2,0,0,0,0,0,1,0,0,0,0,0,0,0
torcache.net,0,0,1,2,0,0,0,0,0,1,0,0,0,0,0,0,0
otomoto.pl,0,0,1,4,0,0,0,0,0,1,0,0,0,0,0,0,0
thenextweb.com,0,0,1,6,0,0,0,0,0,1,0,0,0,0,0,0,0
mylust.com,0,0,1,3,0,0,0,0,0,1,0,0,0,0,0,0,0
teespring.com,0,0,1,1,0,0,0,0,0,1,0,0,0,0,0,0,0
askubuntu.com,0,0,1,3,0,0,0,0,0,1,0,0,0,0,0,0,0
tunein.com,0,0,1,5,0,0,0,0,0,1,0,0,0,0,0,0,0
motthegioi.vn,0,0,1,3,0,0,0,0,0,1,0,0,0,0,0,0,0
olx.co.id,0,0,1,2,0,0,0,0,0,1,0,0,0,0,0,0,0
pikabu.ru,0,0,1,2,0,0,0,0,0,1,0,0,0,0,0,0,0
momoshop.com.tw,0,0,1,2,0,0,0,0,0,1,0,0,0,0,0,0,0
tobogo.net,0,0,1,2,0,0,0,0,0,1,0,0,0,0,0,0,0
mylust.com,0,0,1,3,0,0,0,0,0,1,0,0,0,0,0,0,0
otomoto.pl,0,0,1,4,0,0,0,0,0,1,0,0,0,0,0,0,0
emgn.com,0,0,1,2,0,0,0,0,0,1,0,0,0,0,0,0,0
mic.com,0,0,1,3,0,0,0,0,0,1,0,0,0,0,0,0,0
kakaku.com,0,0,1,6,0,0,0,0,0,1,0,0,0,0,0,0,0
mic.com,0,0,1,3,0,0,0,0,0,1,0,0,0,0,0,0,0
gawker.com,0,0,1,2,0,0,0,0,0,1,0,0,0,0,0,0,0
bdnews24.com,0,0,1,5,0,0,0,0,0,1,0,0,0,0,0,0,0
buzzfil.net,0,0,1,4,0,0,0,0,0,1,0,0,0,0,0,0,0
superuser.com,0,0,1,3,0,0,0,0,0,1,0,0,0,0,0,0,0
tobogo.net,0,0,1,2,0,0,0,0,0,1,0,0,0,0,0,0,0
grantland.com,0,0,1,2,0,0,0,0,0,1,0,0,0,0,0,0,0
emgn.com,0,0,1,2,0,0,0,0,0,1,0,0,0,0,0,0,0
mashable.com,0,0,1,6,0,0,0,0,0,1,0,0,0,0,0,0,0
olx.ua,0,0,1,3,0,0,0,0,0,1,0,0,0,0,0,0,0
extratorrent.cc,0,0,1,3,0,0,0,0,0,1,0,0,0,0,0,0,0
torcache.net,0,0,1,2,0,0,0,0,0,1,0,0,0,0,0,0,0
metro.co.uk,0,0,1,4,0,0,0,0,0,1,0,0,0,0,0,0,0
metro.co.uk,0,0,1,4,0,0,0,0,0,1,0,0,0,0,0,0,0
atwiki.jp,0,0,1,2,0,0,0,0,0,1,0,0,0,0,0,0,0
digg.com,0,0,1,2,0,0,0,0,0,1,0,0,0,0,0,0,0
mashable.com,0,0,1,5,0,0,0,0,0,1,0,0,0,0,0,0,0
tinnhanh360.net,0,0,1,1,0,0,0,0,0,1,0,0,0,0,0,0,0
fanpage.gr,0,0,1,3,0,0,0,0,0,1,0,0,0,0,0,0,0
udn.com,0,0,1,4,0,0,0,0,0,1,0,0,0,0,0,0,0
distractify.com,0,0,1,10,0,0,0,0,0,1,0,0,0,0,0,0,0
bdnews24.com,0,0,1,5,0,0,0,0,0,1,0,0,0,0,0,0,0
how-old.net,0,0,1,2,0,0,0,1,0,1,0,0,0,0,0,0,0
nypost.com,0,0,1,4,0,0,0,0,0,1,0,0,0,0,0,0,0
udn.com,0,0,1,4,0,0,0,0,0,1,0,0,0,0,0,0,0
twitter.com,0,0,1,1,0,0,0,0,0,0,0,0,0,0,0,0,0
allegro.pl,0,0,1,2,0,0,0,0,0,1,0,0,0,0,0,0,0
variety.com,0,0,1,4,0,0,0,0,0,1,0,0,0,0,0,0,0
askubuntu.com,0,0,1,3,0,0,0,0,0,1,0,0,0,0,0,0,0
correios.com.br,0,0,1,3,0,0,0,0,0,1,0,0,0,0,0,0,0
pitchfork.com,0,0,1,2,0,0,0,0,0,1,0,0,0,0,0,0,0
olx.co.id,0,0,1,7,0,0,0,0,0,1,0,0,0,0,0,0,0
techcrunch.com,0,0,1,3,0,0,0,0,0,1,0,0,0,0,0,0,0
torcache.net,0,0,1,2,0,0,0,0,0,1,0,0,0,0,0,0,0
uproxx.com,0,0,1,4,0,0,0,0,0,1,0,0,0,0,0,0,0
bleacherreport.com,0,0,1,2,0,0,0,0,0,1,0,0,0,0,0,0,0
thenextweb.com,0,0,1,6,0,0,0,0,0,1,0,0,0,0,0,0,0
fortune.com,0,0,1,2,0,0,0,0,0,1,0,0,0,0,0,0,0
thenextweb.com,0,0,1,5,0,0,0,0,0,1,0,0,0,0,0,0,0
web.de,0,0,1,3,0,0,0,0,0,1,0,0,0,0,0,0,0
tobogo.net,0,0,1,2,0,0,0,0,0,1,0,0,0,0,0,0,0
kotaku.com,0,0,1,2,0,0,0,0,0,1,0,0,0,0,0,0,0
thenextweb.com,0,0,1,6,0,0,0,0,0,1,0,0,0,0,0,0,0
thenextweb.com,0,0,1,7,0,0,0,0,0,1,0,0,0,0,0,0,0
ap.org,0,0,1,4,0,0,0,0,0,1,0,0,0,0,0,0,0
khabaronline.ir,0,0,1,5,0,0,0,0,0,1,0,0,0,0,0,0,0
twitter.com,0,0,1,1,0,0,0,0,0,0,0,0,0,0,0,0,0
cox.com,0,0,1,2,0,0,0,0,0,1,0,0,0,0,0,0,0
techcrunch.com,0,0,1,4,0,0,0,0,0,1,0,0,0,0,0,0,0
torcache.net,0,0,1,2,0,0,0,0,0,1,0,0,0,0,0,0,0
ck101.com,0,0,1,1,0,0,0,0,0,1,0,0,0,0,0,0,0
olx.ro,0,0,1,5,0,0,0,0,0,1,0,0,0,0,0,0,0
grantland.com,0,0,1,2,0,0,0,0,0,1,0,0,0,0,0,0,0
dribbble.com,0,0,1,2,0,0,0,0,0,1,0,0,0,0,0,0,0
buzzfil.net,0,0,1,4,0,0,0,0,0,1,0,0,0,0,0,0,0
atwiki.jp,0,0,1,2,0,0,0,0,0,1,0,0,0,0,0,0,0
www.gov.uk,0,0,1,3,0,0,0,0,0,0,0,0,0,0,0,0,0
udn.com,0,0,1,4,0,0,0,0,0,1,0,0,0,0,0,0,0
sourceforge.net,0,0,1,3,0,0,0,0,0,1,0,0,0,0,0,0,0
depositphotos.com,0,0,1,1,0,0,0,0,0,1,0,0,0,0,0,0,0
thenextweb.com,0,0,1,6,0,0,0,0,0,1,0,0,0,0,0,0,0
maybank2u.com.my,0,0,1,4,0,0,0,0,0,1,0,0,0,0,0,0,0
kenh14.vn,0,0,1,2,0,0,0,0,0,1,0,0,0,0,0,0,0
buzzfil.net,0,0,1,4,0,0,0,0,0,1,0,0,0,0,0,0,0
babal.net,0,0,1,4,0,0,0,0,0,1,0,0,0,0,0,0,0
paytm.com,0,0,1,6,0,0,0,0,0,1,0,0,0,0,0,0,0
torrentdn.com,0,0,1,2,0,0,0,0,0,1,0,0,0,0,0,0,0
distractify.com,0,0,1,10,0,0,0,0,0,1,0,0,0,0,0,0,0
medium.com,0,0,1,2,0,0,0,0,0,0,0,0,0,0,0,0,0
thenextweb.com,0,0,1,6,0,0,0,0,0,1,0,0,0,0,0,0,0
themeforest.net,0,0,1,4,0,0,0,0,0,1,0,0,0,0,0,0,0
olx.ua,0,0,1,2,0,0,0,0,0,1,0,0,0,0,0,0,0
torcache.net,0,0,1,2,0,0,0,0,0,1,0,0,0,0,0,0,0
9gag.tv,0,0,1,3,0,0,0,0,0,1,0,0,0,0,0,0,0
sfglobe.com,0,0,1,4,0,0,0,0,0,1,0,0,0,0,0,0,0
techcrunch.com,0,0,1,4,0,0,0,0,0,1,0,0,0,0,0,0,0
babal.net,0,0,1,4,0,0,0,0,0,1,0,0,0,0,0,0,0
elitedaily.com,0,0,1,4,0,0,0,0,0,1,0,0,0,0,0,0,0
skyrock.com,0,0,1,2,0,0,0,0,0,1,0,0,0,0,0,0,0
allegro.pl,0,0,1,2,0,0,0,0,0,1,0,0,0,0,0,0,0
europa.eu,0,0,1,6,0,0,0,0,0,0,0,0,0,0,0,0,0
ap.org,0,0,1,4,0,0,0,0,0,1,0,0,0,0,0,0,0
torcache.net,0,0,1,2,0,0,0,0,0,1,0,0,0,0,0,0,0
torcache.net,0,0,1,2,0,0,0,0,0,1,0,0,0,0,0,0,0
torcache.net,0,0,1,2,0,0,0,0,0,1,0,0,0,0,0,0,0
techcrunch.com,0,0,1,4,0,0,0,0,0,1,0,0,0,0,0,0,0
searchengineland.com,0,0,1,1,0,0,0,0,0,1,0,0,0,0,0,0,0
maybank2u.com.my,0,0,1,4,0,0,0,0,0,1,0,0,0,0,0,0,0
extratorrent.cc,0,0,1,3,0,0,0,0,0,1,0,0,0,0,0,0,0
venturebeat.com,0,0,1,4,0,0,0,0,0,1,0,0,0,0,0,0,0
ap.org,0,0,1,4,0,0,0,0,0,1,0,0,0,0,0,0,0
mylust.com,0,0,1,3,0,0,0,0,0,1,0,0,0,0,0,0,0
extratorrent.cc,0,0,1,3,0,0,0,0,0,1,0,0,0,0,0,0,0
torcache.net,0,0,1,2,0,0,0,0,0,1,0,0,0,0,0,0,0
kickass.to,0,0,1,1,0,0,0,0,0,1,0,0,0,0,0,0,0
seesaawiki.jp,0,0,1,3,0,0,0,0,0,1,0,0,0,0,0,0,0
otomoto.pl,0,0,1,6,0,0,0,0,0,1,0,0,0,0,0,0,0
getpocket.com,0,0,1,4,0,0,0,0,0,1,0,0,0,0,0,0,0
extratorrent.cc,0,0,1,3,0,0,0,0,0,1,0,0,0,0,0,0,0
web.de,0,0,1,6,0,0,0,0,0,1,0,0,0,0,0,0,0
olx.ro,0,0,1,7,0,0,0,0,0,1,0,0,0,0,0,0,0
distractify.com,0,0,1,10,0,0,0,0,0,1,0,0,0,0,0,0,0
perezhilton.com,0,0,1,1,0,0,0,0,0,1,0,0,0,0,0,0,0
hollywoodlife.com,0,0,1,4,0,0,0,0,0,1,0,0,0,0,0,0,0
bdnews24.com,0,0,1,5,0,0,0,0,0,1,0,0,0,0,0,0,0
olx.ua,0,0,1,2,0,0,0,0,0,1,0,0,0,0,0,0,0
askubuntu.com,0,0,1,3,0,0,0,0,0,1,0,0,0,0,0,0,0
io9.com,0,0,1,3,0,0,0,0,0,1,0,0,0,0,0,0,0
torcache.net,0,0,1,2,0,0,0,0,0,1,0,0,0,0,0,0,0
bdnews24.com,0,0,1,5,0,0,0,0,0,1,0,0,0,0,0,0,0
allrecipes.com,0,0,1,5,0,0,0,0,0,1,0,0,0,0,0,0,0
indianexpress.com,0,0,1,4,0,0,0,0,0,1,0,0,0,0,0,0,0
motthegioi.vn,0,0,1,2,0,0,0,0,0,1,0,0,0,0,0,0,0
quizlet.com,0,0,1,1,0,0,0,0,0,1,0,0,0,0,0,0,0
hootsuite.com,0,0,1,3,0,0,0,0,0,1,0,0,0,0,0,0,0
extratorrent.cc,0,0,1,3,0,0,0,0,0,1,0,0,0,0,0,0,0
torcache.net,0,0,1,2,0,0,0,0,0,1,0,0,0,0,0,0,0
icicibank.com,0,0,1,3,0,0,0,0,0,1,0,0,0,0,0,0,0
espn.go.com,0,0,1,8,0,0,0,0,0,1,0,0,0,0,0,0,0
dribbble.com,0,0,1,2,0,0,0,0,0,1,0,0,0,0,0,0,0
otomoto.pl,0,0,1,4,0,0,0,0,0,1,0,0,0,0,0,0,0
correios.com.br,0,0,1,3,0,0,0,0,0,1,0,0,0,0,0,0,0
emgn.com,0,0,1,2,0,0,0,0,0,1,0,0,0,0,0,0,0
pikabu.ru,0,0,1,3,0,0,0,0,0,1,0,0,0,0,0,0,0
tinnhanh360.net,0,0,1,1,0,0,0,0,0,1,0,0,0,0,0,0,0
dantri.com.vn,0,0,1,3,0,0,0,0,0,1,0,0,0,0,0,0,0
rocketnews24.com,0,0,1,2,0,0,0,0,0,1,0,0,0,0,0,0,0
espn.go.com,0,0,1,8,0,0,0,0,0,1,0,0,0,0,0,0,0
codecanyon.net,0,0,1,1,0,0,0,0,0,1,0,0,0,0,0,0,0
emgn.com,0,0,1,2,0,0,0,0,0,1,0,0,0,0,0,0,0
depositphotos.com,0,0,1,1,0,0,0,0,0,1,0,0,0,0,0,0,0
otomoto.pl,0,0,1,2,0,0,0,0,0,1,0,0,0,0,0,0,0
indianexpress.com,0,0,1,4,0,0,0,0,0,1,0,0,0,0,0,0,0
kenh14.vn,0,0,1,2,0,0,0,0,0,1,0,0,0,0,0,0,0
nymag.com,0,0,1,4,0,0,0,0,0,1,0,0,0,0,0,0,0
ringring.vn,0,0,1,3,0,0,0,0,0,1,0,0,0,0,0,0,0
correios.com.br,0,0,1,3,0,0,0,0,0,1,0,0,0,0,0,0,0
udn.com,0,0,1,4,0,0,0,0,0,1,0,0,0,0,0,0,0
myspace.com,0,0,1,4,0,0,0,0,0,1,0,0,0,0,0,0,0
oneplus.net,0,0,1,6,0,0,0,0,0,1,0,0,0,0,0,0,0
torcache.net,0,0,1,2,0,0,0,0,0,1,0,0,0,0,0,0,0
dantri.com.vn,0,0,1,2,0,0,0,0,0,1,0,0,0,0,0,0,0
bankmellat.ir,0,0,1,1,0,0,0,0,0,1,0,0,0,0,0,0,0
venturebeat.com,0,0,1,4,0,0,0,0,0,1,0,0,0,0,0,0,0
bdnews24.com,0,0,1,5,0,0,0,0,0,1,0,0,0,0,0,0,0
pikabu.ru,0,0,1,2,0,0,0,0,0,1,0,0,0,0,0,0,0
kenh14.vn,0,0,1,2,0,0,0,0,0,1,0,0,0,0,0,0,0
techcrunch.com,0,0,1,4,0,0,0,0,0,1,0,0,0,0,0,0,0
paytm.com,0,0,1,2,0,0,0,0,0,1,0,0,0,0,0,0,0
otomoto.pl,0,0,1,7,0,0,0,0,0,1,0,0,0,0,0,0,0
depositphotos.com,0,0,1,1,0,0,0,0,0,1,0,0,0,0,0,0,0
dantri.com.vn,0,0,1,2,0,0,0,0,0,1,0,0,0,0,0,0,0
vnexpress.net,0,0,1,3,0,0,0,0,0,1,0,0,0,0,0,0,0
allegro.pl,0,0,1,1,0,0,0,0,0,1,0,0,0,0,0,0,0
olx.ro,0,0,1,7,0,0,0,0,0,1,0,0,0,0,0,0,0
jalopnik.com,0,0,1,1,0,0,0,0,0,1,0,0,0,0,0,0,0
seesaawiki.jp,0,0,1,4,0,0,0,0,0,1,0,0,0,0,0,0,0
onedio.com,0,0,1,2,0,0,0,0,0,1,0,0,0,0,0,0,0
udn.com,0,0,1,4,0,0,0,0,0,1,0,0,0,0,0,0,0
perezhilton.com,0,0,1,2,0,0,0,0,0,1,0,0,0,0,0,0,0
babal.net,0,0,1,5,0,0,0,0,0,1,0,0,0,0,0,0,0
500px.com,0,0,1,3,0,0,0,0,0,1,0,0,0,0,0,0,0
olx.ro,0,0,1,5,0,0,0,0,0,1,0,0,0,0,0,0,0
sourceforge.net,0,0,1,2,0,0,0,0,0,1,0,0,0,0,0,0,0
interpark.com,0,0,1,2,0,0,0,0,0,1,0,0,0,0,0,0,0
moviepilot.com,0,0,1,5,0,0,0,0,0,1,0,0,0,0,0,0,0
yourlust.com,0,0,1,2,0,0,0,0,0,1,0,0,0,0,0,0,0
ecnavi.jp,0,0,1,1,1,0,0,0,0,1,0,0,0,0,0,0,0
fazenda.gov.br,0,0,1,4,0,0,0,0,0,1,0,0,0,0,0,0,0
nypost.com,0,0,1,4,0,0,0,0,0,1,0,0,0,0,0,0,0
ap.org,0,0,1,4,0,0,0,0,0,1,0,0,0,0,0,0,0
babal.net,0,0,1,4,0,0,0,0,0,1,0,0,0,0,0,0,0
depositphotos.com,0,0,1,2,0,0,0,0,0,1,0,0,0,0,0,0,0
slashdot.org,0,0,1,1,0,0,0,0,0,1,0,0,0,0,0,0,0
verizon-wirelesscustomerservice.com,0,0,0,0,0,0,0,1,0,1,1,1,0,0,0,0,1
khanimambatraining.co.za,0,0,0,2,0,0,0,0,0,1,1,1,0,0,0,1,1
hetershaven.net,0,0,1,5,0,0,0,0,0,1,1,1,0,0,0,0,1
www.myappwiz.com,0,0,1,2,1,0,0,0,0,1,1,1,0,0,0,0,1
www.checkinitausecurity.com,0,0,0,1,0,0,0,0,0,1,1,1,1,0,1,0,1
www.wpischedbend.pifighter.com,0,0,1,1,0,0,0,0,0,1,1,1,0,0,0,0,1
royalesc.ru,0,0,0,0,0,0,0,0,0,1,1,1,0,0,0,0,1
firebasestorage.googleapis.com,0,1,1,5,0,0,0,0,0,1,1,1,0,1,0,0,1
lenagruessdich.net,0,0,0,1,0,0,0,0,0,1,1,1,0,0,0,1,1
videosfacebook.today,0,0,1,2,0,0,0,0,0,1,1,1,0,0,0,0,1
society-recovery-depart.my.id,0,0,1,1,0,0,0,1,0,1,1,1,0,0,0,0,1
celsahiinc.000webhostapp.com,0,0,0,2,0,0,0,0,1,1,1,1,0,1,0,1,1
barclaycard.signln.link,0,0,0,0,0,0,0,0,0,1,1,1,0,0,0,0,1
castromonitoramento.com.br,0,0,0,2,0,0,0,0,0,1,1,1,1,0,0,1,1
informationchase2.app.link,0,0,0,1,0,0,0,0,0,1,1,1,0,0,0,0,1
medienschmiede-sander.de,0,0,1,2,0,0,0,1,0,1,1,1,0,0,0,0,1
www.meduchet.com,0,0,1,7,0,0,0,0,0,1,1,1,1,0,0,0,1
onedrivecloud.dnsabr.com,0,0,0,2,0,0,0,0,0,1,1,1,0,0,0,0,1
optus.securednetwork.verify-ib.co,0,0,0,0,0,0,0,1,0,1,1,1,0,0,0,0,1
www.gcspolk.com,0,0,1,4,0,0,0,0,0,1,1,1,0,0,1,0,1
colenetlaw-my.sharepoint.com,0,0,1,4,0,0,0,1,0,1,1,1,0,0,0,0,1
www.kisa.link,0,0,0,1,0,0,0,0,0,1,1,1,0,0,0,0,1
policaroautomotive-my.sharepoint.com,0,0,1,5,0,0,0,1,0,1,1,1,0,0,0,0,1
taijishentie.com,0,0,1,2,0,0,0,0,0,1,1,1,0,1,0,1,1
ravinkondo.cloudaccess.host,0,0,1,2,0,0,0,0,0,1,1,1,1,0,0,0,1
arientalscapital.com,0,0,0,4,0,0,0,0,0,1,1,1,0,0,0,0,1
reports.app.link,0,0,0,1,0,0,0,0,0,1,1,1,0,0,0,0,1
grubbwhatsapp.dns04.com,0,0,0,0,0,0,0,0,0,1,1,1,1,0,0,0,1
sellao-managero.joomla.com,0,0,1,5,0,0,0,1,0,1,1,1,0,0,0,0,1
playarprint.com,0,0,1,2,0,0,0,0,0,1,1,1,0,0,1,0,1
blog.directsupply.com,0,0,1,0,0,0,0,0,0,1,1,1,0,0,0,0,1
www.tecnoplanta.cl,0,0,1,9,0,0,0,0,0,1,1,1,0,0,0,0,1
notificationppv.com,0,0,0,0,0,0,0,0,0,1,1,1,1,0,0,0,1
www.courgeon-immobilier.fr,0,0,1,6,0,0,0,1,0,1,1,1,0,0,0,0,1
www.adnet8.com,0,0,1,2,1,0,0,0,0,1,1,1,0,0,0,0,1
storage.googleapis.com,0,0,1,2,0,0,0,0,0,1,1,1,1,0,0,1,1
xn--72ca8ce9ah4dwbp9a8jnd.com,0,0,1,5,0,0,0,1,0,1,1,1,0,0,0,0,1
www.getfbautoliker.com,0,0,0,0,0,0,0,0,0,1,1,1,0,1,0,0,1
4sharedtrend.com,0,0,0,3,0,0,0,0,0,1,1,1,0,0,0,0,1
froxhositng.000webhostapp.com,0,0,0,0,0,0,0,0,1,1,1,1,0,1,0,0,1
wiadomosci-info.24f.eu,0,0,0,0,0,0,0,1,0,1,1,1,0,0,0,0,1
f.qtrip.cc,0,0,0,1,0,0,0,0,0,1,1,1,1,0,0,0,1
pmasc.co.uk,0,0,0,4,0,0,0,0,0,1,1,1,0,0,0,0,1
lz5.1ee.myftpupload.com,0,0,1,2,0,0,0,0,0,1,1,1,0,0,0,0,1
53.com-id9533371.thoughtoholics.net,0,0,1,2,0,0,0,1,0,1,1,1,0,1,0,1,1
webmail1.sonapost.bf,0,0,0,1,0,0,0,0,0,1,1,1,0,0,0,1,1
app44666604777.blogspot.com,0,0,0,0,0,0,0,0,0,1,1,1,0,1,0,0,1
betasus7.blogspot.com,0,0,0,0,0,0,0,0,0,1,1,1,0,0,0,0,1
j3060z7403.codesandbox.io,0,0,0,1,0,0,0,0,0,1,1,1,0,0,0,0,1
ferivikasi-accont56.webnode.com,0,0,0,0,0,0,0,1,0,1,1,1,0,0,0,0,1
duniaanak.org,0,1,1,2,0,0,0,0,0,1,1,1,0,0,1,0,1
www.kristallsolucoes.com.br,0,0,1,2,0,0,0,0,0,1,1,1,0,0,0,0,1
atxr.000webhostapp.com,0,0,0,3,0,0,0,0,1,1,1,1,0,0,0,0,1
duluxshop.lk,0,0,1,3,0,0,0,0,0,1,1,1,1,0,0,0,1
quaestusconsultancy.com,0,0,1,3,0,0,0,0,0,1,1,1,0,0,0,1,1
haileydemarrephotography.com,0,0,1,7,0,0,0,0,0,1,1,1,0,0,0,0,1
adhindia.in,0,0,0,1,0,0,0,0,0,1,1,1,0,0,0,1,1
186.75.130.46,1,0,1,2,0,0,0,0,0,1,1,1,0,0,0,0,1
elvin-trade.kz,0,0,1,5,0,0,0,1,0,1,1,1,0,0,0,0,1
www.paullemmerick.com,0,0,1,5,0,0,0,0,0,1,1,1,0,0,0,0,1
fotoblad.com,0,0,1,4,0,0,0,0,0,1,1,1,0,0,0,0,1
www.zeshiyang.com,0,0,1,4,0,0,0,0,0,1,1,1,0,0,0,0,1
fareast.qa,0,0,1,3,0,0,0,0,0,1,1,1,0,0,0,0,1
www.pattybarrueta.com,0,0,0,3,0,0,0,0,0,1,1,1,0,1,0,0,1
dzd.rksmb.org,0,0,1,5,0,0,0,0,0,1,1,1,0,1,1,0,1
doapositioning.com,0,0,1,5,0,0,0,0,0,1,1,1,0,0,0,0,1
keep.simply-winspace.it,0,0,0,2,0,0,0,1,0,1,1,1,0,0,0,0,1
peru.payulatam.com,0,0,1,2,0,0,0,0,0,1,1,1,1,0,0,0,1
being-in-contact.de,0,0,0,2,0,0,0,1,0,1,1,1,0,0,0,0,1
sites.google.com,0,0,0,2,0,0,0,0,0,0,0,0,0,0,0,1,1
gigsatriggsdigs.com,0,0,0,2,0,0,0,0,0,1,1,1,0,0,0,0,1
cli.re,0,0,0,1,0,0,0,0,0,1,1,1,0,0,0,0,1
microsoft-adminer.dns.army,0,0,0,2,0,0,0,1,0,1,1,1,0,0,0,0,1
sparkpassedecom.com,0,0,0,2,0,0,0,0,0,1,1,1,1,0,0,0,1
www.lightlink.com.cn,0,0,1,5,0,0,0,0,0,1,1,1,0,0,0,0,1
commercialinvestingcenter.com,0,0,1,3,0,0,0,0,0,1,1,1,1,0,0,0,1
microsofts-login.dynv6.net,0,0,0,2,0,0,0,1,0,1,1,1,1,0,0,0,1
www.regina.ninetendev.com,0,0,1,4,0,0,0,0,0,1,1,1,0,0,0,0,1
vibehotels.co.in,0,0,1,6,0,0,0,0,0,1,1,1,0,0,0,1,1
pixel.baltic-dragon.ru,0,0,1,3,0,0,0,1,0,1,1,1,0,0,0,1,1
prog.al-wed.com,0,0,0,2,0,0,0,1,0,1,1,1,0,1,1,1,1
www.kupelis.com,0,0,1,7,0,0,0,0,0,1,1,1,0,0,1,0,1
souvenirsplace.com,0,0,0,1,0,0,0,0,0,1,1,1,1,0,0,0,1
vccomfreestiker.000webhostapp.com,0,0,0,0,0,0,0,0,1,1,1,1,0,0,0,0,1
smartusluga.xja.pl,0,0,0,0,0,0,0,0,0,1,1,1,1,1,0,0,1
the-invisible-man-movie-2020.over-blog.com,0,0,0,0,0,0,0,1,0,1,1,1,0,0,0,0,1
secure.runescape.com-zx.ru,0,0,1,2,0,0,0,1,0,1,1,1,0,0,0,0,1
dataavenue.net,0,0,0,1,0,0,0,0,0,1,1,1,1,0,0,0,1
carnavalensenada.mx,0,0,1,4,0,0,0,0,0,1,1,1,0,0,0,1,1
www.maciel.med.br,0,0,0,3,0,0,0,0,0,1,1,1,0,0,0,0,1
schroffenstein.online.fr,0,0,1,2,0,0,0,0,0,1,1,1,0,0,0,0,1
orcapm.com,0,0,0,2,0,0,0,0,0,1,1,1,0,0,0,0,1
kgmarbledesigns.com,0,0,0,0,0,0,0,0,0,1,1,1,0,0,0,0,1
firebasestorage.googleapis.com,0,1,1,5,0,0,0,0,0,1,1,1,0,0,0,1,1
trycombatnutrition.com,0,0,0,2,0,0,0,0,0,1,1,1,0,1,0,0,1
oferamericanasweb.com,0,0,1,2,0,0,0,0,0,1,1,1,0,0,0,0,1
tamilradio5.eu,0,0,0,3,0,0,0,0,0,1,1,1,0,0,0,0,1
reurl.cc,0,0,0,1,0,0,0,0,0,1,1,1,0,0,0,0,1
aprenderparaser.com.br,0,0,0,1,0,0,0,0,0,1,1,1,0,1,0,0,1
limiteltaucard.unaux.com,0,0,0,0,0,0,0,0,0,1,1,1,1,0,0,1,1
photos-restoration.com,0,0,1,7,0,0,0,1,0,1,1,1,0,0,0,0,1
www.benson6303.com,0,1,1,5,0,0,0,0,0,1,1,1,0,0,0,0,1
han.gl,0,0,0,1,0,0,0,0,0,1,1,1,0,0,1,0,1
itir4.app.link,0,0,0,1,0,0,0,0,0,1,1,1,0,0,1,0,1
mail.tik.info.pl,0,0,1,8,0,0,0,0,0,1,1,1,0,0,0,0,1
wefbee.com,0,0,0,1,0,0,0,0,0,1,1,1,1,0,0,0,1
inaceinox.pt,0,0,1,6,0,0,0,0,0,1,1,1,0,0,1,0,1
stoddardandcooper.com,0,0,1,4,0,0,0,0,0,1,1,1,0,0,0,0,1
yarlstudio.com,0,0,0,2,0,0,0,0,0,1,1,1,0,0,0,0,1
the100prosystems.com,0,0,1,8,1,0,0,0,0,1,1,1,0,0,0,0,1
senka.com.tr,0,0,1,2,0,0,0,0,0,1,1,1,1,1,1,1,1
www.tharschoolosian.org,0,0,1,4,0,0,0,0,0,1,1,1,0,0,0,0,1
kukubun.com,0,0,0,3,0,0,0,0,0,1,1,1,0,0,0,1,1
docs.google.com,0,0,1,5,0,0,0,0,0,0,0,0,0,0,0,0,1
www.exler-karosserie.at,0,0,1,4,0,0,0,1,0,1,1,1,0,0,0,0,1
dawanasaiacademy.in,0,0,1,5,0,0,0,0,0,1,1,1,0,0,0,0,1
greenpoint.art.br,0,0,1,3,0,0,0,0,0,1,1,1,0,0,0,0,1
iksanthesharp.postown.net,0,0,1,4,0,0,0,0,0,1,1,1,1,0,0,0,1
freerentalsite.com.home.login.securedupgradeaccess.com.mgccampus.com,0,0,1,0,0,0,0,0,0,1,1,1,0,1,0,1,1
epitisgis.gr,0,0,1,6,0,0,0,0,0,1,1,1,0,0,0,1,1
verifica.n26.corporateportal.usareprivatedati.com,0,0,1,5,0,0,0,0,0,1,1,1,0,0,0,1,1
swos2017.org,0,0,0,4,0,0,0,0,0,1,1,1,1,0,0,0,1
betasuus1.blogspot.com,0,0,0,0,0,0,0,0,0,1,1,1,0,0,1,0,1
andrewcleary.company,0,1,1,2,0,0,0,0,0,1,1,1,0,0,0,0,1
drukdeothjung.bt,0,0,1,3,0,0,0,0,0,1,1,1,0,0,0,0,1
art-sticker.fr,0,0,1,5,0,0,0,1,0,1,1,1,0,0,1,0,1
mediolanum-web.000webhostapp.com,0,0,0,0,0,0,0,1,1,1,1,1,0,0,0,0,1
docs.google.com,0,0,1,5,0,0,0,0,0,0,0,0,0,0,0,0,1
playarprint.com,0,0,0,2,0,0,0,0,0,1,1,1,0,0,0,0,1
sodk.blob.core.windows.net,0,0,1,2,0,0,0,0,0,1,1,1,1,0,0,1,1
onedrive.live.com,0,0,1,0,0,0,0,0,0,0,0,0,1,0,0,0,1
paypal-support-help-inc.blogspot.be,0,0,0,0,0,0,0,1,0,1,1,1,1,0,0,0,1
docs.google.com,0,0,1,5,0,0,0,0,0,0,0,0,0,0,0,0,1
9h9.us,0,0,0,1,0,0,0,0,0,1,1,1,0,0,0,0,1
www.deshstore.com,0,0,0,2,0,0,0,0,0,1,1,1,0,0,0,0,1
paypal.com.05925924b730bb369f87ad369fde0ffbf74a3c2.33s3.smoz.us,0,0,1,3,0,0,0,0,0,1,1,1,0,0,1,0,1
bbfunding-my.sharepoint.com,0,0,1,5,0,0,0,1,0,1,1,1,0,1,1,0,1
prsicilacap.org,0,0,0,1,0,0,0,0,0,1,1,1,0,0,0,0,1
secure.runescape.com-zx.ru,0,0,1,2,0,0,0,1,0,1,1,1,0,0,0,0,1
toywatchofficial.icu,0,0,0,3,0,0,0,0,0,1,1,1,0,0,0,1,1
crossingborders.amsa.org.au,0,0,1,3,0,0,0,0,0,1,1,1,1,0,0,0,1
isabellacano.com,0,0,1,4,0,0,0,0,0,1,1,1,0,0,0,0,1
ipa.edu.kh,0,0,1,5,0,0,0,0,0,1,1,1,1,0,0,0,1
ebaymessage.gvnawpknwarz94ejtnbuvbwv.xyz,0,0,1,2,0,0,0,0,1,1,1,1,1,0,0,0,1
kuchkuchnights.com,0,0,1,1,1,0,0,0,0,1,1,1,0,1,0,0,1
poste-italiane-pt.com,0,0,0,0,0,0,0,1,0,1,1,1,0,0,0,0,1
netflxaccntsup7.com,0,0,0,1,0,0,0,0,0,1,1,1,0,0,0,0,1
t.co,0,0,0,1,0,0,1,0,0,1,1,1,0,1,0,0,1
comoliberarhuawei.com,0,0,0,4,0,0,0,0,0,1,1,1,0,0,1,0,1
keypointtraining-my.sharepoint.com,0,0,1,5,0,0,0,1,0,1,1,1,0,0,0,1,1
bw2-especial-dia-das-maes.shop,0,0,1,2,0,0,0,1,0,1,1,1,0,0,0,0,1
seedstore.fr,0,0,0,3,0,0,0,0,0,1,1,1,0,1,1,0,1
www.w3stco.com,0,0,0,1,0,0,0,0,0,1,1,1,0,0,0,0,1
thb.nuft.edu.ua,0,0,1,7,0,0,0,0,0,1,1,1,0,0,0,1,1
www.theaquaticmall.com,0,0,1,5,0,0,0,0,0,1,1,1,1,0,0,0,1
treeservicekalamazoo.net,0,0,0,2,0,0,0,0,0,1,1,1,0,0,0,0,1
abdullahnetwork.com,0,0,1,4,0,0,0,0,0,1,1,1,0,0,0,1,1
likss-updat-schb.demopage.co,0,0,0,0,0,0,0,1,0,1,1,1,0,0,1,0,1
itunes-signup.performancehorizon.com,0,0,1,3,0,0,0,1,0,1,1,1,0,0,0,1,1
yaboets.hop.ru,0,0,0,0,0,0,0,0,0,1,1,1,0,0,1,0,1
eliteyouthtour.com,0,0,0,2,0,0,0,0,0,1,1,1,0,0,0,0,1
kupelis.com,0,0,1,8,0,0,0,0,0,1,1,1,0,0,0,0,1
docs.google.com,0,0,1,5,0,0,0,0,0,0,0,0,0,0,0,0,1
cheaproomsvalencia.com,0,0,1,5,0,0,0,0,0,1,1,1,0,0,0,0,1
alwalaatours.com,0,0,1,3,0,0,0,0,0,1,1,1,0,0,0,0,1
handmadebyamber.ca,0,0,1,3,0,0,0,0,0,1,1,1,0,0,0,0,1
izvilagkft.hu,0,0,1,5,0,0,0,0,0,1,1,1,0,0,0,0,1
www.oohlalasings.com,0,0,1,5,0,0,0,0,0,1,1,1,0,1,0,0,1
resolvemyaccount-paypal.casacam.net,0,0,0,0,0,0,0,1,0,1,1,1,0,0,0,1,1
new.timeclock365.com,0,0,0,1,0,0,0,0,0,1,1,1,0,1,0,0,1
forms.office.com,0,0,1,2,0,0,0,0,0,0,0,0,0,0,0,0,1
taijishentie.com,0,0,0,2,0,0,0,0,0,1,1,1,0,0,0,0,1
fareast.qa,0,0,1,3,0,0,0,0,0,1,1,1,0,0,0,0,1
mymweb-owner.at.ua,0,0,0,1,0,0,0,1,0,1,1,1,0,0,0,0,1
grassform-my.sharepoint.com,0,0,1,5,0,0,0,1,0,1,1,1,0,0,0,1,1
pyramidifms.com,0,0,1,4,0,0,0,0,0,1,1,1,0,0,1,0,1
betasus21.blogspot.com,0,0,0,0,0,0,0,0,0,1,1,1,0,0,0,1,1
mety.strametyapi.com,0,0,0,0,0,0,0,0,0,1,1,1,0,0,0,1,1
nguoidongxuan.com,0,0,0,4,0,0,0,0,0,1,1,1,1,0,0,0,1
novapowa.com,0,0,0,3,0,0,0,0,0,1,1,1,0,1,0,0,1
artdecorstudio.ro,0,0,1,0,0,0,0,0,0,1,1,1,1,0,0,0,1
www.kunstpris.dk,0,0,1,4,0,0,0,0,0,1,1,1,1,0,0,1,1
rioverdepar.com.br,0,0,1,3,0,0,0,0,0,1,1,1,1,0,0,0,1
www.upd-medlav.net,0,0,1,2,0,0,0,1,0,1,1,1,0,0,1,0,1
www.jalfre.com,0,0,0,3,0,0,0,0,0,1,1,1,0,1,0,1,1
epg.unas.edu.pe,0,0,1,7,0,0,0,0,0,1,1,1,0,0,1,0,1
docs.google.com,0,0,1,5,0,0,0,0,0,0,0,0,0,0,0,0,1
solutionschiro.net,0,0,1,4,1,0,0,0,0,1,1,1,0,0,0,0,1
challengedcreditautos.com,0,0,0,0,0,0,0,0,0,1,1,1,0,1,0,0,1
vmorefraud.com,0,0,1,4,0,0,0,0,0,1,1,1,0,1,0,0,1
bittyurl.co,0,0,0,1,0,0,0,0,0,1,1,1,1,0,0,1,1
remove-ca-codes.webstarts.com,0,0,0,0,0,0,0,1,0,1,1,1,0,0,0,1,1
docs.google.com,0,0,1,5,0,0,0,0,0,0,0,0,0,0,0,1,1
globalnetinternet.com,0,0,0,3,0,0,0,0,0,1,1,1,0,1,0,0,1
lovetheedit.com,0,0,1,4,0,0,0,0,0,1,1,1,0,0,0,0,1
www.midyatmimaritas.com,0,0,0,1,0,0,0,0,0,1,1,1,1,0,1,1,1
www.bcp.futbolfinanciero.com.pe,0,0,0,0,0,0,0,0,0,1,1,1,1,1,0,0,1
xoserv.com,0,0,0,2,0,0,0,0,0,1,1,1,1,0,0,0,1
www.erb.org.zm,0,0,1,3,0,0,0,0,0,1,1,1,0,0,0,0,1
advonationusa.com,0,0,1,6,0,0,0,0,0,1,1,1,0,0,0,0,1
ripe6.net,0,0,0,2,0,0,0,0,0,1,1,1,0,0,0,0,1
www.haywardtransportationllc.com,0,0,1,3,0,0,0,0,0,1,1,1,0,0,0,1,1
forms.office.com,0,0,1,2,0,0,0,0,0,0,0,0,1,0,0,0,1
enigreen.net,0,0,1,3,0,0,0,0,0,1,1,1,0,0,1,1,1
m5wx.com,0,0,1,7,0,0,0,0,0,1,1,1,0,0,0,1,1
campstgeorge.org,0,1,1,2,0,0,0,0,0,1,1,1,0,0,0,0,1
www.myappwiz.com,0,0,1,2,1,0,0,0,0,1,1,1,1,0,0,0,1
secure.runescape.com-en.ru,0,0,1,2,0,0,0,1,0,1,1,1,0,0,0,0,1
erdcs.xyz,0,0,0,0,0,0,0,0,1,1,1,1,1,0,1,1,1
la-biquetterie.com,0,0,0,1,0,0,0,1,0,1,1,1,0,0,0,0,1
drive.google.com,0,0,1,4,0,0,0,0,0,0,0,0,1,0,0,1,1
acct-scsouthmountain-inv.me,0,0,1,3,0,0,0,1,0,1,1,1,0,0,0,0,1
www.thewebclinic.co.uk,0,0,1,3,0,0,0,0,0,1,1,1,0,0,0,0,1
minha-a-p-p-cxnet-lado-a-lado-com-voce.000webhostapp.com,0,0,1,0,0,0,0,1,1,1,1,1,1,0,0,0,1
www.amieuerxcaess.com,0,0,0,1,0,0,0,0,0,1,1,1,0,0,0,1,1
bogdonovlerer.com,0,0,0,1,0,0,0,0,0,1,1,1,0,0,0,0,1
hotflighttickets.com,0,0,1,4,0,0,0,0,0,1,1,1,1,0,0,0,1
c1511482.ferozo.com,0,0,0,4,0,0,0,0,0,1,1,1,0,0,0,0,1
rockysite.net,0,0,0,0,0,0,0,0,0,1,1,1,1,1,0,0,1
tamarackproducts-my.sharepoint.com,0,0,1,4,0,0,0,1,0,1,1,1,1,0,0,0,1
www.cosmoia.com,0,0,1,4,0,0,0,0,0,1,1,1,0,0,1,0,1
lucidfestival.com,0,0,1,6,0,0,0,0,0,1,1,1,0,0,0,1,1
www-cimer-aidatiadeleri-tr-basvuru.com,0,0,1,1,0,0,0,1,0,1,1,1,0,0,0,1,1
southyang-jp.top,0,1,1,4,0,0,0,1,1,1,1,1,0,0,0,0,1
kupelis.com,0,0,1,7,0,0,0,0,0,1,1,1,0,0,1,0,1
umconnectumt-my.sharepoint.com,0,0,1,5,0,0,0,1,0,1,1,1,0,0,0,0,1
forms.office.com,0,0,1,2,0,0,0,0,0,0,0,0,0,0,1,1,1
login.microsoftonline.com:443,0,0,1,3,0,0,0,0,0,1,1,1,0,0,0,0,1
ouhsd-my.sharepoint.com,0,0,1,5,0,0,0,1,0,1,1,1,0,0,0,0,1
sevoudryserviciobomail.dudaone.com,0,0,0,0,0,0,0,0,0,1,1,1,0,0,1,1,1
macjakarta.com,0,0,1,6,0,0,0,0,0,1,1,1,0,0,0,0,1
urlz.fr,0,0,0,1,0,0,0,0,0,1,1,1,0,0,0,1,1
please-follow-the-instructions-6050ce63e4bce6764cb34cac51fb44d7.culturelearningpartners.com,0,0,1,1,0,0,0,1,0,1,1,1,0,0,0,0,1
showmore.a3579.com,0,0,1,1,0,0,0,0,0,1,1,1,0,0,0,0,1
xn--sparkass-i1a.connect-1412.de,0,0,1,2,0,0,0,1,0,1,1,1,0,0,0,0,1
www.upd-medlav.net,0,0,1,2,0,0,0,1,0,1,1,1,0,0,0,1,1
cheaproomsvalencia.com,0,0,1,5,0,0,0,0,0,1,1,1,1,0,0,0,1
elvin-trade.kz,0,0,1,6,0,0,0,1,0,1,1,1,0,0,0,0,1
capholeful1978.blogspot.be,0,0,0,0,0,0,0,0,0,1,1,1,1,0,0,0,1
www.alertastelecredito.site,0,0,0,0,0,0,0,0,1,1,1,1,0,0,0,0,1
fotoblad.com,0,0,1,4,0,0,0,0,0,1,1,1,0,0,0,1,1
nordichairistanbul.com,0,0,1,3,0,0,0,0,0,1,1,1,0,0,0,0,1
docs.google.com,0,0,1,5,0,0,0,0,0,0,0,0,0,0,0,0,1
wspolnie.com.pl,0,0,0,3,0,0,0,0,0,1,1,1,0,0,0,0,1
buyerdriver.com,0,0,1,3,0,0,0,0,0,1,1,1,0,0,0,0,1
zonaseguravialbcp-iniciar-sesion.com,0,0,1,1,0,0,0,1,0,1,1,1,0,0,0,0,1
mitrasolusiseragam.com,0,0,1,3,0,0,0,0,0,1,1,1,0,0,1,1,1
www.gelkayano-nz.com,0,0,0,0,0,0,0,1,0,1,1,1,0,0,1,0,1
www.dalatngaynay.com,0,0,0,3,0,0,0,0,0,1,1,1,0,0,0,0,1
sof.edu.vn,0,1,1,4,0,0,0,0,0,1,1,1,0,1,0,0,1
clientportal.cb-cbnk.com,0,0,0,1,0,0,0,1,0,1,1,1,0,0,0,1,1
www.momos-ambachtelijkeijs.nl,0,0,1,2,0,0,0,1,0,1,1,1,1,0,0,0,1
quaythuocthaibinh.com,0,0,1,5,0,0,0,0,0,1,1,1,0,0,0,0,1
art-sticker.fr,0,0,1,4,0,0,0,1,0,1,1,1,0,1,1,0,1
prakasaws.com,0,0,1,9,0,0,0,0,0,1,1,1,0,1,0,0,1
www.staging.gci.exoret.com,0,0,0,0,0,0,0,0,0,1,1,1,0,0,0,0,1
arridhosentul.com,0,0,0,1,0,0,0,0,0,1,1,1,1,0,0,1,1
brussel-airport.be,0,0,0,1,0,0,0,1,0,1,1,1,0,0,0,0,1
appleid.apple.com-en.klantencs.com,0,0,1,0,0,0,0,1,0,1,1,1,0,0,0,0,1
www.hellosilk.com,0,0,0,1,0,0,0,0,0,1,1,1,0,0,0,0,1
wwwbetasegura9-viabcpi.com,0,0,0,1,0,0,0,1,0,1,1,1,1,1,0,1,1
d2ob6ssuz1ej59.cloudfront.net,0,0,1,0,0,0,0,0,0,1,1,1,1,0,0,0,1
axersrl.it,0,0,0,1,0,0,0,0,0,1,1,1,0,1,0,0,1
waylandplanninganddevelopment.uk,0,0,1,2,0,0,0,0,0,1,1,1,1,0,0,0,1
storage.cloud.google.com,0,1,1,2,0,0,0,0,0,0,0,0,0,0,0,0,1
thedazzlers.in,0,0,0,3,0,0,0,0,0,1,1,1,0,0,0,1,1
storage.googleapis.com,0,0,0,2,0,0,0,0,0,1,1,1,0,0,0,0,1
lonosoneteams.blogspot.com,0,1,1,0,0,0,0,0,0,1,1,1,0,0,0,0,1
martinbrown.in,0,0,1,5,0,0,0,0,0,1,1,1,0,0,1,0,1
cutt.ly,0,0,0,1,0,0,0,0,0,1,1,1,1,0,0,0,1
endo.ba,0,0,1,3,0,0,0,0,0,1,1,1,0,0,0,0,1
halestelevision.co.uk,0,0,1,4,0,0,0,0,0,1,1,1,0,0,0,0,1
www.yourcontenhere.com,0,0,0,2,0,0,0,0,0,1,1,1,0,1,1,0,1
www.mon-remboursement-impots-gouv.dropsagency.fr,0,0,1,1,0,0,0,1,0,1,1,1,1,0,0,0,1
tsuzuki.co.id,0,0,0,4,0,0,0,0,0,1,1,1,0,0,0,0,1
nandiy.net,0,0,0,2,0,0,0,0,0,1,1,1,0,0,0,0,1
thedogdigest.com,0,0,1,6,0,0,0,0,0,1,1,1,0,0,1,1,1
dawnprince.com,0,0,1,6,0,0,0,0,0,1,1,1,0,1,1,0,1
cook.shortest-route.com,0,0,0,1,0,0,0,1,0,1,1,1,0,0,0,0,1
auslaufen.com,0,0,1,3,0,0,0,0,0,1,1,1,0,0,0,0,1
usbank-link-mupyndtfft---com.illmickelsonbeats.com,0,0,1,1,0,0,0,1,0,1,1,1,1,1,0,0,1
beta.kenaidanceta.com,0,0,0,3,0,0,0,0,0,1,1,1,1,0,0,1,1
www.asting.cz,0,0,0,1,0,0,0,0,0,1,1,1,0,0,0,0,1
s.id,0,0,0,1,0,0,0,0,0,1,1,1,0,0,1,0,1
mccarthyelectrical.com,0,0,0,2,0,0,0,0,0,1,1,1,1,1,0,0,1
tinyurl.com,0,0,0,1,0,0,1,0,0,1,1,1,0,0,0,0,1
lokandkingsupportiveme.blogspot.com,0,0,0,0,0,0,0,0,0,1,1,1,0,0,0,1,1
djeane.com.pe,0,0,0,3,0,0,0,0,0,1,1,1,0,1,0,0,1
medokofo.ml,0,0,1,4,0,0,0,0,1,1,1,1,1,0,0,0,1
disq.us,0,0,1,0,0,0,0,0,0,1,1,1,0,0,0,1,1
larutamilenariadelatun.com,0,0,1,3,0,0,0,0,0,1,1,1,0,0,0,1,1
admiinoutlookwebb101.creatorlink.net,0,0,0,0,0,0,0,0,0,1,1,1,0,0,1,0,1
www.hwfsweden.se,0,0,1,6,0,0,0,0,0,1,1,1,1,0,1,0,1
adscouponaccountcampaing.com,0,0,0,0,0,0,0,0,0,1,1,1,0,0,0,0,1
rickgraynlp.com,0,0,1,6,0,0,0,0,0,1,1,1,0,0,0,0,1
www.jjscdc.cn,0,0,1,2,1,0,0,0,0,1,1,1,0,0,0,0,1
189.36.52.206,1,0,0,0,0,0,0,0,0,1,1,1,1,0,0,1,1
www.crg.co.uk,0,0,1,5,0,0,0,0,0,1,1,1,0,1,0,0,1
cupkaju.wz.sk,0,0,0,1,0,0,0,0,0,1,1,1,0,1,0,0,1
porquebiotecnologia.com.ar,0,0,1,7,0,0,0,0,0,1,1,1,0,1,0,0,1
mlm724.ir,0,0,1,4,0,0,0,0,0,1,1,1,0,0,1,0,1
www.thatsmint.work,0,0,0,2,0,0,0,0,0,1,1,1,0,0,0,0,1
www.dentaldisinfection.com,0,0,1,2,0,0,0,0,0,1,1,1,0,0,0,0,1
firebasestorage.googleapis.com,0,1,1,5,0,0,0,0,0,1,1,1,1,0,0,0,1
vurl.bz,0,0,0,2,0,0,0,0,0,1,1,1,0,0,0,1,1
ddt.yaguo.ru,0,0,0,2,0,0,0,0,0,1,1,1,0,0,0,0,1
www.testing-adjusting-balancing.com,0,0,1,2,0,0,0,1,0,1,1,1,0,0,0,1,1
estclinic.ro,0,0,1,4,0,0,0,0,0,1,1,1,0,0,0,1,1
billing.secure-verify-account.cc,0,0,0,0,0,0,0,1,0,1,1,1,0,1,1,0,1
cybergata.com,0,1,1,2,0,0,0,0,0,1,1,1,0,1,0,0,1
sanoltechnologies.com,0,0,0,2,0,0,0,0,0,1,1,1,0,0,0,0,1
www.webloginnavigator-dewebkonto.cloud,0,0,1,3,0,0,0,1,0,1,1,1,0,0,0,0,1
taxionpanama.com,0,0,0,3,0,0,0,0,0,1,1,1,0,0,0,0,1
paramounthealthcare-my.sharepoint.com,0,0,1,5,0,0,0,1,0,1,1,1,0,0,0,0,1
faderfaderfader.com,0,0,1,5,0,0,0,0,0,1,1,1,0,1,0,0,1
metrological-focus.000webhostapp.com,0,0,1,6,0,0,0,1,1,1,1,1,0,1,0,1,1
www.marcelo.it,0,0,1,5,0,0,0,0,0,1,1,1,0,0,0,0,1
sanjoaquinvalleybrewfest.com,0,0,1,8,0,0,0,0,0,1,1,1,0,0,1,0,1
www.meduchet.com,0,0,1,7,0,0,0,0,0,1,1,1,0,0,1,0,1
firebasestorage.googleapis.com,0,0,1,5,0,0,0,0,0,1,1,1,1,0,0,1,1
forms.gle,0,0,0,1,0,0,0,0,0,1,1,1,0,0,0,0,1
soo.gd,0,0,0,1,0,0,0,0,0,1,1,1,0,1,0,1,1
olariacassiel.com.br,0,0,1,4,0,0,0,0,0,1,1,1,1,0,0,0,1
amvbner.com,0,0,0,2,0,0,0,0,0,1,1,1,0,0,0,0,1
buyguy.gb.net,0,0,0,2,0,0,0,0,0,1,1,1,0,0,0,0,1
carpetcleaning-rosevilleca.com,0,0,1,7,0,0,0,1,0,1,1,1,0,0,0,1,1
videosfacebook.today,0,0,1,2,0,0,0,0,0,1,1,1,1,0,0,0,1
prosindperu.com,0,0,1,5,0,0,0,0,0,1,1,1,1,1,0,0,1
infoseminarbisnis.com,0,0,0,1,0,0,0,0,0,1,1,1,0,0,0,0,1
shafeimall004.top,0,0,0,2,0,0,0,0,1,1,1,1,0,0,0,0,1
honeysaienterprises.com,0,1,1,4,0,0,0,0,0,1,1,1,0,1,0,0,1
paymentnotificationnow.blogspot.com,0,0,0,0,0,0,0,0,0,1,1,1,0,0,1,0,1
www.shrunken.com,0,0,0,1,0,0,0,0,0,1,1,1,0,0,0,0,1
merchant.sandbox.santander.poweredbydivido.com,0,0,1,0,0,0,0,0,0,1,1,1,1,0,0,0,1
lifetimeconx.com,0,0,0,1,0,0,0,0,0,1,1,1,0,0,0,0,1
playarprint.com,0,0,1,2,0,0,0,0,0,1,1,1,0,0,1,0,1
bit.ly,0,0,0,1,0,0,1,0,0,1,1,1,1,0,0,1,1
rigoniemedeiros.com.br,0,0,0,1,0,0,0,0,0,1,1,1,0,0,0,0,1
infopublishersassociation.com,0,0,1,8,0,0,0,0,0,1,1,1,0,1,0,0,1
thegioisport.com,0,0,0,2,0,0,0,0,0,1,1,1,0,0,1,0,1
zohard.com,0,0,1,7,0,0,0,0,0,1,1,1,0,0,1,1,1
videosfacebook.today,0,0,1,2,0,0,0,0,0,1,1,1,0,0,0,0,1
rplg.co,0,0,0,1,0,0,0,0,0,1,1,1,0,0,0,1,1
steamcoummunity.gq,0,0,0,3,0,0,0,0,1,1,1,1,0,0,0,1,1
orientationinlaws.com,0,0,1,3,0,0,0,0,0,1,1,1,1,0,0,1,1
orgogenlabs.com,0,0,1,6,0,0,0,0,0,1,1,1,0,0,1,0,1
secure.runescape.com-zx.ru,0,0,1,2,0,0,0,1,0,1,1,1,0,0,0,0,1
storage.googleapis.com,0,0,1,3,0,0,0,0,0,1,1,1,0,0,0,0,1
trinx30.joomla.com,0,0,0,1,0,0,0,0,0,1,1,1,0,0,0,0,1
www.kidscoloringpdf.com,0,0,1,6,0,0,0,0,0,1,1,1,0,1,0,0,1
www.grottedisaledesenzano.com,0,0,0,1,0,0,0,0,0,1,1,1,0,0,0,0,1
apaseppol.com.br,0,0,0,2,0,0,0,0,0,1,1,1,0,0,1,0,1
www.leaddogweb.com,0,0,0,2,0,0,0,0,0,1,1,1,0,0,0,0,1
www.entraegypt.com,0,0,0,1,0,0,0,0,0,1,1,1,0,0,0,0,1
apidog-service.000webhostapp.com,0,0,0,0,0,0,0,1,1,1,1,1,0,0,0,0,1
mailboxflixsupp.com,0,0,0,1,0,0,0,0,0,1,1,1,0,0,1,0,1
eltaninservicespteltd.com,0,0,1,3,0,0,0,0,0,1,1,1,0,0,0,0,1
induferram.com,0,0,1,5,0,0,0,0,0,1,1,1,0,0,0,1,1
1drv.ms,0,0,0,2,0,0,0,0,0,1,1,1,0,1,0,0,1
www.vrovafacets.com,0,0,1,7,0,0,0,0,0,1,1,1,0,1,1,0,1
news-for.ru,0,0,1,2,0,0,0,1,0,1,1,1,0,0,0,0,1
playarprint.com,0,0,0,2,0,0,0,0,0,1,1,1,0,0,0,1,1
www.office.com.office.rp.skydemo.myshn.eu,0,0,1,1,0,0,0,0,0,1,1,1,0,0,0,0,1
acadianaliquor.com,0,0,1,5,0,0,0,0,0,1,1,1,0,0,1,0,1
youwebbpmsolutions.com,0,0,0,0,0,0,0,0,0,1,1,1,1,0,0,0,1
missionpick.com,0,0,1,4,0,0,0,0,0,1,1,1,0,0,0,0,1
pd-iskra-lj.si,0,0,1,5,0,0,0,1,0,1,1,1,0,0,0,0,1
www14.aqui-no-digital.com,0,0,1,6,0,0,0,1,0,1,1,1,1,0,0,1,1
5de7b3245c2760991.temporary.link,0,0,1,2,0,0,0,0,0,1,1,1,0,0,1,0,1
willingcartworthsupplies.com,0,0,1,2,0,0,0,0,0,1,1,1,0,1,0,0,1
my-wonderland.com,0,0,0,3,0,0,0,1,0,1,1,1,0,0,1,0,1
lesbenwelt.de,0,0,1,4,0,0,0,0,0,1,1,1,1,0,1,1,1
citizenfinancialbank.com,0,0,0,2,0,0,0,0,0,1,1,1,1,0,1,0,1
japanpsat.com,0,0,0,0,0,0,0,0,0,1,1,1,0,0,0,0,1
bodybytoddondemand.com,0,0,1,6,0,0,0,0,0,1,1,1,0,0,0,0,1
iaak12.org,0,0,0,1,0,0,0,0,0,1,1,1,0,0,1,0,1
playarprint.com,0,0,1,2,0,0,0,0,0,1,1,1,0,0,0,0,1
seregaperm.beget.tech,0,0,0,0,0,0,0,0,0,1,1,1,0,1,0,0,1
kutt.it,0,0,0,1,0,0,0,0,0,1,1,1,0,0,0,0,1
paws.org.au,0,0,1,9,0,0,0,0,0,1,1,1,0,0,0,0,1
usnepalonline.com,0,0,1,1,0,0,0,0,0,1,1,1,0,0,0,0,1
billings-management.com,0,0,1,4,0,0,0,1,0,1,1,1,0,0,0,1,1
srvservkl.regenoptions.com,0,0,0,2,0,0,0,0,0,1,1,1,0,0,1,0,1
creativecombat.com,0,1,1,4,0,0,0,0,0,1,1,1,1,0,0,0,1
swiofishznz.go.tz,0,0,1,5,0,0,0,0,0,1,1,1,0,0,0,0,1
www.professorgizzi.org,0,0,0,2,0,0,0,0,0,1,1,1,0,1,0,0,1
153284594738391.statictab.com,0,0,0,1,0,0,0,0,0,1,1,1,0,0,0,0,1
www.itauconfirmsecurity.com,0,0,0,1,0,0,0,0,0,1,1,1,0,0,1,0,1
blackwatertech.is-a-designer.com,0,0,0,3,0,0,0,1,0,1,1,1,0,0,0,0,1
thesamjain.com,0,0,1,5,0,0,0,0,0,1,1,1,0,0,1,0,1
fb-recovery-10000076922-it.tk,0,0,1,1,0,0,0,1,1,1,1,1,0,0,0,0,1
maisanoluizamagalu.com,0,0,0,1,0,0,0,0,0,1,1,1,0,0,0,1,1
hidayat.uz,0,0,1,1,0,0,0,0,0,1,1,1,0,1,0,1,1
zohard.com,0,0,1,8,0,0,0,0,0,1,1,1,1,0,0,0,1
hoysalacreations.com,0,0,1,6,0,0,0,0,0,1,1,1,0,0,1,1,1
www.keepsolution.com,0,0,1,4,0,0,0,0,0,1,1,1,1,0,0,0,1
itaucard.trocarpontos.com,0,0,0,0,0,0,0,0,0,1,1,1,1,0,0,0,1
bcpzonasegurabeta.viabcp.com.kryptonicconstruction.com,0,0,1,1,0,0,0,0,0,1,1,1,0,0,0,0,1
www.google.com,0,0,1,1,1,0,0,0,0,0,0,0,0,0,0,0,1
www.truckcalling.com,0,0,0,1,0,0,0,0,0,1,1,1,0,0,0,0,1
carteonlinemaster.com,0,0,0,0,0,0,0,0,0,1,1,1,1,1,0,0,1
truustetc.com,0,0,0,1,0,0,0,0,0,1,1,1,0,0,0,0,1
boiclub.com,0,0,1,7,0,0,0,0,0,1,1,1,1,0,0,0,1
betasus199.blogspot.com,0,0,0,0,0,0,0,0,0,1,1,1,0,0,1,0,1
cbdadhacks.com,0,0,0,3,0,0,0,0,0,1,1,1,0,0,0,0,1
sofe-firma.firebaseapp.com,0,0,0,0,0,0,0,1,0,1,1,1,0,0,1,0,1
mybankicbc.com,0,0,0,1,1,0,0,0,0,1,1,1,1,0,0,0,1
stylecollections.ru,0,0,1,3,1,0,0,0,0,1,1,1,0,0,0,0,1
utechtextil.com.br,0,0,1,3,0,0,0,0,0,1,1,1,0,0,0,1,1
www.fresleitlie.com,0,0,0,1,0,0,0,0,0,1,1,1,0,0,1,0,1
verify.mypaypdetails.com,0,0,0,1,0,0,0,0,0,1,1,1,0,1,0,0,1
storage.googleapis.com,0,0,1,2,0,0,0,0,0,1,1,1,0,0,0,1,1
623112j4j3.codesandbox.io,0,0,0,1,0,0,0,0,0,1,1,1,0,0,0,1,1
taloverkkokauppa.fi,0,0,0,3,0,0,0,0,0,1,1,1,0,0,0,0,1
receba-emcasa-bahianinho.com,0,0,1,2,0,0,0,1,0,1,1,1,0,1,0,0,1
c1511482.ferozo.com,0,0,0,4,0,0,0,0,0,1,1,1,1,0,0,0,1
solutionsksa.com,0,0,0,3,0,0,0,0,0,1,1,1,0,1,1,0,1
topekalodging.org,0,0,0,2,0,0,0,0,0,1,1,1,0,0,0,1,1
aswtx.club,0,0,0,0,0,0,0,0,0,1,1,1,0,0,0,0,1
mailto:ajuda@iti.itau,0,1,0,0,0,0,0,0,0,1,1,1,0,0,0,0,1
185.177.54.2,1,0,0,1,0,0,0,0,0,1,1,1,1,0,0,0,1
cap114.fr,0,0,0,1,0,0,0,0,0,1,1,1,0,0,0,0,1
theingredients.net,0,0,0,2,0,0,0,0,0,1,1,1,0,0,0,1,1
osmaisveedidos.com,0,0,0,2,0,0,0,0,0,1,1,1,1,0,0,0,1
apple.com-su.ru,0,0,0,0,0,0,0,1,0,1,1,1,0,0,0,0,1
accurate-engineers.in,0,0,0,3,0,0,0,1,0,1,1,1,0,0,0,1,1
tokokainbandung.com,0,0,1,10,0,0,0,0,0,1,1,1,0,0,1,1,1
simplyrecruitmentpackets.com,0,0,1,5,0,0,0,0,0,1,1,1,0,0,0,1,1
www.cheaproomsvalencia.com,0,0,1,5,0,0,0,0,0,1,1,1,0,1,0,0,1
comoliberarhuawei.com,0,0,0,4,0,0,0,0,0,1,1,1,0,0,0,0,1
apple.com.support-help.live,0,0,0,0,0,0,0,1,0,1,1,1,0,0,0,0,1
thecoolinist.com,0,0,1,4,0,0,0,0,0,1,1,1,0,0,0,1,1
inmobiliariasanmarcos.com,0,0,1,2,0,0,0,0,0,1,1,1,0,0,0,1,1
bit.ly,0,0,0,1,0,0,1,0,0,1,1,1,0,0,1,0,1
stoaconsultores.es,0,1,1,6,0,0,0,0,0,1,1,1,0,0,0,0,1
resmikararnameduyurusu.com,0,0,0,0,0,0,0,0,0,1,1,1,0,0,0,0,1
fareast.qa,0,0,1,3,0,0,0,0,0,1,1,1,1,0,0,0,1
outlet-newbalance.com,0,0,1,6,0,0,0,1,0,1,1,1,0,0,1,0,1
art-sticker.fr,0,0,1,4,0,0,0,1,0,1,1,1,0,0,0,1,1
storage.cloud.google.com,0,1,1,2,0,0,0,0,0,0,0,0,0,0,0,0,1
www.aottoim.com,0,0,1,5,0,0,0,0,0,1,1,1,1,0,0,1,1
valleyveedubbers.co.uk,0,0,1,2,0,0,0,0,0,1,1,1,1,0,1,1,1
honeysaienterprises.com,0,1,1,4,0,0,0,0,0,1,1,1,0,1,0,1,1
www.google.com,0,0,1,1,1,0,0,0,0,0,0,0,0,0,1,0,1
macjakarta.com,0,0,1,4,0,0,0,0,0,1,1,1,0,0,0,0,1
sriutamahub.com,0,1,1,4,0,0,0,0,0,1,1,1,0,0,0,0,1
chasetch.icu,0,0,0,2,0,0,0,0,0,1,1,1,0,0,1,0,1
ata22.ir,0,0,0,1,0,0,0,0,0,1,1,1,0,0,0,0,1
icipedudu-my.sharepoint.com,0,0,1,7,0,0,0,1,0,1,1,1,1,0,0,0,1
119.28.179.179,1,0,0,1,0,0,0,0,0,1,1,1,0,0,1,0,1
redlinerecruitment353-my.sharepoint.com:443,0,0,1,5,0,0,0,1,0,1,1,1,0,0,1,0,1
karate-haguenau.com,0,0,0,1,0,0,0,1,0,1,1,1,0,1,0,0,1
nhomkinhlongxuyen.com,0,0,1,8,0,0,0,0,0,1,1,1,0,0,0,0,1
contact-ee.com,0,0,0,0,0,0,0,1,0,1,1,1,0,0,0,0,1
valallos.labellemontagne.com,0,0,1,3,0,0,0,0,0,1,1,1,0,1,0,0,1
sites.google.com,0,0,0,2,0,0,0,0,0,0,0,0,0,0,0,0,1
sinpasaqua.site,0,0,0,0,0,0,0,0,1,1,1,1,0,0,0,0,1
pphwm.app.link,0,0,0,1,0,0,0,0,0,1,1,1,0,0,1,0,1
dereamer-my.sharepoint.com,0,0,1,5,0,0,0,1,0,1,1,1,0,0,0,0,1
michaeljanusmusic1.godaddysites.com,0,0,0,0,0,0,0,0,0,1,1,1,0,0,0,1,1
cobrodesa.com,0,0,1,3,0,0,0,0,0,1,1,1,0,0,1,1,1
yourfitnesscorner.com,0,0,1,9,0,0,0,0,0,1,1,1,0,1,0,0,1
opticasotojoyeria.com,0,0,0,2,0,0,0,0,0,1,1,1,0,1,1,0,1
atings.000webhostapp.com,0,0,0,1,0,0,0,0,1,1,1,1,0,0,0,0,1
fareast.qa,0,0,1,3,0,0,0,0,0,1,1,1,0,1,0,1,1
haywardtransportationllc.com,0,0,1,3,0,0,0,0,0,1,1,1,1,0,0,0,1
treeservicekalamazoo.net,0,0,0,2,0,0,0,0,0,1,1,1,1,0,0,0,1
lovelouisa.org,0,0,1,6,0,0,0,0,0,1,1,1,0,0,1,0,1
playarprint.com,0,0,1,2,0,0,0,0,0,1,1,1,0,0,0,0,1
www.mskbs.com,0,0,1,5,0,0,0,0,0,1,1,1,0,1,0,0,1
poonammishra.in,0,0,0,2,0,0,0,0,0,1,1,1,0,1,0,0,1
ovastor.egnyte.com,0,0,0,2,0,0,0,0,0,1,1,1,0,0,0,1,1
tptelecom.it,0,0,1,6,0,0,0,0,0,1,1,1,0,0,0,0,1
mnotify.com,0,0,1,6,0,0,0,0,0,1,1,1,0,1,1,0,1
casadecambiodq.com,0,0,0,1,0,0,0,0,0,1,1,1,1,0,0,0,1
attloginnewupdatingservicemailcommunication.weebly.com,0,0,1,0,0,0,0,0,0,1,1,1,0,1,0,0,1
apple.com.id-apple.co,0,0,0,0,0,0,0,1,0,1,1,1,0,0,0,0,1
han.gl,0,0,0,1,0,0,0,0,0,1,1,1,0,0,1,1,1
bit.ly,0,0,0,1,0,0,1,0,0,1,1,1,0,0,0,1,1
dbhpsapts.com,0,0,0,2,0,0,0,0,0,1,1,1,0,1,0,0,1
peaceau.org,0,0,0,3,0,0,0,0,0,1,1,1,0,0,0,0,1
mailupgrade2info.site44.com,0,0,0,1,0,0,0,0,1,1,1,1,0,1,0,0,1
l7n2.com,0,0,1,6,0,0,0,0,0,1,1,1,0,0,0,0,1
mail.feesthut.be,0,0,0,2,0,0,0,0,0,1,1,1,0,0,1,0,1
fawltorconsroc1976.blogspot.com,0,0,0,0,0,0,0,0,0,1,1,1,0,0,0,0,1
shthemacist-view.com,0,0,1,5,0,0,0,1,0,1,1,1,1,0,0,0,1
mail.colegiomoura.com.br,0,0,1,2,0,0,0,0,0,1,1,1,0,1,1,0,1
itaucard202.xyz,0,0,0,0,0,0,0,0,1,1,1,1,0,0,0,0,1
kellvesweden-my.sharepoint.com,0,0,1,5,0,0,0,1,0,1,1,1,0,0,0,0,1
03418f6.netsolhost.com,0,0,1,1,0,0,0,0,0,1,1,1,0,0,0,1,1
www.btiesolutions.com,0,0,0,3,0,0,0,0,0,1,1,1,0,0,1,1,1
trck121-er.benzodiazapines.com,0,0,1,3,0,0,0,1,0,1,1,1,0,0,0,0,1
belshop.fitcurves.org,0,0,0,1,0,0,0,0,0,1,1,1,0,0,0,0,1
china-steelpiling.com,0,0,1,6,0,0,0,1,0,1,1,1,1,0,0,0,1
roomedic.com,0,0,0,1,0,0,0,0,0,1,1,1,0,0,0,0,1
rbcmontgomery.com,0,0,0,4,0,0,0,0,0,1,1,1,1,1,0,1,1
bit.ly,0,0,0,1,0,0,1,0,0,1,1,1,0,0,0,0,1
saonlinebd.com,0,0,0,2,0,0,0,0,0,1,1,1,1,0,0,0,1
bpl.kr,0,0,0,1,0,0,0,0,0,1,1,1,0,0,0,0,1
marketdeliverytoday.blogspot.com,0,0,0,0,0,0,0,0,0,1,1,1,1,0,0,0,1
jedkinventures.co.ke,0,0,1,3,0,0,0,0,0,1,1,1,0,0,0,0,1
moonkahonda.com,0,0,1,5,0,0,0,0,0,1,1,1,1,0,0,0,1
interac1.info,0,0,0,1,0,0,0,0,0,1,1,1,0,0,0,0,1
toywatchofficial.icu,0,0,0,3,0,0,0,0,0,1,1,1,0,0,0,0,1
miembros.womenclubforbetterhealth.com,0,0,1,6,0,0,0,0,0,1,1,1,0,0,0,0,1
eatax.net,0,0,0,2,0,0,0,0,0,1,1,1,0,1,0,0,1
fbads.igtdm.com,0,0,0,2,0,0,0,0,0,1,1,1,0,0,0,0,1
www.nikki.center,0,0,0,2,0,0,0,0,0,1,1,1,1,0,1,0,1
web-net-pg.joomla.com,0,0,1,4,0,0,0,1,0,1,1,1,0,0,0,0,1
www.kurortnoye.com.ua,0,1,1,3,0,0,0,0,0,1,1,1,0,0,0,0,1
amankan-akun-anda317.webnode.com,0,0,0,0,0,0,0,1,0,1,1,1,0,0,1,0,1
docs.google.com,0,0,1,5,0,0,0,0,0,0,0,0,0,0,0,0,1
vmorefraud.com,0,0,1,4,0,0,0,0,0,1,1,1,0,0,0,0,1
dbsdemoonline.com,0,0,0,3,0,0,0,0,0,1,1,1,0,0,1,0,1
www.wonderpillars.in,0,0,0,3,0,0,0,0,0,1,1,1,0,0,0,0,1
signin.ebay.de.accuo.ca,0,0,1,1,1,0,0,0,0,1,1,1,0,0,0,0,1
halfmoonsmast.jrcasey.com,0,0,1,6,0,0,0,0,0,1,1,1,0,0,0,0,1
20toservicelucas.cloudaccess.host,0,0,1,3,0,0,0,0,0,1,1,1,0,0,1,0,1
poonammishra.in,0,0,0,3,0,0,0,0,0,1,1,1,0,0,0,0,1
www.itauconfirmsecurity.com,0,0,0,1,0,0,0,0,0,1,1,1,0,0,0,0,1
tf2gate.com,0,0,0,0,0,0,0,0,0,1,1,1,0,0,0,0,1
punnetthomes.com,0,0,0,3,0,0,0,0,0,1,1,1,1,0,1,0,1
uofnelincoln-my.sharepoint.com,0,0,1,5,0,0,0,1,0,1,1,1,0,1,0,0,1
srinivaskasojufoundation.com,0,0,1,5,0,0,0,0,0,1,1,1,0,0,0,0,1
gordonng.com,0,0,1,2,0,0,0,0,0,1,1,1,0,0,0,0,1
hodinovymanzelpardubice.kvalitne.cz,0,0,1,1,0,0,0,0,0,1,1,1,0,0,0,0,1
www.summerland.cl,0,0,0,1,0,0,0,0,0,1,1,1,1,0,0,0,1
community-ebay-de-diskussionsforen-6ws.html-5.me,0,0,1,0,0,0,0,1,0,1,1,1,0,0,1,0,1
ldireproprintingllc.for-more.biz,0,0,0,3,0,0,0,1,0,1,1,1,1,0,0,0,1
lynshirt.com,0,0,1,6,0,0,0,0,0,1,1,1,0,1,0,1,1
ozairtradelink.com,0,0,1,4,0,0,0,0,0,1,1,1,0,0,0,0,1
davidhavenar2311.typeform.com,0,0,0,2,0,0,0,0,0,1,1,1,0,0,1,0,1
sp0tify-pay1-details.com,0,0,0,1,0,0,0,1,0,1,1,1,0,0,0,0,1
cheaproomsvalencia.com,0,0,1,5,0,0,0,0,0,1,1,1,1,0,0,1,1
storage.googleapis.com,0,1,1,3,0,0,0,0,0,1,1,1,0,0,0,0,1
proteccionadministrada.com.mx,0,0,0,2,0,0,0,0,0,1,1,1,0,0,0,0,1
orngmesmerize.paperplane.io,0,0,0,0,0,0,0,0,0,1,1,1,0,0,0,0,1
docs.google.com,0,0,1,5,0,0,0,0,0,0,0,0,0,0,0,0,1
cite-mopa.web.app,0,0,0,0,0,0,0,1,0,1,1,1,1,0,0,1,1
www.ktpn.kalisz.pl,0,1,1,2,0,0,0,0,0,1,1,1,0,0,0,0,1
www.toquedsol.com,0,0,1,7,0,0,0,0,0,1,1,1,0,0,0,0,1
hmrc.gov-uktaxrefund.org,0,0,0,0,0,0,0,1,0,1,1,1,0,0,0,0,1
www.gkjx168.com,0,0,1,1,1,0,0,0,0,1,1,1,0,0,1,0,1
pearlfilms.com,0,0,0,2,0,0,0,0,0,1,1,1,1,0,0,0,1
kinstationery.com,0,1,1,2,0,0,0,0,0,1,1,1,1,0,0,0,1
playarprint.com,0,0,1,2,0,0,0,0,0,1,1,1,0,0,1,0,1
www.cittainfinite.eu,0,0,1,2,0,0,0,0,0,1,1,1,0,0,0,0,1
zohard.com,0,0,1,8,0,0,0,0,0,1,1,1,0,0,0,1,1
www.sieck-kuehlsysteme.de,0,1,1,4,0,0,0,1,0,1,1,1,1,0,0,0,1
wezenz.com,0,0,1,9,0,0,0,0,0,1,1,1,0,0,0,0,1
key-coats.co.uk,0,0,0,3,0,0,0,1,0,1,1,1,0,0,0,1,1
ec2-3-82-210-25.compute-1.amazonaws.com,0,0,1,1,0,0,0,1,0,1,1,1,1,1,0,1,1
www.alaskausa.org,0,0,0,2,0,0,0,0,0,1,1,1,1,0,0,1,1
amazon.co.jp.account-update.checkjpid1.mixh.jp,0,0,1,2,0,0,0,1,0,1,1,1,0,0,0,0,1
1314520bet.com,0,0,0,2,0,0,0,0,0,1,1,1,1,0,0,0,1
southcountyclassified.com,0,0,1,5,0,0,0,0,0,1,1,1,0,0,0,0,1
xn--72ca8ce9ah4dwbp9a8jnd.com,0,0,1,5,0,0,0,1,0,1,1,1,1,0,0,0,1
brussel-airport.be,0,0,0,1,0,0,0,1,0,1,1,1,0,0,0,0,1
drjbsclinic.com,0,0,0,2,0,0,0,0,0,1,1,1,1,0,0,0,1
zohard.com,0,0,1,8,0,0,0,0,0,1,1,1,0,0,0,0,1
novogodnii.by,0,0,0,1,0,0,0,0,0,1,1,1,0,0,0,0,1
tik.info.pl,0,0,1,8,0,0,0,0,0,1,1,1,0,0,0,0,1
eth-give.info,0,0,0,0,0,0,0,1,0,1,1,1,0,0,1,0,1
stokeharvester.com,0,0,0,1,0,0,0,0,0,1,1,1,0,0,0,1,1
ceramicasale.nckiemployment.gdn,0,0,0,0,0,0,0,0,0,1,1,1,0,0,0,0,1
eslickcreative.com,0,0,0,3,0,0,0,0,0,1,1,1,0,0,0,1,1
www.agfmanu.com,0,0,0,1,0,0,0,0,0,1,1,1,0,1,0,0,1
lpatrick.com,0,0,1,3,0,0,0,0,0,1,1,1,1,0,0,0,1
tenwhinilci.ml,0,0,0,0,0,0,0,0,1,1,1,1,0,0,0,0,1
www.butlercourse.com,0,0,0,3,0,0,0,0,0,1,1,1,0,0,0,0,1
web-net-pg.joomla.com,0,0,0,3,0,0,0,1,0,1,1,1,0,0,0,1,1
www.zoohanpro.com,0,0,1,2,0,0,0,0,0,1,1,1,0,1,0,0,1
studio-liorit.co.il,0,1,1,2,0,0,0,1,0,1,1,1,0,0,0,0,1
resin3dprinterstore.com,0,1,1,1,0,0,0,0,0,1,1,1,0,1,0,0,1
dengemuhasebe.com,0,0,0,3,0,0,0,0,0,1,1,1,0,0,0,0,1
www.alquileres.com.py,0,0,1,3,0,0,0,0,0,1,1,1,0,0,0,0,1
batumi.net,0,0,0,3,0,0,0,0,0,1,1,1,0,0,0,0,1
dumbaz-skins.com,0,0,0,0,0,0,0,1,0,1,1,1,0,0,0,0,1
triathlonontario-my.sharepoint.com,0,0,1,7,0,0,0,1,0,1,1,1,0,0,0,0,1
r.attente-securisation.com,0,0,1,3,0,0,0,1,0,1,1,1,0,0,0,1,1
nf3ftix-refu31paym.com,0,0,0,1,0,0,0,1,0,1,1,1,0,0,0,0,1
paypalverifycentral.com,0,0,0,0,0,0,0,0,0,1,1,1,0,0,0,0,1
www.usdatatechnologies.com,0,0,0,2,0,0,0,0,0,1,1,1,0,0,0,0,1
balitransithotel.com,0,0,1,7,0,0,0,0,0,1,1,1,1,0,0,0,1
alldomain.milemarker5cbd.com,0,1,1,4,0,0,0,0,0,1,1,1,0,0,1,0,1
xn--72c1aoa8a9c8a4b8fqd.com,0,0,1,5,0,0,0,1,0,1,1,1,0,0,0,0,1
tukjanshaam.com,0,0,0,3,0,0,0,0,0,1,1,1,0,1,1,0,1
kupelis.com,0,0,1,9,0,0,0,0,0,1,1,1,0,0,1,0,1
chillzone.nick.de,0,0,1,6,0,0,0,0,0,1,1,1,0,0,0,0,1
stil-proiect.ro,0,1,1,3,0,0,0,1,0,1,1,1,0,0,0,0,1
equipmentrentals.pofi.co.in,0,0,1,4,0,0,0,0,0,1,1,1,0,0,0,0,1
gkjx168.com,0,0,1,1,0,0,0,0,0,1,1,1,0,0,0,0,1
vmorefraud.com,0,0,1,4,0,0,0,0,0,1,1,1,0,0,0,1,1
quintascastaldi.com.br,0,0,0,2,0,0,0,0,0,1,1,1,0,0,0,0,1
moodle.ncirl.ie,0,0,0,2,0,0,0,0,0,1,1,1,1,0,0,0,1
shadetreetechnology.com,0,0,0,2,0,0,0,0,0,1,1,1,0,0,0,0,1
sba.yandex.net,0,0,1,1,1,0,0,0,0,1,1,1,0,1,1,0,1
profiling.koha.collecto.ca,0,0,0,0,0,0,0,0,0,1,1,1,0,0,0,1,1
www.zonsa.biz,0,0,1,2,0,0,0,0,0,1,1,1,0,0,1,0,1
www.bizcloudz.net,0,0,0,2,0,0,0,0,0,1,1,1,0,0,0,0,1
departs-society-tobing-ganteng.info,0,0,1,2,0,0,0,1,0,1,1,1,0,0,0,0,1
www.wwwxjj9988.com,0,0,0,1,0,0,0,0,0,1,1,1,0,0,0,0,1
midlandrubber.vn,0,0,1,7,0,0,0,0,0,1,1,1,0,0,0,0,1
ruletka-stikerovvk.000webhostapp.com,0,0,0,0,0,0,0,1,1,1,1,1,0,0,0,0,1
saleschampion.co.uk,0,0,1,5,0,0,0,0,0,1,1,1,1,0,0,0,1
storage.googleapis.com,0,1,1,3,0,0,0,0,0,1,1,1,0,0,0,0,1
duffelbagadventures.com,0,0,1,2,0,0,0,0,0,1,1,1,0,0,0,0,1
lonestarsanitation.com,0,0,1,7,0,0,0,0,0,1,1,1,0,0,0,0,1
s.id,0,0,0,1,0,0,0,0,0,1,1,1,0,0,0,1,1
www.gyanvitaranamlawcollege.com,0,0,0,1,0,0,0,0,0,1,1,1,0,1,0,0,1
csgoprime.ml,0,0,0,2,0,0,0,0,1,1,1,1,0,0,0,0,1
gcspolk.com,0,0,1,4,0,0,0,0,0,1,1,1,0,0,0,0,1
comoliberarhuawei.com,0,0,0,4,0,0,0,0,0,1,1,1,0,0,0,0,1
charttrader.in,0,1,1,3,0,0,0,0,0,1,1,1,0,0,0,0,1
proxyx.ru:443,0,0,0,0,0,0,0,0,0,1,1,1,0,0,0,0,1
maciel.med.br,0,0,1,5,0,0,0,0,0,1,1,1,0,0,0,0,1
gregsendurancetraining.com,0,0,1,5,0,0,0,0,0,1,1,1,0,0,0,1,1
etywe.club,0,0,0,1,0,0,0,0,0,1,1,1,1,0,0,0,1
www.group-whatsapps.ezua.com,0,0,0,0,0,0,0,1,0,1,1,1,1,0,0,0,1
nef.com.pk,0,0,1,8,0,0,0,0,0,1,1,1,1,0,0,0,1
the100prosystems.com,0,0,1,8,0,0,0,0,0,1,1,1,0,0,0,0,1
www.kovolem.cz,0,0,1,1,0,0,0,0,0,1,1,1,0,0,0,1,1
kurskin.be,0,0,1,6,0,0,0,0,0,1,1,1,0,0,0,0,1
paxfulviet.com,0,0,0,0,0,0,0,0,0,1,1,1,0,0,1,0,1
nectaribate.com.br,0,0,0,3,0,0,0,0,0,1,1,1,0,0,0,1,1
mesdepromocao.com,0,0,1,3,0,0,0,0,0,1,1,1,1,1,0,0,1
darkhost.pro,0,0,0,1,0,0,0,0,0,1,1,1,0,0,0,1,1
volarevic.com,0,0,0,5,0,0,0,0,0,1,1,1,0,0,0,1,1
new.915yzt.cn,0,0,1,5,0,0,0,0,0,1,1,1,0,0,0,0,1
modulo-di-pagamento.com,0,0,1,2,0,0,0,1,0,1,1,1,0,0,1,1,1
gladysgarcete.com,0,0,1,5,0,0,0,0,0,1,1,1,0,0,0,0,1
shop-adler.ru,0,0,1,2,0,0,0,1,0,1,1,1,0,0,0,0,1
geranhujalim-001-site1.ctempurl.com,0,0,0,0,0,0,0,1,0,1,1,1,1,0,0,0,1
lagelijundiai.com.br,0,0,0,2,0,0,0,0,0,1,1,1,1,1,0,1,1
www.library.gemacipta.asia,0,0,1,9,0,0,0,0,0,1,1,1,0,0,1,1,1
cap114.fr,0,0,0,1,0,0,0,0,0,1,1,1,0,1,0,0,1
nectarworks.co,0,0,1,2,0,0,0,0,0,1,1,1,1,0,0,0,1
ewtse.club,0,0,0,0,0,0,0,0,0,1,1,1,0,0,0,1,1
omdream.com.br,0,1,1,3,0,0,0,0,0,1,1,1,0,0,0,1,1
trustveda.com,0,0,1,5,0,0,0,0,0,1,1,1,0,0,0,0,1
68.178.252.148,1,0,0,0,0,0,0,0,0,1,1,1,0,0,0,1,1
paypal.account.com.cuteideas.gr,0,0,1,1,0,0,0,0,0,1,1,1,0,0,1,0,1
www.myappwiz.com,0,0,1,2,1,0,0,0,0,1,1,1,0,0,0,0,1
csbw.fr,0,0,0,1,0,0,0,0,0,1,1,1,0,1,1,1,1
bank-of-america-secure00.dns05.com,0,0,1,3,0,0,0,1,0,1,1,1,1,0,0,0,1
185.177.54.1,1,0,0,3,0,0,0,0,0,1,1,1,0,0,0,0,1
www.vakantieverhuur.be,0,0,0,2,0,0,0,0,0,1,1,1,1,1,1,1,1
www.mncelektronik.com,0,0,1,7,0,0,0,0,0,1,1,1,0,0,0,0,1
aegisredmedia.com,0,0,1,6,0,0,0,0,0,1,1,1,0,0,0,0,1
marufulislam.com,0,0,1,3,0,0,0,0,0,1,1,1,0,0,0,0,1
playarprint.com,0,0,0,2,0,0,0,0,0,1,1,1,0,0,0,0,1
servparaferro.com.br,0,0,1,6,0,0,0,0,0,1,1,1,0,0,0,0,1
www.paypalservicegifts.com,0,0,1,2,0,0,0,0,0,1,1,1,0,1,0,0,1
www.courgeon-immobilier.fr,0,0,1,5,0,0,0,1,0,1,1,1,0,0,0,0,1
hamt.jp,0,0,1,7,0,0,0,0,0,1,1,1,0,0,0,0,1
www.hairdame.com,0,0,0,1,0,0,0,0,0,1,1,1,0,0,0,1,1
vilanovacenter.com,0,0,1,3,0,0,0,0,0,1,1,1,1,0,0,0,1
mixql.io,0,0,0,5,0,0,0,0,0,1,1,1,0,0,0,1,1
comoliberarhuawei.com,0,0,0,4,0,0,0,0,0,1,1,1,0,0,1,1,1
sntbgxuhq.vanmx.xyz,0,0,0,0,0,0,0,0,1,1,1,1,0,0,0,0,1
www.washpucks.com,0,0,0,2,0,0,0,0,0,1,1,1,0,0,0,0,1
www.jfteabd.com,0,0,0,3,0,0,0,0,0,1,1,1,0,1,0,0,1
assist-att.net,0,0,0,0,0,0,0,1,0,1,1,1,0,1,0,1,1
shinai.jp,0,1,1,3,0,0,0,0,0,1,1,1,0,0,0,0,1
azxcszs.000webhostapp.com,0,0,0,1,0,0,0,0,1,1,1,1,0,1,0,1,1
www.webcoretic.com,0,0,1,9,0,0,0,0,0,1,1,1,0,0,0,1,1
infopublishersassociation.com,0,0,1,8,0,0,0,0,0,1,1,1,0,1,0,0,1
www.topsqueegee.com,0,0,0,1,0,0,0,0,1,1,1,1,0,0,0,0,1
vmorefraud.com,0,0,0,4,0,0,0,0,0,1,1,1,1,0,0,0,1
trustveda.com,0,0,1,4,0,0,0,0,0,1,1,1,0,1,0,0,1
mythree3billing.com,0,0,0,0,0,0,0,0,0,1,1,1,0,0,0,0,1
www.gueriniarmi.it,0,0,1,8,0,0,0,0,0,1,1,1,0,0,0,0,1
623112j4j3.codesandbox.io,0,0,0,1,0,0,0,0,0,1,1,1,1,0,1,0,1
www.lightlink.com.cn,0,0,1,5,0,0,0,0,0,1,1,1,1,0,0,0,1
bestchange.ru.btc-ex.buzz,0,0,0,0,0,0,0,1,0,1,1,1,0,0,0,0,1
services.runescape.com-en.ru,0,0,0,0,0,0,0,1,0,1,1,1,0,0,1,0,1
livenmitac-my.sharepoint.com,0,0,1,5,0,0,0,1,0,1,1,1,0,0,0,0,1
ligatokens.io,0,0,0,0,0,0,0,0,0,1,1,1,1,0,1,0,1
dengemuhasebe.com,0,0,0,3,0,0,0,0,0,1,1,1,0,0,0,0,1
ambrosiapaintingllc.com,0,0,1,4,0,0,0,0,0,1,1,1,0,1,0,0,1
madebrummi.com,0,0,0,0,0,0,0,0,0,1,1,1,0,0,0,0,1
thankyoufitzpatrick.com,0,0,1,8,0,0,0,0,0,1,1,1,0,0,0,0,1
signalsnipe.com,0,0,0,4,0,0,0,0,0,1,1,1,0,0,0,0,1
techimplement.com,0,0,0,1,0,0,0,0,0,1,1,1,0,0,0,0,1
nordichairistanbul.com,0,0,1,3,0,0,0,0,0,1,1,1,0,0,0,0,1
laurelmine.xyz,0,0,0,1,0,0,0,0,1,1,1,1,0,1,0,0,1
brussel-airport.be,0,0,0,1,0,0,0,1,0,1,1,1,0,0,0,1,1
muralsbysteve.com,0,0,0,2,0,0,0,0,0,1,1,1,0,0,0,0,1
www.apple.com.f-rid.cn,0,0,0,2,0,0,0,1,0,1,1,1,0,1,0,0,1
betasus778.blogspot.com,0,0,0,0,0,0,0,0,0,1,1,1,1,0,0,0,1
mailgcccdeduowa.my-free.website,0,0,0,0,0,0,0,1,0,1,1,1,0,0,0,0,1
myrnd.info,0,1,1,8,0,0,0,0,0,1,1,1,0,0,0,0,1
bit.ly,0,0,0,1,0,0,1,0,0,1,1,1,0,0,1,1,1
csgofreexskins.fun,0,0,0,0,0,0,0,0,0,1,1,1,0,0,0,0,1
107.180.44.78,1,0,0,1,0,0,0,0,0,1,1,1,0,0,0,0,1
hamt.jp,0,0,1,7,0,0,0,0,0,1,1,1,0,1,1,0,1
www.zonasegura-vialbcp.com,0,0,0,1,0,0,0,1,0,1,1,1,0,0,0,0,1
www.caribconnectlaw.com,0,0,1,5,0,0,0,0,0,1,1,1,1,0,0,0,1
donghuong.uk,0,0,1,5,0,0,0,0,0,1,1,1,0,0,0,1,1
71zhuan.com,0,1,1,1,0,0,0,0,0,1,1,1,0,0,1,0,1
www.ossc-bjtu.cn,0,0,0,3,0,0,0,1,0,1,1,1,0,0,1,0,1
firebasestorage.googleapis.com,0,1,1,5,0,0,0,0,0,1,1,1,0,0,0,0,1
fluidaccountants.co.uk,0,0,0,4,0,0,0,0,0,1,1,1,0,0,1,0,1
www.thescrapescape.com,0,0,1,4,0,0,0,0,0,1,1,1,0,0,0,0,1
zohard.com,0,0,1,8,0,0,0,0,0,1,1,1,0,0,1,0,1
infomaniak.com.login.management.fernemillen.com,0,0,1,0,0,0,0,0,0,1,1,1,0,0,0,1,1
betasus6.blogspot.com,0,0,0,0,0,0,0,0,0,1,1,1,0,0,0,1,1
wlrembroidery.com,0,0,1,1,0,0,0,0,0,1,1,1,0,0,1,0,1
randylongmd.com,0,0,1,5,0,0,0,0,0,1,1,1,1,0,0,0,1
odontonalai.com.br,0,0,0,2,0,0,0,0,0,1,1,1,1,0,0,0,1
docsend.com,0,0,0,2,0,0,0,0,0,1,1,1,0,0,0,0,1
savageconquest.com,0,0,1,2,0,0,0,0,0,1,1,1,1,0,0,0,1
www.chase-verification.diligencees.com,0,0,1,2,0,0,0,1,0,1,1,1,0,0,0,0,1
user57205.vs.speednames.com,0,0,0,1,0,0,0,0,0,1,1,1,0,0,0,1,1
bancoltauatendimentoao-cliente.acesso30horas.com,0,0,1,3,0,0,0,1,0,1,1,1,0,0,0,0,1
www.nonaisazeh.com,0,0,0,1,0,0,0,0,0,1,1,1,0,0,0,1,1
docs.google.com,0,0,1,5,0,0,0,0,0,0,0,0,0,0,0,0,1
docs.google.com,0,0,1,5,0,0,0,0,0,0,0,0,0,0,0,0,1
www.cobrancanet.com.br,0,0,1,3,0,0,0,0,0,1,1,1,0,0,0,0,1
en.lppm.unila.ac.id,0,1,1,6,0,0,0,0,0,1,1,1,0,1,0,1,1
attgha.weebly.com,0,0,0,0,0,0,0,0,0,1,1,1,0,0,0,0,1
www.jmdpowertools.in,0,0,1,3,0,0,0,0,0,1,1,1,1,0,0,0,1
www.financialone.com.hk,0,0,1,5,0,0,0,0,0,1,1,1,1,0,0,0,1
secure.runescape.com-ars.xyz,0,0,1,2,0,0,0,1,1,1,1,1,0,0,0,0,1
flo14.000webhostapp.com,0,0,0,0,0,0,0,0,1,1,1,1,0,1,0,0,1
officevoicevm.cloudaccess.host,0,0,1,5,0,0,0,0,0,1,1,1,0,0,0,0,1
www.evernote.com,0,0,1,4,0,0,0,0,0,1,1,1,1,0,1,0,1
dotpay.i-dpd.pl,0,0,1,1,0,0,0,1,0,1,1,1,0,0,0,1,1
www.vjdisplay.com.cn,0,0,1,3,0,0,0,0,0,1,1,1,0,0,0,0,1
www.thenine9.com,0,0,1,2,0,0,0,0,0,1,1,1,0,0,0,0,1
ayzam.com,0,0,1,3,0,0,0,0,0,1,1,1,0,1,0,0,1
evidentfreedom.icu,0,0,0,3,0,0,0,0,0,1,1,1,0,1,0,0,1
yo.soylegal.es,0,0,1,4,0,0,0,0,0,1,1,1,0,1,0,1,1
verizon-wirelesscustomerservice.com,0,0,0,0,0,0,0,1,0,1,1,1,0,0,1,1,1
j.mp,0,0,0,1,0,0,1,0,0,1,1,1,0,0,0,0,1
fgtrkfjg.godaddysites.com,0,0,0,0,0,0,0,0,0,1,1,1,0,1,0,0,1
www.acesso-portal.com,0,0,1,1,1,0,0,1,0,1,1,1,0,0,0,0,1
wishnquotes.com,0,0,1,3,0,0,0,0,0,1,1,1,0,0,0,0,1
atendimento-sac-pg.joomla.com,0,0,0,1,0,0,0,1,0,1,1,1,1,0,1,0,1
lp2m.umsu.ac.id,0,0,0,3,0,0,0,0,0,1,1,1,0,1,0,0,1
enigreen.net,0,0,1,3,0,0,0,0,0,1,1,1,0,0,0,1,1
www.lrct.go.tz,0,0,0,3,0,0,0,0,0,1,1,1,0,0,0,0,1
www.sloaneandhyde.com,0,0,1,3,0,0,0,0,0,1,1,1,0,0,0,1,1
xn--hravfall-9za.com,0,0,1,2,0,0,0,1,0,1,1,1,0,0,0,0,1
qrxhskj.cluster028.hosting.ovh.net,0,0,1,11,0,0,0,0,0,1,1,1,0,0,0,1,1
barogaleria.com,0,1,1,5,0,0,0,0,0,1,1,1,0,0,0,0,1
travisusd-my.sharepoint.com,0,0,1,5,0,0,0,1,0,1,1,1,0,0,1,0,1
sitenet-serasaexperian.net,0,0,0,0,0,0,0,1,0,1,1,1,0,0,0,0,1
ofertas-dezembro.com,0,0,1,2,0,0,0,1,0,1,1,1,0,0,0,0,1
playarprint.com,0,0,1,2,0,0,0,0,0,1,1,1,0,0,0,0,1
aberturasagma.com,0,0,1,6,0,0,0,0,0,1,1,1,1,0,0,0,1
particulares.santander.totta-pt.eu,0,0,0,0,0,0,0,1,0,1,1,1,0,0,0,1,1
halestelevision.co.uk,0,0,1,4,0,0,0,0,0,1,1,1,0,0,1,0,1
forms.gle,0,0,0,1,0,0,0,0,0,1,1,1,1,0,0,0,1
bankofamerica-logins.dns05.com,0,0,1,2,0,0,0,1,0,1,1,1,0,0,0,0,1
ata22.ir,0,0,0,1,0,0,0,0,0,1,1,1,1,0,0,1,1
anbenig.com,0,0,0,1,0,0,0,0,0,1,1,1,0,0,1,1,1
alasbah.com,0,0,1,7,0,0,0,0,0,1,1,1,0,0,0,0,1
profinishmi.com,0,1,1,4,0,0,0,0,0,1,1,1,0,0,0,0,1
keypointtraining-my.sharepoint.com,0,0,1,5,0,0,0,1,0,1,1,1,0,0,0,1,1
www.i-m.mx,0,0,0,2,0,0,0,1,0,1,1,1,0,0,0,1,1
ykm.de,0,0,0,1,0,0,0,0,0,1,1,1,0,0,0,0,1
firebasestorage.googleapis.com,0,0,1,5,0,0,0,0,0,1,1,1,0,0,0,0,1
secure.runescape.rs-p.xyz,0,0,1,3,0,0,0,1,1,1,1,1,1,0,0,0,1
abstracted-repeated-brian.glitch.me,0,0,0,0,0,0,0,1,0,1,1,1,0,0,0,0,1
playarprint.com,0,0,1,2,0,0,0,0,0,1,1,1,0,0,0,0,1
stoddardandcooper.com,0,0,1,4,0,0,0,0,0,1,1,1,0,0,0,0,1
forms.gle,0,0,0,1,0,0,0,0,0,1,1,1,0,0,0,0,1
www.planwise.co.za,0,0,1,7,0,0,0,0,0,1,1,1,0,1,1,0,1
sparkpassedecom.com,0,0,1,2,0,0,0,0,0,1,1,1,0,0,0,0,1
osdwatracor.qsite.dk,0,0,1,2,0,0,0,0,0,1,1,1,0,0,1,0,1
being-in-contact.de,0,0,1,2,0,0,0,1,0,1,1,1,0,0,0,0,1
www.zoohanpro.com,0,0,1,2,0,0,0,0,0,1,1,1,0,0,1,0,1
eliotecae-my.sharepoint.com,0,0,1,7,0,0,0,1,0,1,1,1,0,0,0,0,1
barogaleria.com,0,1,1,5,0,0,0,0,0,1,1,1,1,0,0,1,1
aquai.pl,0,0,1,7,0,0,0,0,0,1,1,1,0,0,0,0,1
sriutamahub.com,0,0,1,2,0,0,0,0,0,1,1,1,0,0,0,0,1
secure.runescape.rs-d.xyz,0,0,0,0,0,0,0,1,1,1,1,1,0,0,0,1,1
securlty.be,0,0,0,1,0,0,0,0,0,1,1,1,1,0,0,0,1
greenhome-geo.com,0,0,1,4,0,0,0,1,0,1,1,1,0,0,0,0,1
aarohanclasses.in,0,0,0,1,0,0,0,0,0,1,1,1,0,1,1,0,1
apple.com.soportebuscar.com,0,0,0,0,0,0,0,0,0,1,1,1,0,0,0,0,1
forms.office.com,0,0,1,2,0,0,0,0,0,0,0,0,0,0,0,0,1
www.sieck-kuehlsysteme.de,0,1,1,4,0,0,0,1,0,1,1,1,0,0,0,1,1
jvkj-ru.1gb.ru,0,0,0,0,0,0,0,1,0,1,1,1,0,0,0,0,1
5de7b3245c2760991.temporary.link,0,0,1,2,0,0,0,0,0,1,1,1,0,0,0,0,1
ukbusinessdaily.com,0,0,1,4,0,0,0,0,0,1,1,1,0,1,1,0,1
testq1w2e3r4.000webhostapp.com,0,0,0,0,0,0,0,0,1,1,1,1,1,0,1,0,1
fareast.qa,0,0,1,3,0,0,0,0,0,1,1,1,0,0,0,0,1
etigroup.az,0,0,1,6,0,0,0,0,0,1,1,1,0,0,0,0,1
www.zonsa.biz,0,0,1,2,0,0,0,0,0,1,1,1,0,0,0,0,1
palicky.sk,0,0,0,1,0,0,0,0,0,1,1,1,0,0,0,1,1
playarprint.com,0,0,1,2,0,0,0,0,0,1,1,1,0,0,0,0,1
www.bbsignage.com,0,0,0,3,0,0,0,0,0,1,1,1,1,0,0,1,1
inspireblisscoaching.com,0,1,1,4,0,0,0,0,0,1,1,1,0,0,0,0,1
trbetasusgiris.blogspot.com,0,0,0,0,0,0,0,0,0,1,1,1,0,0,0,0,1
ummamiexpress.com,0,0,1,2,0,0,0,0,0,1,1,1,0,1,0,0,1
ekhobrand.com,0,0,1,4,0,0,0,0,0,1,1,1,0,1,0,0,1
94-237-53-115.uk-lon1.upcloud.host,0,0,0,1,0,0,0,1,0,1,1,1,1,0,0,1,1
atendimento-sac-pg.joomla.com,0,0,0,2,0,0,0,1,0,1,1,1,0,0,0,0,1
www.filedunderfaith.com,0,0,1,6,0,0,0,0,0,1,1,1,1,0,0,0,1
www.yoho.com.tw,0,0,0,2,0,0,0,0,0,1,1,1,0,0,0,0,1
dsv.cubotec.com.br,0,0,1,4,0,0,0,0,0,1,1,1,0,0,1,0,1
painmanagement-atlanta.com,0,0,1,4,0,0,0,1,0,1,1,1,1,0,0,0,1
villasakuraubud.com,0,0,1,6,0,0,0,0,0,1,1,1,1,0,0,0,1
hijamanor.com,0,0,0,3,0,0,0,0,0,1,1,1,0,0,0,0,1
www.decaturilbgc.com,0,0,1,8,0,0,0,0,0,1,1,1,0,0,1,0,1
bit.ly,0,0,0,1,0,0,1,0,0,1,1,1,1,1,0,0,1
bcpzonasegurabeta.viabcp.com.thephysiofix.com,0,0,0,0,0,0,0,0,0,1,1,1,0,0,0,0,1
spectralwirejewelry.com,0,0,1,5,0,0,0,0,0,1,1,1,0,0,0,1,1
hindikavikssoni.com,0,0,1,5,0,0,0,0,0,1,1,1,0,0,0,0,1
firebasestorage.googleapis.com,0,1,1,5,0,0,0,0,0,1,1,1,0,0,0,0,1
www.sastaservices.com,0,0,1,2,0,0,0,0,0,1,1,1,0,0,0,1,1
storm-friendly-property.glitch.me,0,0,0,0,0,0,0,1,0,1,1,1,0,0,0,0,1
bcpzonasegurabeta.viabcp.com.aelpk.com,0,0,1,2,0,0,0,0,0,1,1,1,0,0,0,0,1
joemorriisey.typeform.com,0,0,0,2,0,0,0,0,0,1,1,1,0,1,1,1,1
betasus2021.blogspot.com,0,0,0,0,0,0,0,0,0,1,1,1,0,0,0,0,1
docs.google.com,0,0,1,5,0,0,0,0,0,0,0,0,0,0,0,0,1
naofiquedeforadessamega.com,0,0,1,2,0,0,0,0,0,1,1,1,0,0,0,0,1
www.maersklinesllc.dx.am,0,0,0,1,0,0,0,0,0,1,1,1,0,0,1,0,1
blog.mejoramiso.com,0,0,1,3,0,0,0,0,0,1,1,1,0,0,0,0,1
domaine-anthesia.com,0,0,0,1,0,0,0,1,0,1,1,1,0,1,0,0,1
bravobeveiliging-my.sharepoint.com,0,0,1,5,0,0,0,1,0,1,1,1,1,1,1,0,1
sedanepal.org.np,0,0,0,3,0,0,0,0,0,1,1,1,1,0,0,0,1
supportmail.webservis.ru,0,0,0,0,0,0,0,0,0,1,1,1,0,0,0,1,1
www.bank-sec.com,0,0,0,0,0,0,0,1,0,1,1,1,0,0,0,0,1
tek.link,0,0,0,1,0,0,0,0,0,1,1,1,0,0,1,0,1
hijamanor.com,0,0,0,3,0,0,0,0,0,1,1,1,0,0,0,1,1
intesagruppoisp-web.000webhostapp.com,0,0,0,0,0,0,0,1,1,1,1,1,0,0,0,0,1
eurodisposables-my.sharepoint.com,0,0,1,5,0,0,0,1,0,1,1,1,0,0,0,1,1
espaceclientv1.fr,0,0,1,5,0,0,0,0,0,1,1,1,1,0,0,1,1
receba-emcasa-bahianiinho.com,0,0,1,2,0,0,0,1,0,1,1,1,0,0,0,1,1
redal.company,0,0,1,2,0,0,0,0,0,1,1,1,0,0,0,0,1
www.checkinitausecurity.com,0,0,0,1,0,0,0,0,0,1,1,1,0,0,0,0,1
skinsleaders.com,0,0,0,0,0,0,0,0,0,1,1,1,0,0,0,0,1
rakuten.co.jp.wthrkb.ph,0,0,0,1,0,0,0,0,0,1,1,1,0,0,0,0,1
peaceau.org,0,0,1,3,0,0,0,0,0,1,1,1,0,0,0,0,1
espaceclientv1.fr,0,0,1,5,0,0,0,0,0,1,1,1,0,0,0,1,1
orangdewasa1212.000webhostapp.com,0,0,0,0,0,0,0,0,1,1,1,1,0,1,0,0,1
lnstagram.pp.ru,0,0,0,0,0,0,0,0,0,1,1,1,1,1,0,0,1
gshkls.godaddysites.com,0,0,0,0,0,0,0,0,0,1,1,1,0,0,1,0,1
www.caribconnectlaw.com,0,0,1,5,0,0,0,0,0,1,1,1,0,0,0,0,1
ettalee.com,0,0,0,1,0,0,0,0,0,1,1,1,0,0,1,0,1
accurate-engineers.in,0,0,1,3,0,0,0,1,0,1,1,1,0,0,0,0,1
445d337b5cd5de476f99333df6b0c2a7.webredirect.org,0,0,1,2,1,0,0,0,0,1,1,1,0,0,0,0,1
gordonng.com,0,0,0,1,0,0,0,0,0,1,1,1,0,0,0,1,1
josunlamp.com,0,0,0,1,0,0,0,0,0,1,1,1,1,0,0,0,1
especial-das-maes.com,0,0,1,2,0,0,0,1,0,1,1,1,0,0,1,0,1
login.philip-britz.de,0,0,0,0,0,0,0,1,0,1,1,1,0,0,0,1,1
demo.kinomilenium.mk,0,0,0,1,0,0,0,0,0,1,1,1,0,0,0,0,1
cfe-recibos.com.mx,0,0,0,0,0,0,0,1,0,1,1,1,0,0,0,0,1
008753331120.com,0,0,1,3,0,0,0,0,0,1,1,1,1,0,0,0,1
www.cheaproomsvalencia.com,0,0,1,5,0,0,0,0,0,1,1,1,0,0,0,0,1
yourblunts.com,0,0,0,4,0,0,0,0,0,1,1,1,0,0,0,0,1
yorkshire.es,0,0,0,1,0,0,0,0,0,1,1,1,0,0,1,0,1
kuurid.ee,0,0,1,5,0,0,0,0,0,1,1,1,0,0,1,0,1
secure.runescape.com-en.ru,0,0,1,2,0,0,0,1,0,1,1,1,0,0,0,1,1
animalwelfareinc.org,0,0,1,7,0,0,0,0,0,1,1,1,0,1,0,0,1
mail.myphonereviews.com,0,0,1,3,0,0,0,0,0,1,1,1,0,0,0,0,1
remycare.com,0,1,1,3,0,0,0,0,0,1,1,1,0,0,1,0,1
www.vertulounge.com,0,0,0,2,0,0,0,0,0,1,1,1,0,0,0,0,1
www.caviarkelp.com,0,0,0,3,0,0,0,0,0,1,1,1,0,0,1,0,1
sparkpassedecom.com,0,0,1,2,0,0,0,0,0,1,1,1,1,0,0,0,1
taekwondocorrientes.org,0,0,1,3,0,0,0,0,0,1,1,1,0,0,1,0,1
balletshop.eu,0,0,0,2,0,0,0,0,0,1,1,1,0,0,0,0,1
bit.ly,0,0,0,1,0,0,1,0,0,1,1,1,0,0,1,1,1
toanhoc247.edu.vn,0,0,1,5,0,0,0,0,0,1,1,1,0,0,0,1,1
cns-international2.com,0,0,0,1,0,0,0,1,0,1,1,1,0,0,0,0,1
www.whatsapps-invites.zzux.com,0,0,0,0,0,0,0,1,0,1,1,1,0,0,0,0,1
effafrica.org,0,0,1,5,0,0,0,0,0,1,1,1,0,0,0,1,1
meljackson.net,0,0,1,2,0,0,0,0,0,1,1,1,1,1,0,0,1
novocicloconsultoria.com.br,0,0,1,2,0,0,0,0,0,1,1,1,0,0,0,0,1
goldsilverboutique.com,0,0,1,4,0,0,0,0,0,1,1,1,0,0,0,0,1
brighant.com,0,0,0,1,0,0,0,0,0,1,1,1,1,0,0,0,1
stayfuse.com,0,0,1,4,0,0,0,0,0,1,1,1,0,0,0,0,1
wholesalemsms.club,0,0,0,3,0,0,0,0,0,1,1,1,0,1,0,0,1
siesoluciones.com,0,0,1,7,0,0,0,0,0,1,1,1,0,0,0,0,1
homologacao.madrugadaolanches.com.br,0,0,1,5,0,0,0,0,0,1,1,1,0,0,0,0,1
drive.google.com,0,0,1,4,0,0,0,0,0,0,0,0,1,0,0,0,1
everestwebdevelopment.com,0,0,0,2,0,0,0,0,0,1,1,1,0,0,0,0,1
netflixloginhelp.com,0,0,0,0,0,0,0,0,0,1,1,1,0,1,0,0,1
playarprint.com,0,0,1,2,0,0,0,0,0,1,1,1,0,0,0,0,1
dalparter.oneclick.press,0,0,1,5,0,0,0,0,0,1,1,1,0,1,0,0,1
financedeyc.com,0,0,0,1,0,0,0,0,0,1,1,1,1,0,1,0,1
paypal.account.com.cuteideas.gr,0,0,1,1,0,0,0,0,0,1,1,1,1,0,0,0,1
www.aegisredmedia.com,0,0,1,7,0,0,0,0,0,1,1,1,1,0,1,0,1
www.facturation90range.com,0,0,0,1,0,0,0,0,0,1,1,1,0,0,0,0,1
accounts.google.com,0,0,1,1,1,0,0,0,0,0,0,0,0,0,1,0,1
docs.google.com,0,0,1,5,0,0,0,0,0,0,0,0,0,0,0,0,1
toywatchofficial.icu,0,0,0,3,0,0,0,0,0,1,1,1,0,0,0,1,1
cheaproomsvalencia.com,0,0,1,5,0,0,0,0,0,1,1,1,0,0,1,0,1
misrecetasnaturales.com,0,0,1,8,0,0,0,0,0,1,1,1,0,0,0,0,1
withinmyskin.com,0,0,0,1,0,0,0,0,0,1,1,1,0,0,0,0,1
tansus.co.uk,0,1,1,2,0,0,0,0,0,1,1,1,0,0,0,1,1
posb-ibanking-demo.herokuapp.com,0,0,0,0,0,0,0,1,0,1,1,1,0,0,0,0,1
resin3dprinterstore.com,0,1,1,1,0,0,0,0,0,1,1,1,1,1,0,0,1
ecole-les-omblais.pagesperso-orange.fr,0,0,1,4,0,0,0,1,0,1,1,1,1,0,0,0,1
psicoayudante.com,0,0,0,4,0,0,0,0,0,1,1,1,0,0,0,0,1
clienteappsms-com.umbler.net,0,0,0,1,0,0,0,1,0,1,1,1,0,0,0,0,1
endo.ba,0,0,1,3,0,0,0,0,0,1,1,1,1,0,0,1,1
weboutlookstorageaccess.activehosted.com,0,0,0,2,0,0,0,0,0,1,1,1,0,0,0,0,1
ettalee.com,0,0,1,3,0,0,0,0,0,1,1,1,1,1,0,0,1
owa.bargainsfinder.me,0,0,1,2,0,0,0,0,0,1,1,1,0,0,0,1,1
algertzharri.com,0,0,0,3,0,0,0,0,0,1,1,1,0,0,0,0,1
beautifulnessshine.com,0,0,0,1,0,0,0,0,0,1,1,1,0,0,0,0,1
gobbojr.com.br,0,0,1,4,0,0,0,0,0,1,1,1,1,0,0,0,1
miketoddington.com,0,0,0,1,0,0,0,0,0,1,1,1,0,0,0,0,1
www.definelife.me,0,0,1,5,0,0,0,0,0,1,1,1,0,0,0,0,1
tnyshipping.com,0,0,0,3,0,0,0,0,0,1,1,1,0,0,0,0,1
adventuresofus.co,0,0,1,5,0,0,0,0,0,1,1,1,0,0,0,0,1
bcpzonasegurabeta.viabcp.com.thephysiofix.com,0,0,1,2,0,0,0,0,0,1,1,1,0,1,0,0,1
cheaproomsvalencia.com,0,0,1,5,0,0,0,0,0,1,1,1,1,0,0,0,1
aresczspsc.000webhostapp.com,0,0,0,0,0,0,0,0,1,1,1,1,0,0,1,0,1
r.assotlmc.com,0,0,1,3,0,0,0,0,0,1,1,1,0,0,0,0,1
www.i-m.mx,0,0,0,2,0,0,0,1,0,1,1,1,0,0,1,0,1
boraprafrentebra18k.com,0,0,1,2,0,0,0,0,0,1,1,1,0,0,0,1,1
cnctar.hobbycnc.hu,0,0,1,4,0,0,0,0,0,1,1,1,0,0,0,0,1
pagesyouraccount.cloudns.asia,0,0,1,1,0,0,0,0,0,1,1,1,0,0,0,0,1
www.meduchet.com,0,0,1,7,0,0,0,0,0,1,1,1,0,0,0,1,1
c1770209.ferozo.com,0,0,1,4,0,0,0,0,0,1,1,1,0,0,0,0,1
docs.google.com,0,0,1,5,0,0,0,0,0,0,0,0,0,0,0,0,1
vmoremlm.com,0,0,0,3,0,0,0,0,0,1,1,1,1,0,0,1,1
criamos-novidades-pra-voce-veja.com,0,0,1,2,0,0,0,1,0,1,1,1,1,0,0,0,1
rinder.com.ar,0,0,1,3,0,0,0,0,0,1,1,1,0,1,0,0,1
reurl.cc,0,0,0,1,0,0,0,0,0,1,1,1,0,0,1,0,1
wszystkowpolsce.fun,0,0,0,1,0,0,0,0,0,1,1,1,1,0,1,0,1
avrupaestetikguzellik.com,0,0,1,4,0,0,0,0,0,1,1,1,0,0,0,0,1
bitly.com,0,0,0,1,0,0,1,0,0,1,1,1,0,0,1,0,1
intego3.info,0,0,0,2,0,0,0,0,0,1,1,1,0,0,0,0,1
amazon.co.jp.s6xaunxmxa72bvhz.net,0,0,0,1,0,0,0,0,0,1,1,1,0,0,0,0,1
cheaproomsvalencia.com,0,0,1,5,0,0,0,0,0,1,1,1,0,0,0,0,1
docs.google.com,0,0,1,5,0,0,0,0,0,0,0,0,0,1,0,0,1
flavahairdesign.co.za,0,0,1,4,0,0,0,0,0,1,1,1,0,0,0,0,1
www.bombayelectricstore.com,0,0,1,2,0,0,0,0,0,1,1,1,0,0,0,0,1
grupprontalgaming.25u.com,0,0,0,1,0,0,0,0,0,1,1,1,0,0,0,0,1
alpha-mail-server3.ns01.info,0,0,1,1,0,0,0,1,0,1,1,1,0,0,0,0,1
meduchet.com,0,0,1,7,0,0,0,0,0,1,1,1,0,0,0,0,1
betasusgirisburasi4.blogspot.com,0,0,0,0,0,0,0,0,0,1,1,1,1,0,0,0,1
www.turkmcse.com,0,0,0,2,0,0,0,0,0,1,1,1,0,0,0,0,1
www.videoskick.com,0,0,0,2,0,0,0,0,0,1,1,1,1,0,0,0,1
forms.office.com,0,0,1,2,0,0,0,0,0,0,0,0,1,0,0,0,1
link-masuk-grup-bokep-terbaru-kk.000webhostapp.com,0,0,1,1,0,0,0,1,1,1,1,1,0,0,0,0,1
verfiayiosnmerer.com,0,0,1,4,0,0,0,0,0,1,1,1,0,0,0,0,1
bokepwa.enpunto.com.gt,0,0,0,0,0,0,0,0,0,1,1,1,0,0,0,0,1
proxima-net.com,0,0,0,2,0,0,0,1,0,1,1,1,1,0,0,1,1
paulwyates.typeform.com,0,0,0,2,0,0,0,0,0,1,1,1,0,0,0,0,1
boconceptla.com,0,0,1,6,0,0,0,0,0,1,1,1,1,0,0,0,1
groupwhatsapp-bokep.viewdns.net,0,0,0,0,0,0,0,1,0,1,1,1,0,0,0,0,1
www.icmerano2.it,0,0,1,8,0,0,0,0,0,1,1,1,0,0,0,1,1
firebasestorage.googleapis.com,0,0,1,5,0,0,0,0,0,1,1,1,0,0,0,1,1
yakutcement.ru,0,0,1,4,0,0,0,0,0,1,1,1,0,1,0,0,1
dreamhouse.in.th,0,0,1,5,0,0,0,0,0,1,1,1,0,0,1,0,1
uprowadzenie-dworzec48.net.pl,0,0,0,0,0,0,0,1,0,1,1,1,0,0,1,0,1
storage.googleapis.com,0,0,1,3,0,0,0,0,0,1,1,1,0,0,0,0,1
xn--sparkass-i1a.connect-1412.de,0,0,1,2,0,0,0,1,0,1,1,1,0,0,0,0,1
www.chinadryer.cn,0,0,0,1,0,0,0,0,0,1,1,1,0,0,1,0,1
qfreeaccountssjc1.az1.qualtrics.com,0,0,1,3,0,0,0,0,0,1,1,1,0,0,1,0,1
tiny.cc,0,0,0,1,0,0,1,0,0,1,1,1,1,0,0,1,1
sharkgiveaway.ga,0,0,0,0,0,0,0,0,1,1,1,1,0,0,0,0,1
jppost-ru.co,0,0,0,1,0,0,0,1,0,1,1,1,0,0,0,0,1
jikatel.com,0,0,0,2,0,0,0,0,0,1,1,1,0,1,0,0,1
greeneryinfinite.in,0,0,0,1,0,0,0,0,0,1,1,1,0,0,0,0,1
playarprint.com,0,0,1,2,0,0,0,0,0,1,1,1,0,0,0,0,1
storage.googleapis.com,0,0,1,2,0,0,0,0,0,1,1,1,0,0,0,0,1
caspianglobalservices.com,0,0,0,2,0,0,0,0,0,1,1,1,1,0,0,0,1
tik.info.pl,0,0,1,6,0,0,0,0,0,1,1,1,0,0,1,0,1
tiseopavingco-my.sharepoint.com,0,0,1,5,0,0,0,1,0,1,1,1,0,0,0,0,1
docs.google.com,0,0,1,5,0,0,0,0,0,0,0,0,0,0,1,0,1
tptelecom.it,0,0,1,8,0,0,0,0,0,1,1,1,0,0,1,1,1
bebearrive.free.fr,0,0,0,3,0,0,0,0,0,1,1,1,1,1,1,0,1
jnualumni.in,0,0,1,4,0,0,0,0,0,1,1,1,0,0,1,0,1
betasusgiris11.blogspot.com,0,0,0,0,0,0,0,0,0,1,1,1,0,0,1,0,1
a.a.3483.fhug.5875.dhirt.4989.rgkhr.594k.egih.dg4r4t.clearpointsupplies.com,0,0,1,1,0,0,0,0,0,1,1,1,0,0,0,1,1
rebrand.ly,0,0,0,1,0,0,0,0,0,1,1,1,0,1,1,0,1
atendimento-pg-series.joomla.com,0,0,1,3,0,0,0,1,0,1,1,1,0,0,0,0,1
docs.google.com,0,0,1,5,0,0,0,0,0,0,0,0,0,0,0,1,1
dreamhouse.in.th,0,0,1,3,0,0,0,0,0,1,1,1,1,0,0,0,1
c1800258.ferozo.com,0,0,0,4,0,0,0,0,0,1,1,1,0,1,0,1,1
spectralwirejewelry.com,0,0,1,4,0,0,0,0,0,1,1,1,1,1,0,0,1
atendimento-sac-pg.joomla.com,0,0,1,3,0,0,0,1,0,1,1,1,0,1,0,0,1
docs.google.com,0,0,1,5,0,0,0,0,0,0,0,0,0,0,0,0,1
cs25882.tmweb.ru,0,0,0,0,0,0,0,0,0,1,1,1,0,0,1,0,1
storage.googleapis.com,0,1,1,3,0,0,0,0,0,1,1,1,0,0,1,1,1
batumi.net,0,0,0,3,0,0,0,0,0,1,1,1,0,0,1,0,1
www.kidms.com,0,0,1,7,0,0,0,0,0,1,1,1,0,0,0,0,1
coloradomanagement-my.sharepoint.com,0,0,1,5,0,0,0,1,0,1,1,1,0,0,1,0,1
checkpoint.somee.com,0,0,0,1,0,0,0,0,0,1,1,1,0,1,0,1,1
www.google.com,0,0,1,3,1,0,0,0,0,0,0,0,1,0,0,0,1
yahooaccountmanagementcenter.weebly.com,0,0,0,0,0,0,0,0,0,1,1,1,0,0,0,0,1
mayburyhcs.com,0,0,0,3,0,0,0,0,0,1,1,1,0,1,1,0,1
hs-giveaways.ca,0,0,0,1,0,0,0,1,0,1,1,1,0,1,0,0,1
vl2-ru.1gb.ru,0,0,0,0,0,0,0,1,0,1,1,1,0,0,0,1,1
roomedic.com,0,0,0,1,0,0,0,0,0,1,1,1,0,0,0,1,1
palletsolutions.ca,0,0,1,3,0,0,0,0,0,1,1,1,1,0,0,1,1
onedrive.live.com,0,0,1,0,0,0,0,0,0,0,0,0,0,0,0,0,1
logenlbb.dk,0,0,0,3,0,0,0,0,0,1,1,1,0,1,0,0,1
docs.google.com,0,0,1,5,0,0,0,0,0,0,0,0,1,0,0,1,1
microfinancesoft.nn.r.appspot.com,0,0,0,1,0,0,0,0,0,1,1,1,0,0,0,1,1
ijikc.co.in,0,0,1,5,0,0,0,0,0,1,1,1,0,0,0,0,1
waytoketo.com,0,0,1,4,0,0,0,0,0,1,1,1,0,0,0,0,1
web-net-pg.joomla.com,0,0,1,3,0,0,0,1,0,1,1,1,1,0,0,0,1
docs.google.com,0,0,1,5,0,0,0,0,0,0,0,0,1,0,0,1,1
bobbyveert.nl,0,0,0,1,0,0,0,0,0,1,1,1,0,0,0,0,1
html.house,0,0,0,1,0,0,0,0,0,1,1,1,0,0,0,0,1
atendimento-pg-series.joomla.com,0,0,0,2,0,0,0,1,0,1,1,1,0,0,0,0,1
autorizador5.com.br,0,0,1,7,0,0,0,0,0,1,1,1,0,0,0,0,1
distinctfreight.co.zw,0,0,0,2,0,0,0,0,0,1,1,1,0,0,0,1,1
www.google.com,0,0,1,1,1,0,0,0,0,0,0,0,0,0,1,0,1
docs.google.com,0,0,1,5,0,0,0,0,0,0,0,0,0,0,0,0,1
ml09903.xyz,0,0,0,0,0,0,0,0,1,1,1,1,0,0,0,0,1
drukdeothjung.bt,0,0,1,3,0,0,0,0,0,1,1,1,0,0,1,1,1
bancoitaudigital.com,0,0,0,0,0,0,0,0,0,1,1,1,0,0,0,0,1
mail.bankofamericaonlinesignin.net,0,0,0,0,0,0,0,0,0,1,1,1,0,0,0,0,1
www.etecindsvc.com,0,0,0,1,0,0,0,0,0,1,1,1,0,0,0,0,1
team.cmgcharleston.com,0,0,1,8,0,0,0,0,0,1,1,1,0,0,1,1,1
hamt.jp,0,0,1,7,0,0,0,0,0,1,1,1,0,0,0,0,1
amex.alert.account.logogistics.com.au,0,0,1,2,0,0,0,0,0,1,1,1,0,0,1,0,1
py.pl,0,0,1,1,0,0,0,0,0,1,1,1,0,0,0,0,1
stereovision.biz,0,0,1,4,0,0,0,0,0,1,1,1,0,0,0,0,1
bet365cp.net,0,0,0,2,0,0,0,0,0,1,1,1,0,0,0,0,1
stanislausgrown.org,0,0,1,9,0,0,0,0,0,1,1,1,1,1,0,0,1
verified-paxful.com,0,0,0,0,0,0,0,1,0,1,1,1,0,0,0,0,1
www.mimarfid.com,0,0,0,0,0,0,0,0,0,1,1,1,0,0,0,0,1
lucidfestival.com,0,0,1,6,0,0,0,0,0,1,1,1,0,0,0,0,1
dreamhouse.in.th,0,0,1,5,0,0,0,0,0,1,1,1,1,1,0,0,1
catholichub.tv,0,0,0,3,0,0,0,0,0,1,1,1,1,0,1,0,1
dzd.rksmb.org,0,0,1,5,0,0,0,0,0,1,1,1,0,0,0,0,1
i-grupobancolombia.com,0,0,0,1,0,0,0,1,0,1,1,1,0,0,1,0,1
resin3dprinterstore.com,0,1,1,1,0,0,0,0,0,1,1,1,0,0,0,0,1
electricitypak.com,0,0,0,5,0,0,0,0,0,1,1,1,0,0,0,0,1
axersrl.it,0,0,0,1,0,0,0,0,0,1,1,1,0,0,1,0,1
secure.runescape.com-un.ru,0,0,1,2,0,0,0,1,0,1,1,1,0,0,1,1,1
firebasestorage.googleapis.com,0,0,1,5,0,0,0,0,0,1,1,1,0,1,0,0,1
cartoworld.co.ke,0,0,1,4,0,0,0,0,0,1,1,1,1,0,0,1,1
laaksik1.emlnk.com,0,0,1,1,0,0,0,0,0,1,1,1,0,0,0,0,1
smarttv4kmagazineluiza.tcp4.me,0,1,1,3,0,0,0,0,0,1,1,1,0,0,0,0,1
forms.office.com,0,0,1,2,0,0,0,0,0,0,0,0,0,0,0,0,1
crowleprimary-my.sharepoint.com,0,0,1,5,0,0,0,1,0,1,1,1,0,0,0,0,1
www.emailmeform.com,0,0,1,3,0,0,0,0,0,1,1,1,0,0,0,0,1
www.figoodies.com,0,0,0,1,0,0,0,0,0,1,1,1,0,0,0,1,1
slokidewed.com,0,0,0,1,0,0,0,0,0,1,1,1,1,0,1,0,1
cadastro.byethost31.com,0,0,0,1,0,0,0,0,0,1,1,1,0,0,0,0,1
benson6303.com,0,1,1,5,0,0,0,0,0,1,1,1,0,1,1,0,1
southcountyclassified.com,0,0,1,5,0,0,0,0,0,1,1,1,0,0,0,0,1
45.40.130.40,1,0,0,2,0,0,0,0,0,1,1,1,0,0,0,0,1
lucidfestival.com,0,0,1,6,0,0,0,0,0,1,1,1,1,0,0,1,1
healthtekinc.com,0,0,0,0,0,0,0,0,0,1,1,1,0,0,0,1,1
netorgft1393773-my.sharepoint.com,0,0,1,5,0,0,0,1,0,1,1,1,0,0,0,0,1
multired.1clientesbn.com,0,0,0,2,0,0,0,0,0,1,1,1,0,0,0,0,1
cecilweb.co.za,0,0,1,6,0,0,0,0,0,1,1,1,0,0,0,1,1
solospizza-my.sharepoint.com,0,0,1,4,0,0,0,1,0,1,1,1,0,0,0,0,1
baebristolcouk-my.sharepoint.com,0,0,1,5,0,0,0,1,0,1,1,1,0,0,0,0,1
www.bigfatdevelopment.com,0,0,0,2,0,0,0,0,0,1,1,1,0,0,0,0,1
elonbtc.online,0,0,0,0,0,0,0,0,0,1,1,1,1,0,0,0,1
usup.strametyapi.com,0,0,0,0,0,0,0,0,0,1,1,1,0,0,0,1,1
catholichub.tv,0,0,0,3,0,0,0,0,0,1,1,1,1,1,1,0,1
oruhr.com,0,0,0,1,0,0,0,0,0,1,1,1,0,0,0,0,1
cotato24horasltaucard.com,0,0,0,0,0,0,0,0,0,1,1,1,0,1,0,1,1
genipaper.com,0,0,0,1,0,0,0,0,0,1,1,1,0,0,0,0,1
www.centromusicalpaternense.es:443,0,0,1,2,0,0,0,0,0,1,1,1,1,0,1,0,1
drcorreamejoresimplantes.com,0,0,1,2,0,0,0,0,0,1,1,1,1,0,0,0,1
app-36horas.com,0,0,0,0,0,0,0,1,0,1,1,1,0,0,0,0,1
littlehaygolf.co.uk,0,0,0,1,0,0,0,0,0,1,1,1,0,0,0,0,1
appviagespontosbr.com,0,0,1,5,0,0,0,0,0,1,1,1,0,1,0,0,1
visionsofrapturephoto.com,0,0,1,2,0,0,0,0,0,1,1,1,0,0,0,0,1
quarentenadepromocoes.u51u.tech,0,0,1,2,0,0,0,0,0,1,1,1,0,0,1,1,1
djchico.com,0,0,0,4,0,0,0,0,0,1,1,1,0,0,0,0,1
loansmumbai.com,0,0,1,3,0,0,0,0,0,1,1,1,1,0,0,0,1
www.dstrading.cz,0,0,0,1,0,0,0,0,0,1,1,1,1,0,1,0,1
rsks.in,0,0,1,3,0,0,0,0,0,1,1,1,0,0,0,0,1
bethesdaalur.org,0,0,0,3,0,0,0,0,0,1,1,1,0,0,1,0,1
sites.google.com,0,0,0,2,0,0,0,0,0,0,0,0,0,0,0,0,1
eternityflooringcom-my.sharepoint.com,0,0,1,5,0,0,0,1,0,1,1,1,0,0,0,0,1
medellincannabis.co,0,0,0,1,0,0,0,0,0,1,1,1,0,0,0,1,1
acoustic-descriptive-beet.glitch.me,0,0,0,0,0,0,0,1,0,1,1,1,0,1,1,0,1
nordichairistanbul.com,0,0,1,3,0,0,0,0,0,1,1,1,0,0,1,0,1
ltaucard.com,0,0,0,1,0,0,0,0,0,1,1,1,0,0,0,0,1
oceanvibes.com.au,0,0,1,3,0,0,0,0,0,1,1,1,0,0,0,0,1
lmsanimation.com,0,0,1,3,0,0,0,0,0,1,1,1,0,0,0,0,1
snjtradelink.com,0,0,0,2,0,0,0,0,0,1,1,1,0,0,0,0,1
kinemind.com,0,0,1,5,0,0,0,0,0,1,1,1,0,0,1,0,1
langsjoelab-my.sharepoint.com,0,0,1,5,0,0,0,1,0,1,1,1,0,0,0,1,1
www.meduchet.com,0,0,1,7,0,0,0,0,0,1,1,1,0,0,0,0,1
webpostmedia.com,0,0,1,3,0,0,0,0,0,1,1,1,0,0,0,0,1
pantorouter.ir,0,0,1,4,0,0,0,0,0,1,1,1,0,1,1,0,1
comosaldaocasacozinha.online,0,0,1,2,0,0,0,0,0,1,1,1,0,1,0,0,1
exler-karosserie.at,0,0,0,4,0,0,0,1,0,1,1,1,0,0,0,0,1
175.107.206.134,1,0,1,4,0,0,0,0,0,1,1,1,1,0,0,0,1
muetherewallet.com,0,0,0,0,0,0,0,0,0,1,1,1,0,0,0,1,1
crosplat.co.uk,0,0,0,3,0,0,0,0,0,1,1,1,0,0,0,0,1
kd364.papernom.com,0,0,1,1,0,0,0,0,0,1,1,1,1,0,0,0,1
netorgft754307-my.sharepoint.com,0,0,1,5,0,0,0,1,0,1,1,1,0,0,0,0,1
sites.google.com,0,0,0,3,0,0,0,0,0,0,0,0,0,0,0,0,1
apuwa.com,0,0,0,3,0,0,0,0,0,1,1,1,0,0,0,1,1
www.taddepol.edu.hk,0,1,1,6,0,0,0,0,0,1,1,1,0,0,0,0,1
174.138.36.47,1,0,0,2,0,0,0,0,0,1,1,1,1,1,0,0,1
carlosfeher.com,0,0,0,1,0,0,0,0,0,1,1,1,0,1,0,0,1
docs.google.com,0,0,1,5,0,0,0,0,0,0,0,0,0,0,0,0,1
adnet8.com,0,0,1,2,0,0,0,0,0,1,1,1,0,1,0,0,1
whatsappxx.4pu.com,0,0,0,0,0,0,0,0,0,1,1,1,0,0,0,0,1
joinngrubwa.itsaol.com,0,0,0,1,0,0,0,0,0,1,1,1,0,0,0,0,1
halfmoonsmast.jrcasey.com,0,0,1,6,0,0,0,0,0,1,1,1,0,0,1,1,1
johnstonlocaloption.com,0,0,0,3,0,0,0,0,0,1,1,1,0,0,0,0,1
www.hitsem.com,0,0,1,1,0,0,0,0,0,1,1,1,0,0,0,1,1
dhl.export.dns-cloud.net,0,0,0,2,0,0,0,1,0,1,1,1,0,0,0,0,1
dreamhouse.in.th,0,0,1,5,0,0,0,0,0,1,1,1,0,1,0,0,1
radiodouradacd.com.br,0,0,1,6,0,0,0,0,0,1,1,1,0,1,0,0,1
www.planwise.co.za,0,0,1,6,0,0,0,0,0,1,1,1,0,0,0,0,1
cidadeweb.tv.br,0,0,1,2,0,0,0,0,0,1,1,1,0,0,0,1,1
docs.google.com,0,0,1,5,0,0,0,0,0,0,0,0,0,0,0,0,1
www.umij.org,0,0,0,2,0,0,0,0,0,1,1,1,0,0,0,0,1
elvin-trade.kz,0,0,1,5,0,0,0,1,0,1,1,1,0,1,0,1,1
colegiomoura.com.br,0,0,1,2,0,0,0,0,0,1,1,1,0,0,0,0,1
hamt.jp,0,0,1,7,0,0,0,0,0,1,1,1,0,0,1,0,1
csgoxbag.com,0,0,0,0,0,0,0,0,0,1,1,1,0,0,0,1,1
bravodigital.cloud,0,0,1,9,0,0,0,0,0,1,1,1,0,0,0,0,1
parafiaczarkow.ns48.pl,0,0,0,3,0,0,0,0,0,1,1,1,0,1,0,0,1
simbacorporation.com,0,0,1,3,0,0,0,0,0,1,1,1,0,0,0,0,1
bamautilitypay.is-a-hard-worker.com,0,0,1,3,0,0,0,1,0,1,1,1,0,0,0,1,1
fb-recovery-10000076921-it.tk,0,0,1,1,0,0,0,1,1,1,1,1,0,0,0,0,1
davidforrest.org,0,1,1,4,0,0,0,0,0,1,1,1,1,0,0,0,1
kotini.mbnet.fi,0,0,0,1,0,0,0,0,0,1,1,1,0,0,1,0,1
wriot-alternate.app.link,0,0,0,0,0,0,0,1,0,1,1,1,0,0,1,0,1
pay.pwbook.ir,0,0,0,5,0,0,0,0,0,1,1,1,0,1,0,1,1
blog.cellprofiler.org,0,0,1,1,0,0,0,0,0,1,1,1,0,1,0,1,1
arigalvanizados.com.ar,0,1,1,0,0,0,0,0,0,1,1,1,0,0,0,0,1
acc-recovery-support-live.my.id,0,0,1,2,0,0,0,1,0,1,1,1,0,0,0,0,1
dzd.rksmb.org,0,0,1,5,0,0,0,0,0,1,1,1,0,0,0,0,1
digitalmillionaires.com,0,0,0,1,0,0,0,0,0,1,1,1,0,0,0,1,1
wms.santander.com-mx-servicio.tenetmx.com,0,0,0,0,0,0,0,1,0,1,1,1,0,0,0,0,1
forms.gle,0,0,0,1,0,0,0,0,0,1,1,1,1,0,0,0,1
venturegroupit.com,0,0,1,2,0,0,0,0,0,1,1,1,0,0,0,0,1
pg-series-atendimento.joomla.com,0,0,1,3,0,0,0,1,0,1,1,1,0,0,0,0,1
livestudentccc-my.sharepoint.com,0,0,1,5,0,0,0,1,0,1,1,1,0,0,0,0,1
1234678bet.com,0,0,0,2,0,0,0,0,0,1,1,1,0,0,0,0,1
paypal.com.secure.information.vineyardadvice.com,0,0,1,1,0,0,0,0,0,1,1,1,0,1,0,0,1
jattui.duckdns.org,0,1,1,5,0,0,0,0,0,1,1,1,0,0,0,0,1
trr20200413211524171.domtemporario.com.br,0,0,1,2,0,0,0,0,0,1,1,1,0,0,0,0,1
www.verify.mypaypdetails.com,0,0,0,1,0,0,0,0,0,1,1,1,0,0,0,1,1
moj.aktiv.rs,0,0,0,3,0,0,0,0,0,1,1,1,0,0,0,0,1
lachambredezoe.fr,0,0,0,0,0,0,0,0,0,1,1,1,0,0,0,0,1
b96202rc.beget.tech,0,0,0,0,0,0,0,0,0,1,1,1,0,0,0,0,1
skk-mailservice.my-free.website,0,0,0,0,0,0,0,1,0,1,1,1,1,0,0,0,1
granulares.frlp.utn.edu.ar,0,1,1,3,0,0,0,0,0,1,1,1,0,0,0,0,1
mail.cwmrc.org,0,0,0,4,0,0,0,0,0,1,1,1,0,0,0,0,1
gamersbingo.com,0,0,1,4,0,0,0,0,0,1,1,1,1,0,0,0,1
danskebank.joomla.com,0,0,1,4,0,0,0,0,0,1,1,1,0,0,0,0,1
marjaharmon.com,0,0,1,5,0,0,0,0,0,1,1,1,0,0,1,0,1
email302.com,0,0,1,6,0,0,0,0,0,1,1,1,0,0,0,0,1
appviagespontosbr.com,0,0,1,6,0,0,0,0,0,1,1,1,0,0,0,0,1
fls.doubleclick.net,0,0,1,1,0,0,0,0,0,1,1,1,1,0,0,0,1
medicineone.co.ao,0,0,0,2,0,0,0,0,0,1,1,1,0,0,0,0,1
yourblunts.com,0,0,0,4,0,0,0,0,0,1,1,1,0,0,0,0,1
cartetitolari.mps.it.id1998199.xyz,0,0,1,3,0,0,0,0,1,1,1,1,0,0,1,0,1
www.paypal.letima.de,0,0,0,0,0,0,0,0,0,1,1,1,0,0,0,0,1
han.gl,0,0,0,1,0,0,0,0,0,1,1,1,1,0,0,0,1
itaucard.sac24horas.com,0,0,0,1,0,0,0,0,0,1,1,1,1,0,0,0,1
tylcorp.com,0,0,1,5,0,0,0,0,0,1,1,1,0,1,0,1,1
viralcc.com,0,0,0,1,0,0,0,0,0,1,1,1,0,0,0,0,1
firstgraderecruitment-my.sharepoint.com:443,0,0,1,5,0,0,0,1,0,1,1,1,0,0,0,0,1
www.pd-iskra-lj.si,0,0,1,3,0,0,0,1,0,1,1,1,0,1,1,0,1
fotoblad.com,0,0,0,4,0,0,0,0,0,1,1,1,0,1,0,1,1
alareentading-catalog.page.tl,0,0,0,0,0,0,0,1,0,1,1,1,0,0,0,0,1
the100prosystems.com,0,0,1,8,0,0,0,0,0,1,1,1,0,0,0,0,1
grupwhatsapp18live.otzo.com,0,0,0,0,0,0,0,0,0,1,1,1,0,0,0,0,1
www.gmfvalstfrancois.com,0,0,0,2,0,0,0,0,0,1,1,1,0,0,0,0,1
oldschool-membership.com,0,0,1,2,0,0,0,1,0,1,1,1,0,0,0,0,1
viabcp.smsl.vip,0,0,0,0,0,0,0,0,0,1,1,1,1,0,0,0,1
hdhightemperaturewire.com,0,0,0,3,0,0,0,0,0,1,1,1,0,0,0,0,1
yourfreephoneapp.com,0,0,0,1,0,0,0,0,0,1,1,1,0,0,0,0,1
136710.txtplug.com,0,0,0,0,0,0,0,0,0,1,1,1,0,0,1,0,1
docs.google.com,0,0,1,5,0,0,0,0,0,0,0,0,0,0,0,0,1
www.sbloccarebpolprepagata.com,0,0,1,2,0,0,0,0,0,1,1,1,0,1,0,0,1
www.envirotechcorp.com,0,0,1,6,0,0,0,0,0,1,1,1,0,0,0,0,1
fareast.qa,0,0,1,3,0,0,0,0,0,1,1,1,0,0,0,0,1
community-ebay-de-diskussionsforen.html-5.me,0,0,0,0,0,0,0,1,0,1,1,1,0,0,0,0,1
www.adnet8.com,0,0,1,2,1,0,0,0,0,1,1,1,0,0,0,0,1
fdx.co.th,0,0,1,3,0,0,0,0,0,1,1,1,0,0,0,0,1
taijishentie.com,0,0,1,2,1,0,0,0,0,1,1,1,0,0,0,1,1
robertoseifert.com,0,1,1,2,0,0,0,0,0,1,1,1,0,0,0,0,1
tiny.cc,0,0,0,1,0,0,1,0,0,1,1,1,0,1,1,0,1
congaban.com,0,0,1,8,0,0,0,0,0,1,1,1,0,0,0,1,1
tasche.com.br,0,0,0,1,0,0,0,0,0,1,1,1,0,0,0,0,1
fuc.vn,0,0,1,7,0,0,0,0,0,1,1,1,0,0,0,0,1
swisscom.myfreesites.net,0,0,0,0,0,0,0,0,0,1,1,1,0,0,0,0,1
gkjx168.com,0,0,1,1,1,0,0,0,0,1,1,1,1,0,0,0,1
alzahrani-online.com,0,0,1,3,0,0,0,1,0,1,1,1,0,0,0,0,1
labyrinthtanning.com,0,0,0,1,0,0,0,0,0,1,1,1,0,0,0,0,1
www.peepschannel.com,0,0,0,1,0,0,0,0,0,1,1,1,0,0,0,0,1
juegosdemesamodernos.com,0,0,1,6,0,0,0,0,0,1,1,1,0,0,0,0,1
c1781279.ferozo.com,0,0,1,5,0,0,0,0,0,1,1,1,0,0,1,0,1
livenmitac-my.sharepoint.com,0,0,1,5,0,0,0,1,0,1,1,1,0,0,0,0,1
chiatena.zxy.me,0,0,1,6,0,0,0,0,0,1,1,1,0,0,0,0,1
ayzam.com,0,0,0,3,0,0,0,0,0,1,1,1,0,0,0,0,1
lacasadelmanitas.com,0,0,0,1,0,0,0,0,0,1,1,1,0,0,0,0,1
advonationusa.com,0,0,1,6,0,0,0,0,0,1,1,1,0,0,0,0,1
www.paullemmerick.com,0,0,1,5,0,0,0,0,0,1,1,1,0,1,0,0,1
paypal-my.sharepoint.com,0,0,1,5,0,0,0,1,0,1,1,1,0,0,0,0,1
moatia.com,0,0,1,5,0,0,0,0,0,1,1,1,0,0,0,0,1
juliekrafchick.com,0,0,0,1,0,0,0,0,0,1,1,1,1,0,0,0,1
www87.superofertadomesparavoces.online,0,0,1,6,0,0,0,0,0,1,1,1,0,0,0,1,1
advonationusa.com,0,0,1,5,0,0,0,0,0,1,1,1,0,0,0,0,1
inx.inbox.lv,0,0,0,2,0,0,0,0,0,1,1,1,0,0,1,0,1
blufibras.com.br,0,0,0,2,0,0,0,0,0,1,1,1,0,0,1,0,1
www.maticcoupon.com,0,0,1,6,0,0,0,0,0,1,1,1,0,0,0,1,1
3xportfolio.com,0,0,0,3,0,0,0,0,0,1,1,1,0,0,0,0,1
te.bathandbodyworks.com,0,0,1,8,0,0,0,0,0,1,1,1,0,0,0,0,1
www20.mesdasmaeeaqui-on.com,0,0,1,5,0,0,0,1,0,1,1,1,0,1,0,1,1
yamionmsuz.com,0,0,1,8,0,0,0,0,0,1,1,1,0,0,0,0,1
novabio.co,0,0,0,2,0,0,0,0,0,1,1,1,0,0,0,0,1
novageracaotransportes.com.br,0,0,1,1,0,0,0,0,0,1,1,1,0,1,0,0,1
betasusgirdi.blogspot.com,0,0,0,0,0,0,0,0,0,1,1,1,1,0,0,0,1
forms.gle,0,0,0,1,0,0,0,0,0,1,1,1,1,0,0,0,1
webmaster51.joomla.com,0,0,0,1,0,0,0,0,0,1,1,1,0,0,1,0,1
grandhighwayresort.com,0,1,1,3,0,0,0,0,0,1,1,1,0,1,0,0,1
xn--sparkass-i1a.connect-1412.de,0,0,1,2,0,0,0,1,0,1,1,1,0,0,0,0,1
printerparts.co.ke,0,0,1,3,0,0,0,0,0,1,1,1,0,1,0,1,1
www.decifra.com.br,0,0,1,3,0,0,0,0,0,1,1,1,0,0,0,0,1
j.gs,0,0,0,1,0,0,0,0,0,1,1,1,0,0,0,0,1
www.universidadeinternacional.com,0,0,0,1,0,0,0,0,0,1,1,1,0,0,1,0,1
avalonsempresa.com,0,0,1,2,0,0,0,0,0,1,1,1,0,0,0,1,1
peaceau.org,0,0,1,3,0,0,0,0,0,1,1,1,0,0,0,0,1
marufulislam.com,0,0,1,3,0,0,0,0,0,1,1,1,0,0,0,1,1
ovifashon.cf,0,0,0,4,0,0,0,0,1,1,1,1,0,0,0,0,1
ftp.kingdomhotelsupplies.nl,0,0,1,2,0,0,0,0,0,1,1,1,0,0,0,0,1
www.xn--btchang-t8ag78w.net,0,0,0,0,0,0,0,1,0,1,1,1,0,0,0,0,1
dota2asia.com,0,0,0,0,0,0,0,0,0,1,1,1,1,1,0,0,1
auslaufen.com,0,0,1,3,0,0,0,0,0,1,1,1,0,0,1,0,1
www.cheaproomsvalencia.com,0,0,1,5,0,0,0,0,0,1,1,1,0,0,0,0,1
vergaralandscaping.com,0,0,0,1,0,0,0,0,0,1,1,1,0,0,0,1,1
playarprint.com,0,0,1,2,0,0,0,0,0,1,1,1,1,0,1,1,1
tesla.bz,0,0,0,0,0,0,0,0,0,1,1,1,0,0,0,0,1
orientationinlaws.com,0,0,1,3,0,0,0,0,0,1,1,1,1,0,0,0,1
duluxshop.lk,0,0,1,4,0,0,0,0,0,1,1,1,0,0,0,0,1
ladycavendishdiary.com,0,0,1,4,0,0,0,0,0,1,1,1,0,0,0,0,1
kadubeureum-serang.desa.id,0,1,1,7,0,0,0,1,0,1,1,1,0,0,0,0,1
new.timeclock365.com,0,0,0,1,0,0,0,0,0,1,1,1,0,1,0,0,1
the100prosystems.com,0,0,1,8,0,0,0,0,0,1,1,1,0,0,0,1,1
enorma.is,0,0,1,7,0,0,0,0,0,1,1,1,0,0,0,0,1
onlinesharepoint.typeform.com,0,0,0,2,0,0,0,0,0,1,1,1,0,0,0,0,1
cikamax.com,0,0,1,5,0,0,0,0,0,1,1,1,0,0,0,1,1
hamt.jp,0,0,1,7,0,0,0,0,0,1,1,1,0,0,0,1,1
bcpzonasegurabeta.vialbcpe.live,0,0,1,0,0,0,0,0,0,1,1,1,1,0,0,1,1
paypal.a2fb.top,0,0,0,0,0,0,0,0,1,1,1,1,0,0,0,0,1
myphonereviews.com,0,0,1,3,0,0,0,0,0,1,1,1,0,0,0,1,1
www.thelogodept.com,0,0,1,6,0,0,0,0,0,1,1,1,0,0,0,0,1
spardhacareers.com,0,0,1,8,0,0,0,0,0,1,1,1,0,0,1,0,1
fbads.igtdm.com,0,0,0,2,0,0,0,0,0,1,1,1,0,0,0,1,1
en.lppm.unila.ac.id,0,1,1,6,0,0,0,0,0,1,1,1,0,0,0,0,1
bookitbaby.net,0,0,0,1,0,0,0,0,0,1,1,1,0,0,0,0,1
www.adleer-ad.com,0,0,0,1,0,0,0,1,0,1,1,1,0,0,0,0,1
rinkjcti.livedrive.com,0,0,1,2,0,0,0,0,0,1,1,1,0,0,1,0,1
livenmitac-my.sharepoint.com,0,0,1,5,0,0,0,1,0,1,1,1,0,1,1,0,1
napavalleynanny.com,0,0,1,11,0,0,0,0,0,1,1,1,0,0,0,0,1
vmorefraud.com,0,0,1,4,0,0,0,0,0,1,1,1,0,0,0,0,1
glosowanie-konkurs.eu,0,0,0,0,0,0,0,1,0,1,1,1,0,1,0,0,1
rj1kx.app.link,0,0,0,1,0,0,0,0,0,1,1,1,0,0,0,0,1
www.dameidaijia.com,0,0,1,11,0,0,0,0,0,1,1,1,1,1,1,1,1
atendimento-pg-series.joomla.com,0,0,0,2,0,0,0,1,0,1,1,1,0,0,1,0,1
a-onetraders.com,0,0,0,2,0,0,0,1,0,1,1,1,1,0,0,0,1
whatsappnew.ooguy.com,0,0,0,0,0,0,0,0,0,1,1,1,0,1,0,0,1
mocktails.co.in,0,0,0,1,0,0,0,0,0,1,1,1,1,0,0,0,1
t786309.net,0,1,1,5,0,0,0,0,0,1,1,1,1,0,0,0,1
theatrewh-my.sharepoint.com,0,0,1,5,0,0,0,1,0,1,1,1,0,0,0,0,1
poddar-wonder-city.co.in,0,0,0,1,0,0,0,1,0,1,1,1,0,0,1,0,1
www.m8service.ru,0,0,1,5,0,0,0,0,0,1,1,1,0,0,0,0,1
spartanlandsurveying.com,0,0,0,1,0,0,0,0,0,1,1,1,0,0,0,1,1
message-moncompte-labonquepostale-fr.com,0,0,1,2,0,0,0,1,0,1,1,1,0,0,0,1,1
bravodigital.cloud,0,0,1,8,0,0,0,0,0,1,1,1,1,0,0,0,1
workshopstl.com,0,0,1,2,0,0,0,0,0,1,1,1,1,0,0,0,1
eevee.tv,0,0,0,4,0,0,0,0,0,1,1,1,1,0,1,0,1
wvk12-my.sharepoint.com,0,0,1,5,0,0,0,1,0,1,1,1,0,0,0,0,1
centrototalsalud.cl,0,0,0,2,0,0,0,0,0,1,1,1,1,0,0,0,1
rehobothevangelisticchurch.com,0,0,1,1,0,0,0,0,0,1,1,1,0,0,1,0,1
allegro.pl-oferta.ml,0,0,1,2,0,0,0,1,1,1,1,1,0,1,1,0,1
www.itunes.losua.cn,0,0,1,2,0,0,0,0,0,1,1,1,0,0,1,0,1
spatialsys.com.ru,0,0,1,4,0,0,0,0,0,1,1,1,0,0,0,0,1
firebasestorage.googleapis.com,0,0,1,5,0,0,0,0,0,1,1,1,0,0,0,0,1
betzq.com,0,0,0,1,0,0,0,0,0,1,1,1,0,0,0,0,1
bestconferenceline.com,0,0,1,2,0,0,0,0,0,1,1,1,1,0,0,0,1
mail.agricareseeds.com,0,0,1,4,0,0,0,0,0,1,1,1,1,0,0,0,1
ronaldcarr.typeform.com,0,0,0,2,0,0,0,0,0,1,1,1,0,1,0,0,1
www.officiels-dofus.com,0,0,1,4,0,0,0,1,0,1,1,1,0,0,0,1,1
site9551459.92.webydo.com,0,0,0,0,0,0,0,0,0,1,1,1,0,0,0,0,1
weneedmorelinksbc.weebly.com,0,0,0,0,0,0,0,0,0,1,1,1,0,0,0,1,1
eneconpanama.net,0,0,0,2,0,0,0,0,0,1,1,1,0,0,0,0,1
vanbaolu.com,0,0,1,6,0,0,0,0,0,1,1,1,1,1,0,1,1
cheaproomsvalencia.com,0,0,0,1,0,0,0,0,0,1,1,1,0,0,0,0,1
paypalverifycentral.com,0,0,1,1,0,0,0,0,0,1,1,1,0,1,0,0,1
ing-mobile.app,0,0,0,1,0,0,0,1,0,1,1,1,0,0,0,0,1
alertasynotificaciioness-bancolombia.zz.com.ve,0,0,1,0,0,0,0,1,0,1,1,1,0,0,0,0,1
www.theapple-tech.com,0,0,0,1,0,0,0,1,0,1,1,1,0,0,0,1,1
mnotify.com,0,0,1,7,0,0,0,0,0,1,1,1,0,0,0,1,1
protourssoccer.com,0,0,1,6,0,0,0,0,0,1,1,1,0,0,0,0,1
ersfilter-my.sharepoint.com,0,0,1,5,0,0,0,1,0,1,1,1,0,0,0,0,1
borrachao.com.br,0,0,1,5,0,0,0,0,0,1,1,1,1,0,0,0,1
www.katsura-kids.com,0,1,1,2,0,0,0,1,0,1,1,1,0,0,0,0,1
lgmelettroimpianti.it,0,0,1,1,0,0,0,0,0,1,1,1,1,0,0,1,1
hfgmhome.org,0,0,1,5,0,0,0,0,0,1,1,1,0,0,0,0,1
darkhost.pro,0,0,0,1,0,0,0,0,0,1,1,1,0,0,0,0,1
kehutanan.umuslim.ac.id,0,0,1,5,0,0,0,0,0,1,1,1,0,0,0,1,1
indochina-art.ro,0,0,0,2,0,0,0,1,0,1,1,1,1,0,0,0,1
claddaghcottageirishpub.com,0,0,1,4,0,0,0,0,0,1,1,1,1,1,1,0,1
quitaragora.godaddysites.com,0,0,0,0,0,0,0,0,0,1,1,1,0,0,0,0,1
cafecitoperez.ivanidzakovic.com,0,0,1,6,0,0,0,0,0,1,1,1,0,0,0,0,1
quintascastaldi.com.br,0,0,0,2,0,0,0,0,0,1,1,1,0,0,0,0,1
izigroup.info,0,0,1,4,0,0,0,0,0,1,1,1,0,0,1,0,1
paypal-support-help-inc.blogspot.com,0,0,0,0,0,0,0,1,0,1,1,1,0,0,0,0,1
facebookfriends.robertholiveira.com.br,0,0,0,0,0,0,0,0,0,1,1,1,0,0,0,0,1
mcaremart.com,0,0,0,1,0,0,0,0,0,1,1,1,0,0,0,0,1
www.sastaservices.com,0,0,1,2,0,0,0,0,0,1,1,1,0,0,1,0,1
wavesetholdings.com,0,0,1,2,0,0,0,0,0,1,1,1,1,0,0,0,1
lauraburkowsky.ca,0,0,1,5,0,0,0,0,0,1,1,1,0,0,0,0,1
vegancenter.hu,0,0,1,2,0,0,0,0,0,1,1,1,0,0,0,0,1
powerbankz.com,0,0,1,3,0,0,0,0,0,1,1,1,0,0,0,0,1
ecusltd-my.sharepoint.com,0,0,1,7,0,0,0,1,0,1,1,1,0,0,0,0,1
afriquelemou.free.fr,0,0,1,3,0,0,0,0,0,1,1,1,1,1,1,0,1
benamejicityofbaseball.com,0,0,0,2,0,0,0,0,0,1,1,1,0,0,0,0,1
myrnd.info,0,1,1,8,0,0,0,0,0,1,1,1,1,0,0,0,1
smart.lce9v.com,0,0,1,1,0,0,0,0,0,1,1,1,0,0,0,0,1
www.mrec.edu.np,0,0,0,4,0,0,0,0,0,1,1,1,0,0,0,1,1
www.heeressport.at,0,0,1,3,0,0,0,0,0,1,1,1,0,0,0,0,1
docs.google.com,0,0,1,5,0,0,0,0,0,0,0,0,0,0,0,0,1
www.docusignemail1com1login1dropbox9com64bae2a51a5b3dropbox7com.mybabydeck.com,0,0,1,0,0,0,0,0,0,1,1,1,0,0,0,0,1
www.neku.ga,0,0,0,3,0,0,0,0,1,1,1,1,1,0,0,0,1
signin-ea.cz,0,0,0,1,0,0,0,1,0,1,1,1,0,0,1,0,1
makemeacard.com,0,0,1,2,0,0,0,0,0,1,1,1,0,0,0,0,1
ripe6.net,0,0,0,2,0,0,0,0,0,1,1,1,0,0,0,0,1
vergaralandscaping.com,0,0,0,1,0,0,0,0,0,1,1,1,0,0,0,0,1
cadacosaalseulloc.cresidusvo.info,0,0,1,5,0,0,0,0,0,1,1,1,0,0,0,0,1
livestudentccc-my.sharepoint.com,0,0,1,5,0,0,0,1,0,1,1,1,0,0,0,0,1
sabatcucina.com.br,0,0,0,1,0,0,0,0,0,1,1,1,0,0,0,0,1
delgadaygordo.com,0,0,0,2,0,0,0,0,0,1,1,1,0,0,1,0,1
mail.openatelier.nl,0,0,1,2,0,0,0,0,0,1,1,1,0,0,0,1,1
han.gl,0,0,0,1,0,0,0,0,0,1,1,1,0,0,0,0,1
Dsiadvisors.com,0,0,0,3,0,0,0,0,0,1,1,1,0,1,0,0,1
www.experiencebrettjackson.dreamhosters.com,0,0,1,11,0,0,0,0,0,1,1,1,0,0,0,0,1
plataformaeducativa.se.jalisco.gob.mx,0,0,1,4,0,0,0,0,0,1,1,1,0,0,0,0,1
theingredients.net,0,0,0,2,0,0,0,0,0,1,1,1,0,0,0,0,1
marketinghbt-my.sharepoint.com,0,0,1,5,0,0,0,1,0,1,1,1,0,0,1,0,1
www.cheaproomsvalencia.com,0,0,1,5,0,0,0,0,0,1,1,1,0,0,0,0,1
espaceclientv1.fr,0,0,0,1,0,0,0,0,0,1,1,1,0,0,0,0,1
www.ktpn.kalisz.pl,0,1,1,2,0,0,0,0,0,1,1,1,0,0,0,0,1
www.vakantieverhuur.be,0,0,1,3,0,0,0,0,0,1,1,1,1,0,0,0,1
185.177.54.9,1,0,0,1,0,0,0,0,0,1,1,1,0,1,0,0,1
ggdrop.com.ru,0,0,0,0,0,0,0,0,0,1,1,1,0,0,0,0,1
paxful.com.transfer.boubit.com,0,0,0,0,0,0,0,0,0,1,1,1,1,0,0,0,1
nilepack.net,0,0,0,3,0,0,0,0,0,1,1,1,0,0,0,0,1
dfj484847800m93-my.sharepoint.com,0,0,1,5,0,0,0,1,0,1,1,1,0,1,0,0,1
caravellaltda.com.br,0,0,1,8,0,0,0,0,0,1,1,1,1,0,0,0,1
rohtolab.com,0,0,1,9,0,0,0,0,0,1,1,1,0,0,0,1,1
xtendpro.com,0,0,0,4,0,0,0,0,0,1,1,1,1,0,1,0,1
yourfitnesscorner.com,0,0,1,9,0,0,0,0,0,1,1,1,1,0,0,0,1
docs.google.com,0,0,1,5,0,0,0,0,0,0,0,0,1,0,0,0,1
rules-all.web.app,0,0,0,0,0,0,0,1,0,1,1,1,0,0,1,0,1
ndt-college.kz,0,0,1,5,0,0,0,1,0,1,1,1,0,0,0,0,1
online-suntrust-care.beebreelonserv.com,0,0,1,2,0,0,0,1,0,1,1,1,1,0,0,0,1
purbeckgigguide.co.uk,0,0,1,2,1,0,0,0,0,1,1,1,0,0,0,0,1
www.skleptanie.pl,0,0,0,0,0,0,0,0,0,1,1,1,0,0,0,0,1
ersfilter-my.sharepoint.com,0,0,1,7,0,0,0,1,0,1,1,1,0,0,0,1,1
www.infopublishersassociation.com,0,0,1,8,0,0,0,0,0,1,1,1,1,1,0,0,1
2c3262d59d2716553.tempsite.link,0,0,1,5,0,0,0,0,0,1,1,1,0,0,0,1,1
steampoweroesd.me,0,0,0,1,0,0,0,0,0,1,1,1,1,0,0,0,1
ginettelambert.com,0,0,0,1,0,0,0,0,0,1,1,1,0,0,0,0,1
davidforrest.org,0,1,1,4,0,0,0,0,0,1,1,1,0,0,1,0,1
mail.plenavia.cl,0,0,0,3,0,0,0,0,0,1,1,1,0,0,0,0,1
email302.com,0,0,1,6,0,0,0,0,0,1,1,1,0,0,0,1,1
starmak.com.tr,0,0,1,1,0,0,0,0,0,1,1,1,0,1,0,1,1
cartoworld.co.ke,0,0,1,4,0,0,0,0,0,1,1,1,0,0,0,0,1
marufulislam.com,0,0,0,3,0,0,0,0,0,1,1,1,0,0,0,0,1
storage.googleapis.com,0,0,1,3,0,0,0,0,0,1,1,1,0,0,0,0,1
endpointsportal.au-bbva-bancomerappnomina.cloud.goog,0,0,1,0,0,0,0,1,0,1,1,1,0,1,0,0,1
mailbox31update.xxuz.com,0,0,1,1,0,0,0,0,0,1,1,1,0,0,1,0,1
forms.office.com,0,0,1,2,0,0,0,0,0,0,0,0,0,0,0,0,1
trcky.publishingdot.com,0,0,1,3,0,0,0,0,0,1,1,1,0,0,0,0,1
howtowriteaboutfood.com,0,0,0,2,0,0,0,0,0,1,1,1,1,0,0,1,1
email302.com,0,0,1,6,0,0,0,0,0,1,1,1,0,0,0,0,1
cheaproomsvalencia.com,0,0,1,5,0,0,0,0,0,1,1,1,1,0,0,1,1
www.verify.mypaypdetails.com,0,0,0,0,0,0,0,0,0,1,1,1,0,0,0,1,1
phonecalls.blob.core.windows.net,0,0,1,2,0,0,0,0,0,1,1,1,1,0,0,0,1
order.fdlheatpumps.co.uk,0,0,0,1,0,0,0,0,0,1,1,1,0,1,0,1,1
mazeadvokater-my.sharepoint.com,0,0,1,5,0,0,0,1,0,1,1,1,1,0,0,0,1
cafecitoperez.ivanidzakovic.com,0,0,1,6,0,0,0,0,0,1,1,1,0,0,0,0,1
db.clickexperts.net,0,0,1,3,0,0,0,0,1,1,1,1,0,0,0,0,1
firebasestorage.googleapis.com,0,1,1,5,0,0,0,0,0,1,1,1,1,0,0,0,1
sdsd.carlowc.com,0,0,0,1,0,0,0,0,0,1,1,1,0,0,0,0,1
cetobacco.com,0,0,1,6,0,0,0,0,0,1,1,1,0,0,1,1,1
weddenoptennis.be,0,0,0,2,0,0,0,0,0,1,1,1,0,1,0,0,1
viccats.camcam.dns-cloud.net,0,0,1,3,0,0,0,1,0,1,1,1,0,0,0,0,1
pd-iskra-lj.si,0,0,1,5,0,0,0,1,0,1,1,1,0,0,0,0,1
luckypetshouse.com,0,0,0,3,0,0,0,0,0,1,1,1,0,0,0,0,1
starllingbank.co.uk,0,0,0,1,0,0,0,0,0,1,1,1,0,0,0,0,1
www.nexgenindia.org,0,0,1,21,0,0,0,0,0,1,1,1,0,0,1,0,1
staciessite.com,0,1,1,2,0,0,0,0,0,1,1,1,0,0,0,0,1
www.gtechglobal.com,0,0,1,3,0,0,0,0,0,1,1,1,0,0,0,0,1
ilcdelhi.com,0,0,1,5,0,0,0,0,0,1,1,1,0,0,0,1,1
handsonbeautysalon.co.uk,0,0,1,3,0,0,0,0,0,1,1,1,1,0,0,1,1
bcpzonasegurabeta-viabcp-com.motheroflightthebookoffire.com,0,0,1,2,0,0,0,1,0,1,1,1,0,0,0,0,1
www.atefnet.com,0,0,1,7,0,0,0,0,0,1,1,1,0,1,1,0,1
ouraring-my.sharepoint.com,0,0,1,5,0,0,0,1,0,1,1,1,0,0,0,0,1
diariotortuga.com,0,0,0,1,0,0,0,0,0,1,1,1,0,0,1,0,1
authsecurepagr.ir,0,0,0,2,0,0,0,0,0,1,1,1,0,0,1,0,1
186.75.130.46,1,0,1,2,0,0,0,0,0,1,1,1,0,0,1,1,1
docs.google.com,0,0,1,5,0,0,0,0,0,0,0,0,0,0,0,0,1
signonv2screen.verificationbankofamericas.com.zases3.com,0,0,1,4,0,0,0,0,0,1,1,1,0,0,0,0,1
dwstudiofilms.com,0,1,1,2,0,0,0,0,0,1,1,1,0,0,0,0,1
dreamhouse.in.th,0,0,1,5,0,0,0,0,0,1,1,1,0,0,0,0,1
facebook.com-marketplace-93839.mediaryte.co,0,0,0,0,0,0,0,1,0,1,1,1,1,0,0,0,1
patio.com.br,0,0,1,8,0,0,0,0,0,1,1,1,0,0,0,0,1
fareast.qa,0,0,1,3,0,0,0,0,0,1,1,1,0,1,1,0,1
www.youdealcar.in,0,0,0,1,0,0,0,0,0,1,1,1,0,1,0,0,1
webexert.com,0,0,0,0,0,0,0,0,0,1,1,1,0,0,0,1,1
hamt.jp,0,0,1,7,0,0,0,0,0,1,1,1,0,0,0,1,1
updtowa.xf.cz,0,0,0,1,0,0,0,0,0,1,1,1,0,0,0,0,1
vmorefraud.com,0,0,0,3,0,0,0,0,0,1,1,1,1,0,0,0,1
llodkdm.com,0,0,0,2,0,0,0,0,0,1,1,1,0,1,0,0,1
www.adsucal.com,0,0,0,0,0,0,0,0,0,1,1,1,1,0,0,0,1
wuarface.ru,0,0,0,0,0,0,0,0,0,1,1,1,0,0,0,0,1
shrtm.nu,0,0,0,1,0,0,0,0,0,1,1,1,0,0,0,0,1
appleid.apple.com.akadns.net,0,0,0,1,0,0,0,0,0,1,1,1,0,0,1,0,1
lunaclothing-my.sharepoint.com,0,0,1,5,0,0,0,1,0,1,1,1,0,0,0,0,1
locksmail.com,0,0,1,6,0,0,0,0,0,1,1,1,0,0,0,1,1
chinajinfang.com,0,0,0,1,0,0,0,0,0,1,1,1,0,0,0,0,1
abastecedoracalderas.com,0,0,0,3,0,0,0,0,0,1,1,1,0,1,0,0,1
guillermo.co.uk,0,0,0,2,0,0,0,0,0,1,1,1,0,1,0,1,1
snapchat.accounts.crimsonmart.com,0,0,0,0,0,0,0,0,0,1,1,1,0,1,0,0,1
ourtime.com.gofresh.com.pk,0,0,0,2,0,0,0,0,0,1,1,1,0,0,0,0,1
pinnerx.com,0,0,1,2,0,0,0,0,0,1,1,1,0,0,0,0,1
vmorefraud.com,0,0,1,4,0,0,0,0,0,1,1,1,0,0,0,0,1
manuelaserrano.es,0,0,1,5,0,0,0,0,0,1,1,1,0,0,0,0,1
civilcontractorsinmumbai.in,0,0,1,3,0,0,0,0,0,1,1,1,1,0,0,0,1
videosfacebook.today,0,0,1,2,0,0,0,0,0,1,1,1,0,0,0,0,1
gbgabal.com,0,0,1,4,0,0,0,0,0,1,1,1,0,0,0,0,1
docs.google.com,0,0,1,5,0,0,0,0,0,0,0,0,0,0,0,0,1
vipplusavlu.com,0,0,0,2,0,0,0,0,0,1,1,1,0,0,1,0,1
bit.ly,0,0,0,1,0,0,1,0,0,1,1,1,0,0,0,1,1
blazecore53.icu,0,0,0,3,0,0,0,0,0,1,1,1,0,0,0,1,1
containerhousemx.icu,0,0,0,2,0,0,0,0,0,1,1,1,0,0,1,0,1
cruzsantiagoverta.com,0,0,1,4,0,0,0,0,0,1,1,1,0,0,0,0,1
centromusicalpaternense.es,0,0,0,2,0,0,0,0,0,1,1,1,0,1,1,0,1
mehmetuyar.com,0,0,1,3,0,0,0,0,0,1,1,1,0,0,1,0,1
depozit-jucarii.ro,0,0,1,6,0,0,0,1,0,1,1,1,0,0,0,0,1
paypal.b2pay.top,0,0,0,0,0,0,0,0,1,1,1,1,0,0,0,1,1
business-first.ie,0,0,0,3,0,0,0,1,0,1,1,1,0,0,0,0,1
secure.runescape.com.weblogin-rs.ltd,0,0,1,1,0,0,0,1,0,1,1,1,1,0,0,1,1
tracing.ga,0,0,0,0,0,0,0,0,1,1,1,1,1,1,0,0,1
www.evernote.com,0,0,1,4,0,0,0,0,0,1,1,1,0,0,0,0,1
www.dataforce.co.uk,0,1,1,5,0,0,0,0,0,1,1,1,0,1,0,0,1
6ac9b037d82780960.tempsite.link,0,0,1,4,0,0,0,0,0,1,1,1,0,0,1,1,1
ec88187521db297de8d18531d972cb5f4f0a47af.000webhostapp.com,0,0,1,1,0,0,0,0,1,1,1,1,0,0,0,0,1
detty-prestation.com,0,0,0,1,0,0,0,1,0,1,1,1,0,1,0,0,1
www.courgeon-immobilier.fr,0,0,1,6,0,0,0,1,0,1,1,1,0,1,0,0,1
220betasus.com,0,0,0,0,0,0,0,0,0,1,1,1,0,0,0,0,1
www.sastaservices.com,0,0,1,2,0,0,0,0,0,1,1,1,0,0,0,0,1
m7po.com,0,0,1,5,0,0,0,0,0,1,1,1,1,1,0,1,1
xn--72ca8ce9ah4dwbp9a8jnd.com,0,0,1,3,0,0,0,1,0,1,1,1,1,0,0,1,1
steamcommuunnity.ru.com,0,0,0,0,0,0,0,0,0,1,1,1,0,0,0,0,1
www.caribconnectlaw.com,0,0,1,5,0,0,0,0,0,1,1,1,0,1,0,0,1
adnet8.com,0,0,1,2,0,0,0,0,0,1,1,1,0,0,0,0,1
onedayacenpo.blogspot.com,0,0,0,0,0,0,0,0,0,1,1,1,0,0,0,0,1
itaucomvoce.com,0,0,0,1,0,0,0,0,0,1,1,1,0,0,0,0,1
thesamjain.com,0,0,1,5,0,0,0,0,0,1,1,1,0,1,0,0,1
ducks.pt,0,0,0,2,0,0,0,0,0,1,1,1,0,0,0,0,1
mamaregy.com,0,1,1,1,0,0,0,0,0,1,1,1,1,0,0,0,1
prakasaws.com,0,0,1,8,0,0,0,0,0,1,1,1,0,0,0,0,1
tyy756dfxas.appspot.com,0,0,0,0,0,0,0,0,0,1,1,1,0,0,0,1,1
www.cerciag.pt,0,0,0,1,0,0,0,0,0,1,1,1,0,0,0,1,1
www.checkinitausecurity.com,0,0,0,1,0,0,0,0,0,1,1,1,0,0,1,0,1
advonationusa.com,0,0,1,6,0,0,0,0,0,1,1,1,0,0,0,1,1
www.sastaservices.com,0,0,1,2,0,0,0,0,0,1,1,1,1,0,0,0,1
stolizaparketa.ru,0,1,1,7,0,0,0,0,0,1,1,1,1,0,0,0,1
modernrattan.com,0,0,0,2,0,0,0,0,0,1,1,1,0,1,0,0,1
mail.affiliatementor.nl,0,0,1,2,0,0,0,0,0,1,1,1,0,0,0,0,1
jlgraphic.fr,0,0,0,2,0,0,0,0,0,1,1,1,0,1,0,0,1
lucidfestival.com,0,0,1,6,0,0,0,0,0,1,1,1,0,0,0,1,1
norcaltc-my.sharepoint.com,0,0,1,5,0,0,0,1,0,1,1,1,0,0,0,1,1
rkdalmill.com,0,1,1,8,0,0,0,0,0,1,1,1,0,0,0,0,1
www.cmfraj.org,0,0,0,2,0,0,0,0,0,1,1,1,0,0,0,0,1
www.kanzleiservice.de,0,0,0,1,0,0,0,0,0,1,1,1,0,0,0,0,1
mdhsz.mentriqq.com,0,0,1,1,0,0,0,0,0,1,1,1,0,0,0,0,1
www.justlookapp.com,0,0,1,7,0,0,0,0,0,1,1,1,0,0,0,0,1
texas-money.net,0,0,1,4,0,0,0,1,0,1,1,1,0,1,0,0,1
ducks.pt,0,0,0,2,0,0,0,0,0,1,1,1,0,0,0,0,1
www.meduchet.com,0,0,1,6,0,0,0,0,0,1,1,1,0,0,1,0,1
celebshine.com,0,0,0,1,0,0,0,0,0,1,1,1,0,0,0,1,1
c1770209.ferozo.com,0,0,0,3,0,0,0,0,0,1,1,1,0,0,0,0,1
enorma.is,0,0,1,7,0,0,0,0,0,1,1,1,0,0,0,0,1
cnctar.hobbycnc.hu,0,0,1,4,0,0,0,0,0,1,1,1,1,0,0,0,1
han.gl,0,0,0,1,0,0,0,0,0,1,1,1,0,0,0,0,1
fluteguards.nn.r.appspot.com,0,0,0,1,0,0,0,0,0,1,1,1,0,0,0,1,1
cracksbot.com,0,0,0,2,0,0,0,0,0,1,1,1,0,0,0,0,1
verifikasi-facebook.ocry.com,0,0,0,0,0,0,0,1,0,1,1,1,1,0,0,0,1
acessosegurodigitalmn.joomla.com,0,0,1,3,0,0,0,0,0,1,1,1,1,0,0,0,1
leadingstarbd.com,0,1,1,2,0,0,0,0,0,1,1,1,0,0,0,0,1
m6cft.thewiber.com,0,0,1,1,0,0,0,0,0,1,1,1,1,1,0,0,1
imagenesmentales.com,0,0,1,7,0,0,0,0,0,1,1,1,0,0,1,0,1
tioflaninat1974.blogspot.com,0,0,0,0,0,0,0,0,0,1,1,1,0,0,0,1,1
mmgarfield.com,0,0,0,2,0,0,0,0,0,1,1,1,0,0,1,0,1
fareast.qa,0,0,1,3,0,0,0,0,0,1,1,1,0,0,0,1,1
alongthelocals.com,0,0,1,4,0,0,0,0,0,1,1,1,1,0,0,0,1
talkingflight.com,0,0,1,6,1,0,0,0,0,1,1,1,0,0,0,0,1
atlantabasecamp.com,0,0,1,4,0,0,0,0,0,1,1,1,1,0,0,1,1
www.alteodolcini.com,0,0,1,5,0,0,0,0,0,1,1,1,1,1,0,0,1
osool-eg.com,0,0,0,4,0,0,0,1,0,1,1,1,1,0,1,0,1
www.arman-ati.net,0,0,0,1,0,0,0,1,0,1,1,1,0,0,0,0,1
hrweb99.com,0,0,0,4,0,0,0,0,0,1,1,1,0,0,0,0,1
krutiznaspb.ru,0,0,1,5,0,0,0,0,0,1,1,1,0,0,0,0,1
taijishentie.com,0,0,1,2,1,0,0,0,0,1,1,1,1,0,0,1,1
esapcepro-org.com,0,0,0,1,0,0,0,1,0,1,1,1,0,0,1,0,1
ltaucard.com,0,0,0,1,0,0,0,0,0,1,1,1,1,1,0,0,1
espaceclientv1.fr,0,0,1,5,0,0,0,0,0,1,1,1,0,0,1,0,1
storage.googleapis.com,0,0,1,3,0,0,0,0,0,1,1,1,0,0,0,0,1
greenpoint.art.br,0,0,1,4,0,0,0,0,0,1,1,1,0,0,0,0,1
cheaproomsvalencia.com,0,0,1,5,0,0,0,0,0,1,1,1,1,0,0,0,1
rawlinsmechanical.com,0,0,0,2,0,0,0,0,0,1,1,1,0,0,0,0,1
finalizando-pagamento.com,0,0,1,2,0,0,0,1,0,1,1,1,0,0,0,0,1
infohuntbd.com,0,0,0,1,0,0,0,0,0,1,1,1,0,0,0,1,1
mail28282.icu,0,0,0,0,0,0,0,0,0,1,1,1,0,0,0,0,1
suncityfoaminsulation.com,0,0,0,1,0,0,0,0,0,1,1,1,0,0,0,0,1
wilstv.com,0,0,0,3,0,0,0,0,0,1,1,1,0,0,1,0,1
sucursalpersonas.transaccionesbancolombia.com-backss-buttonooooooooooverifiedalertasynotificacioneiss.alserviciorat-tray.com,0,0,1,0,0,0,0,1,0,1,1,1,0,0,0,0,1
bclo.com.co,0,0,1,2,0,0,0,0,0,1,1,1,0,0,0,1,1
c1800258.ferozo.com,0,0,0,3,0,0,0,0,0,1,1,1,0,0,0,0,1
zohard.com,0,0,1,8,0,0,0,0,0,1,1,1,0,0,0,0,1
cafecitoperez.ivanidzakovic.com,0,0,1,6,0,0,0,0,0,1,1,1,1,0,1,0,1
cheaproomsvalencia.com,0,0,1,5,0,0,0,0,0,1,1,1,0,0,0,0,1
mail2.mclink.it,0,0,1,6,0,0,0,0,0,1,1,1,0,0,0,0,1
chiatena.zxy.me,0,0,1,6,0,0,0,0,0,1,1,1,0,0,0,0,1
anjoe.com,0,0,1,4,0,0,0,0,0,1,1,1,0,0,0,0,1
santander.byethost24.com,0,0,0,0,0,0,0,0,0,1,1,1,0,0,0,0,1
telecomenterpriseinc-my.sharepoint.com,0,0,1,5,0,0,0,1,0,1,1,1,0,0,0,0,1
securingbravoonly.quibee.com.my,0,0,1,3,0,0,0,0,0,1,1,1,1,0,0,0,1
www.cheaproomsvalencia.com,0,0,1,5,0,0,0,0,0,1,1,1,0,0,0,0,1
bpoconnectja.com,0,0,1,7,0,0,0,0,0,1,1,1,1,0,1,0,1
kishblackdolphin.ir,0,0,1,5,0,0,0,0,0,1,1,1,0,0,1,0,1
shop4you.se,0,0,1,5,0,0,0,0,0,1,1,1,0,0,0,0,1
rf-hospital.ir,0,0,1,8,0,0,0,1,0,1,1,1,0,0,1,1,1
cebuphonly.jrzoutsourcingservices.com,0,0,1,5,0,0,0,0,0,1,1,1,0,0,0,0,1
goodwincompany-my.sharepoint.com,0,0,1,5,0,0,0,1,0,1,1,1,0,0,0,0,1
verified-paxful.com,0,0,0,1,0,0,0,1,0,1,1,1,0,0,0,0,1
52.87.127.10,1,0,1,5,0,0,0,0,0,1,1,1,0,1,0,0,1
webfiddle.net,0,0,1,4,0,0,0,0,0,1,1,1,0,0,0,0,1
53.com-id9533371.thoughtoholics.net,0,0,1,2,0,0,0,1,0,1,1,1,0,1,1,0,1
www.thespeedofmoney.com,0,0,1,3,0,0,0,0,0,1,1,1,0,0,0,0,1
pinnerx.com,0,0,1,2,0,0,0,0,0,1,1,1,0,0,0,0,1
adidas.hop.ru,0,0,0,0,0,0,0,0,0,1,1,1,0,0,1,0,1
upd-medlav.net,0,0,1,2,0,0,0,1,0,1,1,1,0,0,1,1,1
americanas-quarentena.com,0,0,1,2,0,0,0,1,0,1,1,1,1,0,1,1,1
xgamingchair.com,0,0,1,2,0,0,0,0,0,1,1,1,0,0,0,1,1
comoliberarhuawei.com,0,0,0,4,0,0,0,0,0,1,1,1,1,0,1,0,1
app.smartsheet.com,0,0,1,2,0,0,0,0,0,1,1,1,1,0,0,0,1
dwnlds.co,0,0,0,1,0,0,0,0,0,1,1,1,0,0,1,0,1
web-net-pg.joomla.com,0,0,1,4,0,0,0,1,0,1,1,1,0,0,0,1,1
tr.im,0,0,0,1,0,0,1,0,0,1,1,1,0,0,0,0,1
annarborhandsonmuseum-my.sharepoint.com,0,0,1,5,0,0,0,1,0,1,1,1,0,0,0,0,1
rlcportal.reallifechoices.com.au,0,0,0,1,0,0,0,0,0,1,1,1,0,0,0,1,1
environaquatech.com,0,0,1,4,0,0,0,0,0,1,1,1,0,0,0,0,1
esapcepro-org.com,0,0,1,4,0,0,0,1,0,1,1,1,0,0,0,0,1
www.bankofamericaonlinesignin.net,0,0,0,0,0,0,0,0,0,1,1,1,1,0,0,0,1
app66560000.blogspot.com,0,0,0,0,0,0,0,0,0,1,1,1,0,1,1,1,1
palletsolutions.ca,0,0,0,2,0,0,0,0,0,1,1,1,1,0,1,0,1
www.mybpos.net,0,1,0,0,1,0,0,0,0,1,1,1,0,0,0,0,1
forms.gle,0,0,0,1,0,0,0,0,0,1,1,1,1,0,0,0,1
sandspilot.com,0,0,1,3,0,0,0,0,0,1,1,1,0,0,1,0,1
diathermiki.gr,0,0,1,5,0,0,0,0,0,1,1,1,0,0,0,0,1
smartslimhub.com,0,0,1,3,0,0,0,0,0,1,1,1,0,0,0,0,1
plusmarcas.com,0,0,1,5,0,0,0,0,0,1,1,1,1,0,0,0,1
lucidfestival.com,0,0,1,6,0,0,0,0,0,1,1,1,1,0,0,0,1
www.samariter-berg.ch,0,0,0,3,0,0,0,1,0,1,1,1,0,0,1,0,1
tinniedelulla.com,0,0,0,3,0,0,0,0,0,1,1,1,1,0,0,1,1
localbitcoind.ru,0,0,0,0,0,0,0,0,0,1,1,1,0,0,0,0,1
careeracademysb-my.sharepoint.com,0,0,1,5,0,0,0,1,0,1,1,1,0,1,1,0,1
www.officialliker.co,0,0,0,0,0,0,0,0,0,1,1,1,1,0,0,1,1
zonaregistersegvra1bnonline20.com,0,0,0,2,0,0,0,0,0,1,1,1,0,0,0,0,1
www.lokumdukkani.com,0,0,1,7,0,0,0,0,0,1,1,1,0,0,0,0,1
www.danielescivoli.it,0,0,1,3,0,0,0,0,0,1,1,1,1,0,0,0,1
jlgraphic.fr,0,0,1,3,0,0,0,0,0,1,1,1,0,0,0,0,1
www.ftitc.com,0,0,0,1,0,0,0,0,0,1,1,1,0,0,0,0,1
www.ibpm.ru,0,0,1,6,0,0,0,0,0,1,1,1,0,0,0,1,1
secure.runescape.com-en.ru,0,0,1,2,0,0,0,1,0,1,1,1,0,0,0,0,1
seguro-expert.pl,0,0,1,4,0,0,0,1,0,1,1,1,0,1,0,0,1
docs.google.com,0,0,1,5,0,0,0,0,0,0,0,0,0,0,1,1,1
viavarejopontofriocdt.elancers.net,0,0,1,5,0,0,0,0,0,1,1,1,0,0,0,1,1
moonkahonda.com,0,0,1,3,0,0,0,0,0,1,1,1,1,0,0,0,1
docs.google.com,0,0,1,5,0,0,0,0,0,0,0,0,0,0,0,0,1
www.andaraspa.com,0,0,0,4,0,0,0,0,0,1,1,1,0,0,0,0,1
www.checkinitausecurity.com,0,0,0,0,0,0,0,0,0,1,1,1,0,0,1,0,1
hostpoint.ch.17a902ef.tcorner.fr,0,0,0,1,0,0,0,0,0,1,1,1,0,0,0,1,1
abano5.ge,0,0,0,3,0,0,0,0,0,1,1,1,0,0,0,0,1
s.kekk.is,0,0,0,1,0,0,0,0,0,1,1,1,0,0,0,0,1
errorcode1204.gq,0,0,0,1,0,0,0,0,1,1,1,1,0,0,0,0,1
southcountyclassified.com,0,0,1,5,0,0,0,0,0,1,1,1,0,0,0,0,1
nanosercure.com,0,0,0,0,0,0,0,0,0,1,1,1,0,1,1,0,1
venue-hire.net.au,0,0,0,3,0,0,0,1,0,1,1,1,0,0,0,0,1
secure.runescape.com-rsgames.xyz,0,0,1,2,0,0,0,1,1,1,1,1,0,0,0,0,1
positiveomar.net,0,0,0,1,0,0,0,0,0,1,1,1,0,0,1,0,1
dope-ufen.web.app,0,0,0,0,0,0,0,1,0,1,1,1,1,1,0,0,1
godrejs-southestate-okhla.com,0,0,0,1,0,0,0,1,0,1,1,1,0,0,0,0,1
contro.mx,0,0,0,1,0,0,0,0,0,1,1,1,1,0,0,0,1
www.lastoriamilitare.com,0,0,1,4,0,0,0,0,0,1,1,1,0,0,0,0,1
docs.google.com,0,0,1,5,0,0,0,0,0,0,0,0,0,0,0,0,1
iptf.ir,0,0,1,4,0,0,0,0,0,1,1,1,1,0,0,0,1
www.web1zonasegvrabnonlinedat.club,0,0,1,2,0,0,0,0,0,1,1,1,1,1,0,1,1
palletsolutions.ca,0,0,0,2,0,0,0,0,0,1,1,1,0,1,0,0,1
link.do,0,0,1,1,1,0,0,0,0,1,1,1,0,0,0,0,1
desikilitmarket.com,0,0,1,4,0,0,0,0,0,1,1,1,0,0,0,1,1
centraltexasplumbingservice.com,0,0,1,2,0,0,0,0,0,1,1,1,0,1,1,0,1
infopublishersassociation.com,0,0,1,8,0,0,0,0,0,1,1,1,0,0,0,0,1
www.assicuriamoci.net,0,0,0,3,0,0,0,0,0,1,1,1,0,0,0,1,1
doapositioning.com,0,0,1,4,0,0,0,0,0,1,1,1,0,0,0,0,1
cort.as,0,0,0,1,0,0,0,0,0,1,1,1,1,0,0,1,1
acct-piedmontcancerinstitute-inv.org,0,0,1,3,0,0,0,1,0,1,1,1,0,0,0,0,1
betasusgirisburasi4.blogspot.com,0,0,0,0,0,0,0,0,0,1,1,1,0,0,0,0,1
www.ktpn.kalisz.pl,0,1,1,2,0,0,0,0,0,1,1,1,0,0,0,0,1
623112j4j3.codesandbox.io,0,0,0,1,0,0,0,0,0,1,1,1,1,0,0,0,1
steamcoummunity.gq,0,0,0,3,0,0,0,0,1,1,1,1,0,0,0,0,1
johnfinchpartnership.com,0,0,1,2,0,0,0,0,0,1,1,1,0,0,0,0,1
www.anema-santorini.com,0,0,0,3,0,0,0,1,0,1,1,1,0,0,0,0,1
www.zjgsyds.cn,0,0,1,1,1,0,0,0,0,1,1,1,0,0,0,0,1
vitalsource.info,0,0,1,4,0,0,0,0,0,1,1,1,0,0,0,0,1
harrisonk12msus-my.sharepoint.com,0,0,1,5,0,0,0,1,0,1,1,1,0,0,0,0,1
wandjoo.com,0,0,0,3,0,0,0,0,0,1,1,1,0,0,0,0,1
gkjx168.com,0,0,1,1,0,0,0,0,0,1,1,1,0,0,0,1,1
fudavida.org,0,0,1,5,0,0,0,0,0,1,1,1,0,0,0,0,1
docs.google.com,0,0,1,5,0,0,0,0,0,0,0,0,0,1,0,0,1
lynshirt.com,0,0,1,4,0,0,0,0,0,1,1,1,0,0,0,0,1
vk.youhack.info,0,0,0,0,0,0,0,0,0,1,1,1,0,1,0,0,1
www.ecotimes.cl,0,0,0,2,0,0,0,0,0,1,1,1,0,0,0,1,1
preferredtitlellc.com,0,0,0,1,0,0,0,0,0,1,1,1,0,1,0,0,1
spectralwirejewelry.com,0,0,1,4,0,0,0,0,0,1,1,1,0,1,0,0,1
hindikavikssoni.com,0,0,1,5,0,0,0,0,0,1,1,1,0,0,0,0,1
greenpoint.art.br,0,0,1,4,0,0,0,0,0,1,1,1,1,0,0,0,1
reiscomunicacao.com.br,0,0,1,6,0,0,0,0,0,1,1,1,0,0,0,1,1
avatariagoldhack.blogcu.com,0,0,0,0,0,0,0,0,0,1,1,1,0,0,0,1,1
tmobiletickethelp.com,0,0,0,0,0,0,0,0,0,1,1,1,0,0,0,1,1
handmadebyamber.ca,0,0,1,3,0,0,0,0,0,1,1,1,0,0,0,0,1
teatr-akvarel.tomsk.ru,0,0,0,2,0,0,0,1,0,1,1,1,0,0,1,0,1
www.decifra.com.br,0,0,1,3,0,0,0,0,0,1,1,1,0,0,1,0,1
mail.tik.info.pl,0,0,1,7,0,0,0,0,0,1,1,1,0,0,0,0,1
validation.information.dns-cloud.net,0,0,1,2,0,0,0,1,0,1,1,1,0,1,0,0,1
alpha-mail-server2.ddns.info,0,0,0,1,0,0,0,1,0,1,1,1,0,0,0,0,1
obecimso.net,0,0,1,8,0,0,0,0,0,1,1,1,0,0,0,0,1
halfmoonsmast.jrcasey.com,0,0,1,6,0,0,0,0,0,1,1,1,0,0,0,0,1
stolizaparketa.ru,0,1,1,7,0,0,0,0,0,1,1,1,0,0,0,0,1
onedrive.live.com,0,0,1,1,0,0,0,0,0,0,0,0,0,0,0,0,1
jdih.sambas.go.id,0,0,0,3,0,0,0,0,0,1,1,1,0,0,0,1,1
www.facebook.com.twostartraders.com.np,0,0,0,0,0,0,0,0,0,1,1,1,0,0,0,1,1
buyguy.gb.net,0,0,0,2,0,0,0,0,0,1,1,1,1,0,1,1,1
decompress323.ga,0,0,0,2,0,0,0,0,1,1,1,1,0,0,0,0,1
betasus777.blogspot.com,0,0,0,0,0,0,0,0,0,1,1,1,1,0,0,0,1
www.chikh-ali.com,0,0,0,3,0,0,0,1,0,1,1,1,0,1,0,0,1
encarnacionhurtado.com,0,0,0,1,0,0,0,0,0,1,1,1,0,1,0,0,1
stevencrews.com,0,0,1,4,0,0,0,0,0,1,1,1,0,0,0,0,1
montagnalombardia.xyz,0,1,1,2,0,0,0,0,1,1,1,1,1,0,0,0,1
advonationusa.com,0,0,1,5,0,0,0,0,0,1,1,1,1,0,0,0,1
mailiaatt.weebly.com,0,0,0,0,0,0,0,0,0,1,1,1,0,0,0,0,1
cheaproomsvalencia.com,0,0,1,5,0,0,0,0,0,1,1,1,0,0,0,1,1
espaceclientv1.fr,0,0,1,5,0,0,0,0,0,1,1,1,0,1,0,0,1
www.bombayelectricstore.com,0,0,1,2,0,0,0,0,0,1,1,1,1,0,0,0,1
www.rishtapao.com,0,0,1,5,0,0,0,0,0,1,1,1,0,0,1,0,1
buysellshoutouts-staging.rp64r1pa-liquidwebsites.com,0,0,1,3,0,0,0,1,0,1,1,1,0,0,1,0,1
angelalindvall.com,0,0,1,7,0,0,0,0,0,1,1,1,1,0,1,1,1
162.0.228.57,1,0,0,2,0,0,0,0,0,1,1,1,0,0,0,0,1
villasakuraubud.com,0,0,1,6,0,0,0,0,0,1,1,1,1,0,0,0,1
westhorizonfund.com,0,0,0,1,0,0,0,0,0,1,1,1,0,0,1,0,1
netflxius.tumblr.com,0,0,0,0,0,0,0,0,0,0,0,0,0,0,0,0,1
paypal-unusual-activites-detected-verification-pending.pypaal.com,0,0,1,2,0,0,0,1,0,1,1,1,0,0,1,0,1
www.center302.team,0,0,0,1,0,0,0,0,0,1,1,1,0,0,0,0,1
www.tptelecom.it,0,0,1,6,0,0,0,0,0,1,1,1,0,0,0,0,1
alaceyperspective.com,0,0,0,2,0,0,0,0,0,1,1,1,0,0,0,1,1
stylesbyaranda.com,0,0,0,2,0,0,0,0,0,1,1,1,0,0,1,1,1
pakariklan.com,0,1,1,10,0,0,0,0,0,1,1,1,0,0,0,0,1
yamionmsuz.com,0,0,1,8,0,0,0,0,0,1,1,1,0,0,0,0,1
jhairshop.fr,0,0,0,3,0,0,0,0,0,1,1,1,1,0,0,0,1
cazanele-dunarii.ro,0,0,1,5,0,0,0,1,0,1,1,1,1,0,0,0,1
kvsrogurgaon.in,0,0,0,4,0,0,0,0,0,1,1,1,0,1,0,0,1
www.mtmonly.com,0,0,1,6,0,0,0,0,0,1,1,1,0,0,0,0,1
delgadaygordo.com,0,0,0,2,0,0,0,0,0,1,1,1,0,0,0,0,1
camadanyapimalzemeleri.com,0,0,0,1,0,0,0,0,0,1,1,1,0,0,0,0,1
umconnectumt-my.sharepoint.com,0,0,1,5,0,0,0,1,0,1,1,1,0,0,0,0,1
bambudeposu.com,0,0,0,2,0,0,0,0,0,1,1,1,0,0,0,0,1
inmobiliariafedele.com,0,0,0,2,0,0,0,0,0,1,1,1,0,0,0,0,1
compassdm.com.au,0,0,1,2,0,0,0,0,0,1,1,1,1,0,1,0,1
whatsappjoins.4dq.com,0,0,0,0,0,0,0,0,0,1,1,1,0,0,1,0,1
luv2redesign.com,0,0,1,3,0,0,0,0,0,1,1,1,0,0,0,0,1
www.xn--fhrerscheinmpuhaben-59b.com,0,0,1,2,0,0,0,1,0,1,1,1,1,0,0,1,1
appitau.agencia-digitals.com,0,0,0,0,0,0,0,1,0,1,1,1,1,0,1,0,1
ap-login.com,0,0,1,1,0,0,0,1,0,1,1,1,0,1,0,0,1
xn--3-vc2br1kyq5b.com:82,0,0,0,0,0,0,0,1,0,1,1,1,0,0,0,0,1
www.citieid.com,0,0,0,1,0,0,0,0,0,1,1,1,0,0,0,0,1
ideeonlineupdateinforeferencenumb09652685.draintekireland.co.uk,0,0,1,1,0,0,0,0,0,1,1,1,0,0,0,1,1
hhhhh.godaddysites.com,0,0,0,0,0,0,0,0,0,1,1,1,0,0,0,0,1
vasavivivahavedhika.com,0,0,1,3,0,0,0,0,0,1,1,1,0,0,0,0,1
wdestaques15.prime-oportunidades-agora.shop,0,0,1,5,0,0,0,1,0,1,1,1,1,0,0,0,1
trr20200410010207145.domtemporario.com.br,0,0,0,1,0,0,0,0,0,1,1,1,1,0,0,0,1
sangoankhang.com,0,0,1,5,0,0,0,0,0,1,1,1,0,1,0,1,1
ing-mobile.app,0,0,0,1,0,0,0,1,0,1,1,1,0,0,0,1,1
www.chottosf.com,0,0,1,3,0,0,0,0,0,1,1,1,0,0,0,1,1
tvoi-golos.000webhostapp.com,0,0,0,0,0,0,0,1,1,1,1,1,0,1,1,1,1
dropbox.com-payment-invoice-id-379340.tilexhome.com,0,0,1,0,0,0,0,1,0,1,1,1,0,0,0,0,1
5x.to,0,0,0,1,0,0,0,0,0,1,1,1,0,1,0,0,1
firebasestorage.googleapis.com,0,1,1,5,0,0,0,0,0,1,1,1,0,1,0,0,1
ad69e733ebae8d264bccaa38d68830e8.webredirect.org,0,0,1,1,1,0,0,0,0,1,1,1,0,0,0,1,1
secure.runescape.com-en.ru,0,0,0,0,0,0,0,1,0,1,1,1,0,0,0,0,1
www.stolizaparketa.ru,0,0,1,7,0,0,0,0,0,1,1,1,0,0,0,0,1
particulares.newsbusiniesstoday.net,0,0,0,1,0,0,0,0,0,1,1,1,0,1,0,0,1
www.sucursalpersonas-transaccionesbancolombiasa.com,0,0,1,0,0,0,0,1,0,1,1,1,1,0,0,0,1
docs.google.com,0,0,1,5,0,0,0,0,0,0,0,0,0,0,0,1,1
cartoworld.co.ke,0,0,0,2,0,0,0,0,0,1,1,1,0,0,0,0,1
www.cazanele-dunarii.ro,0,0,1,5,0,0,0,1,0,1,1,1,1,0,1,1,1
keithblyeforlacera2018.com,0,0,1,2,0,0,0,0,0,1,1,1,1,0,0,0,1
sporttime.com.mx,0,0,1,9,0,0,0,0,0,1,1,1,0,0,0,0,1
updateinformation-11.com,0,0,0,3,0,0,0,1,0,1,1,1,1,0,1,0,1
iapple-support.net,0,0,0,0,0,0,0,1,0,1,1,1,0,0,0,1,1
oninet.al,0,0,1,5,0,0,0,0,0,1,1,1,0,0,0,0,1
bizcloudz.net,0,0,1,2,0,0,0,0,0,1,1,1,0,0,0,0,1
mktameri.com,0,0,0,0,0,0,0,0,0,1,1,1,0,0,1,0,1
dreamhouse.in.th,0,0,1,5,0,0,0,0,0,1,1,1,0,0,0,0,1
lqw9r6y8q.codesandbox.io,0,0,0,1,0,0,0,0,0,1,1,1,0,0,0,0,1
solutionsksa.com,0,0,1,4,0,0,0,0,0,1,1,1,0,0,0,1,1
docs.google.com,0,0,1,5,0,0,0,0,0,0,0,0,0,1,0,0,1
albaraa-eg.com,0,0,0,2,0,0,0,1,0,1,1,1,0,0,1,0,1
docs.google.com,0,0,1,5,0,0,0,0,0,0,0,0,0,0,0,0,1
216.119.108.161,1,0,1,1,0,0,0,0,0,1,1,1,0,0,0,0,1
y9o5m.codesandbox.io,0,0,0,1,0,0,0,0,0,1,1,1,0,0,0,0,1
schachkraft.de,0,0,0,1,0,0,0,0,0,1,1,1,1,0,0,0,1
forms.office.com,0,0,1,2,0,0,0,0,0,0,0,0,0,0,0,0,1
sia.cv,0,0,0,3,0,0,0,0,0,1,1,1,0,0,0,0,1
ip-socialmedia.com,0,0,1,6,0,0,0,1,0,1,1,1,0,0,0,0,1
mms.tucsonhispanicchamber.net,0,0,1,4,0,0,0,0,0,1,1,1,0,0,0,0,1
promohinotruck.com,0,0,1,5,0,0,0,0,0,1,1,1,0,0,0,0,1
cli.re,0,0,0,1,0,0,0,0,0,1,1,1,0,0,0,0,1
btr392mwtdk0s15txvutshqj9hnsqsw5eu3mnigy.s3-ap-northeast-1.amazonaws.com,0,0,1,4,0,0,0,1,0,1,1,1,0,0,0,0,1
pixel.baltic-dragon.ru,0,0,1,4,0,0,0,1,0,1,1,1,0,0,0,0,1
geonetc.net,0,0,0,1,0,0,0,0,0,1,1,1,1,0,0,0,1
sites.google.com,0,0,0,3,0,0,0,0,0,0,0,0,0,0,0,0,1
colorworxonline.com,0,0,0,0,0,0,0,0,0,1,1,1,0,0,1,0,1
chemstrymatch.000webhostapp.com,0,0,1,3,0,0,0,0,1,1,1,1,1,0,0,0,1
bookitbaby.net,0,0,0,1,0,0,0,0,0,1,1,1,1,0,0,0,1
autoescolaescocia.com,0,0,0,1,0,0,0,0,0,1,1,1,0,0,1,0,1
inaceinox.pt,0,0,1,5,0,0,0,0,0,1,1,1,0,0,0,0,1
www.dymphnaboholt.com,0,0,0,1,0,0,0,0,0,1,1,1,0,0,0,0,1
everestwebdevelopment.com,0,0,1,3,0,0,0,0,0,1,1,1,0,0,0,1,1
feelio.cc,0,0,1,5,0,0,0,0,0,1,1,1,1,0,0,0,1
umconnectumt-my.sharepoint.com,0,0,1,5,0,0,0,1,0,1,1,1,0,0,0,0,1
appriver3651009905-my.sharepoint.com,0,0,1,5,0,0,0,1,0,1,1,1,0,0,0,1,1
pg-series-atendimento.joomla.com,0,0,1,2,0,0,0,1,0,1,1,1,1,0,0,0,1
www.soyalejo.com,0,0,0,2,0,0,0,0,0,1,1,1,0,1,1,0,1
vtchekhov.com,0,0,0,1,0,0,0,0,0,1,1,1,0,0,0,0,1
funpeguy.com,0,0,0,3,0,0,0,0,0,1,1,1,0,1,1,1,1
www.pattybarrueta.com,0,0,0,3,0,0,0,0,0,1,1,1,0,0,0,1,1
drive.google.com,0,0,1,4,0,0,0,0,0,0,0,0,0,0,0,1,1
filetransfer.io,0,0,0,3,0,0,0,0,0,1,1,1,0,0,0,0,1
chat-whatsapp9.grup-wa69.ml,0,0,0,0,0,0,0,1,1,1,1,1,0,0,0,0,1
3xportfolio.com,0,0,0,2,0,0,0,0,0,1,1,1,0,0,0,0,1
firebasestorage.googleapis.com,0,0,1,5,0,0,0,0,0,1,1,1,0,0,0,0,1
mundo-smartphones.com,0,0,1,1,0,0,0,1,0,1,1,1,0,0,0,0,1
tinyurl.com,0,0,0,1,0,0,1,0,0,1,1,1,0,0,0,1,1
icloud.com.support-careplus.com,0,0,1,0,0,0,0,1,0,1,1,1,0,0,0,0,1
southcountyclassified.com,0,0,1,5,0,0,0,0,0,1,1,1,0,1,0,0,1
toaletaeco.ro,0,0,0,1,0,0,0,0,0,1,1,1,0,0,0,0,1
lz5.1ee.myftpupload.com,0,0,1,2,0,0,0,0,0,1,1,1,0,0,0,0,1
securecuserver.co.uk,0,0,1,3,0,0,0,0,0,1,1,1,0,0,0,0,1
han.gl,0,0,0,1,0,0,0,0,0,1,1,1,0,0,0,1,1
ysgolbodhyfryd.co.uk,0,0,1,4,0,0,0,0,0,1,1,1,1,0,0,0,1
ww17.teluswireless.info,0,0,0,0,0,0,0,0,0,1,1,1,0,0,0,0,1
ladycavendishdiary.com,0,0,1,4,0,0,0,0,0,1,1,1,1,0,0,0,1
mail.subcultuur.nl,0,0,1,2,0,0,0,0,0,1,1,1,0,0,0,0,1
betasus10.blogspot.com,0,0,0,0,0,0,0,0,0,1,1,1,0,0,0,1,1
paypal-webnative.surge.sh,0,0,0,0,0,0,0,1,0,1,1,1,1,0,0,0,1
chiatena.zxy.me,0,0,1,5,0,0,0,0,0,1,1,1,0,0,0,1,1
firebasestorage.googleapis.com,0,1,1,5,0,0,0,0,0,1,1,1,0,0,0,0,1
dotilo.com,0,0,0,4,0,0,0,0,0,1,1,1,1,0,0,1,1
201.20.120.178,1,0,0,0,0,0,0,0,0,1,1,1,1,0,1,0,1
docs.google.com,0,0,1,5,0,0,0,0,0,0,0,0,0,0,0,0,1
docs.google.com,0,0,1,5,0,0,0,0,0,0,0,0,1,0,0,0,1
webzonasegvrabndata1.com,0,0,0,2,0,0,0,0,0,1,1,1,0,0,1,0,1
recovery-support.u718573rwk.ha004.t.justns.ru,0,0,1,1,0,0,0,1,0,1,1,1,1,0,0,0,1
sum.vn,0,0,0,1,0,0,0,0,0,1,1,1,0,0,0,0,1
biced.iainbukittinggi.ac.id,0,0,0,3,0,0,0,0,0,1,1,1,0,0,0,0,1
mail01.tinyletterapp.com,0,0,1,7,0,0,0,0,0,1,1,1,0,0,0,0,1
escolapuigcerver.cat,0,0,1,6,0,0,0,0,0,1,1,1,0,0,0,1,1
www.chase-verification.diligencees.com,0,0,1,3,0,0,0,1,0,1,1,1,0,0,0,1,1
drjbsclinic.com,0,0,0,2,0,0,0,0,0,1,1,1,0,1,0,0,1
identificacaodoaluno.auladelibrastvines.dnsabr.com,0,0,1,1,0,0,0,0,0,1,1,1,0,0,1,0,1
orangeetmoi.fr-assurancev2.cf,0,0,1,2,0,0,0,1,1,1,1,1,1,0,0,1,1
firebasestorage.googleapis.com,0,1,1,5,0,0,0,0,0,1,1,1,0,0,0,1,1
paper-architecture.com,0,0,1,2,0,0,0,1,0,1,1,1,0,0,1,1,1
www.secaire.net,0,0,1,4,0,0,0,0,0,1,1,1,0,0,0,0,1
mysp.ac,0,0,0,1,0,0,0,0,0,1,1,1,0,0,0,0,1
2933517.com,0,0,0,2,0,0,0,0,0,1,1,1,0,0,0,0,1
klasiekpharmacy.com,0,0,0,2,0,0,0,0,0,1,1,1,0,0,0,0,1
verfiayiosnmer.com,0,0,1,2,0,0,0,0,0,1,1,1,0,0,1,0,1
congaban.com,0,0,1,8,0,0,0,0,0,1,1,1,0,0,1,0,1
axelhess.com,0,0,1,6,0,0,0,0,0,1,1,1,0,0,0,0,1
nguoidongxuan.com,0,0,1,5,0,0,0,0,0,1,1,1,1,0,0,0,1
clarkelectric-my.sharepoint.com,0,0,1,5,0,0,0,1,0,1,1,1,0,0,0,0,1
karavella12.hop.ru,0,0,0,0,0,0,0,0,0,1,1,1,1,0,0,0,1
jissr.org,0,0,1,2,0,0,0,0,0,1,1,1,0,0,0,0,1
box5674.temp.domains,0,0,1,4,0,0,0,0,0,1,1,1,0,0,0,0,1
alfredtalkelogisticservices-my.sharepoint.com,0,0,1,7,0,0,0,1,0,1,1,1,0,0,0,0,1
celebshine.com,0,0,0,1,0,0,0,0,0,1,1,1,0,0,0,0,1
shorturl.is,0,0,0,1,0,0,0,0,0,1,1,1,0,0,0,0,1
dailyexclusiveoffer.com,0,0,0,4,0,0,0,0,0,1,1,1,1,0,0,0,1
drcorreamejoresimplantes.com,0,0,1,2,0,0,0,0,0,1,1,1,1,0,0,0,1
is.gd,0,0,1,4,0,0,1,0,0,1,1,1,0,0,0,1,1
www.dropbox.com,0,0,1,3,0,0,0,0,0,0,0,0,0,0,0,0,1
acoony.cloudaccess.host,0,0,1,3,0,0,0,0,0,1,1,1,0,0,0,0,1
obixpdf.sa7o.com,0,0,0,0,0,0,0,0,0,1,1,1,1,0,0,0,1
inconfis.com,0,0,1,4,0,0,0,0,0,1,1,1,0,0,1,0,1
pyramidifms.com,0,0,0,3,0,0,0,0,0,1,1,1,0,0,0,0,1
fr.fireprox.net,0,0,1,2,0,0,0,0,0,1,1,1,0,1,0,0,1
www.am-t.by,0,1,1,5,0,0,0,1,0,1,1,1,1,0,0,0,1
irestro.in,0,0,0,2,0,0,0,0,0,1,1,1,0,0,0,0,1
bcem.ie,0,0,1,1,0,0,0,0,0,1,1,1,0,0,0,0,1
bprkita.com,0,0,0,1,0,0,0,0,0,1,1,1,0,0,0,0,1
fbrq2.codesandbox.io,0,0,0,0,0,0,0,0,0,1,1,1,0,0,1,0,1
1drv.ms,0,0,1,2,0,0,0,0,0,1,1,1,0,0,0,1,1
cafecitoperez.ivanidzakovic.com,0,0,1,6,0,0,0,0,0,1,1,1,0,0,0,1,1
www.alpha-mail-server3.ns01.info,0,0,1,1,0,0,0,1,0,1,1,1,0,0,0,0,1
docs.google.com,0,0,1,5,0,0,0,0,0,0,0,0,0,0,1,0,1
theoutlet66mall.com,0,1,1,3,0,0,0,0,0,1,1,1,0,0,0,0,1
www.entraegypt.com,0,0,0,1,0,0,0,0,0,1,1,1,0,0,0,0,1
cruzsantiagoverta.com,0,0,1,4,0,0,0,0,0,1,1,1,0,1,0,0,1
jobs.atlantalegalaid.org,0,0,0,2,0,0,0,0,0,1,1,1,0,0,0,0,1
infopublishersassociation.com,0,0,1,8,0,0,0,0,0,1,1,1,0,0,1,0,1
mail.schoonheidssalonlafinesse.nl,0,0,1,2,0,0,0,0,0,1,1,1,0,0,0,1,1
docs.google.com,0,0,1,5,0,0,0,0,0,0,0,0,0,0,0,0,1
hixinsite.com,0,0,1,9,0,0,0,0,0,1,1,1,0,0,0,0,1
theatrewh-my.sharepoint.com,0,0,1,5,0,0,0,1,0,1,1,1,0,1,1,1,1
catholichub.tv,0,0,0,3,0,0,0,0,0,1,1,1,0,0,0,0,1
paxful-service.com,0,0,0,0,0,0,0,1,0,1,1,1,0,0,0,0,1
waikowhaiauto.co.nz,0,0,0,1,0,0,0,0,0,1,1,1,0,0,0,0,1
suspended-profiles.blogspot.com,0,0,0,0,0,0,0,1,0,1,1,1,1,0,0,0,1
thetopratedquadcopters.com,0,0,1,4,0,0,0,0,0,1,1,1,0,1,0,0,1
www.butlercourse.com,0,0,0,2,0,0,0,0,0,1,1,1,0,1,0,1,1
domamaropizzaria.com.br,0,0,1,6,0,0,0,0,0,1,1,1,0,0,0,0,1
oaidioaa.com,0,0,0,4,0,0,0,0,0,1,1,1,0,0,0,1,1
ehan.org,0,0,0,3,0,0,0,0,0,1,1,1,0,0,0,0,1
www.umij.org,0,0,0,2,0,0,0,0,0,1,1,1,0,0,0,1,1
www.bolsadoconsorcio.com.br,0,0,1,6,0,0,0,0,0,1,1,1,0,0,0,0,1
bcpzonasegurabeta.viabcp.pe.viabcp.miyabibar.vn,0,0,1,7,0,0,0,0,0,1,1,1,0,0,0,0,1
ginseystore.vlmclient.com,0,0,1,8,0,0,0,0,0,1,1,1,1,0,0,0,1
dhl.export.dns-cloud.net,0,0,0,2,0,0,0,1,0,1,1,1,0,0,0,0,1
lowcy-nagrod.pl,0,0,0,0,0,0,0,1,0,1,1,1,0,1,0,0,1
verified-paxful.com,0,0,0,0,0,0,0,1,0,1,1,1,1,0,0,0,1
fareast.qa,0,0,1,3,0,0,0,0,0,1,1,1,0,1,1,0,1
www.gminawilkow.pl,0,0,1,4,0,0,0,0,0,1,1,1,0,0,0,0,1
www.guycoweb.com,0,1,1,6,0,0,0,0,0,1,1,1,1,0,1,0,1
enorma.is,0,0,1,7,0,0,0,0,0,1,1,1,1,0,0,0,1
cheaproomsvalencia.com,0,0,1,5,0,0,0,0,0,1,1,1,0,1,1,1,1
betasus5.blogspot.com,0,0,0,0,0,0,0,0,0,1,1,1,0,0,0,0,1
seekthemes.com,0,0,0,1,0,0,0,0,0,1,1,1,1,1,1,1,1
www.signonv2screen.verificationbankofamericas.com.zases3.com,0,0,1,4,0,0,0,0,0,1,1,1,1,0,0,1,1
oldegreen.com,0,0,0,4,0,0,0,0,0,1,1,1,0,0,0,0,1
plusmarcas.com,0,0,1,5,0,0,0,0,0,1,1,1,1,1,0,1,1
secure-online-bank0famerica-dashboarrd01.ddnsgeek.com,0,0,1,3,0,0,0,1,0,1,1,1,0,1,0,0,1
spatialsys.com.ru,0,0,0,3,0,0,0,0,0,1,1,1,1,0,0,0,1
hrweb99.com,0,0,1,5,0,0,0,0,0,1,1,1,0,1,0,0,1
www.center302.team,0,0,0,1,0,0,0,0,0,1,1,1,0,0,0,1,1
kishblackdolphin.ir,0,0,1,5,0,0,0,0,0,1,1,1,0,0,0,1,1
ertde.club,0,0,0,1,0,0,0,0,0,1,1,1,0,0,0,0,1
viatraniver1972.blogspot.com,0,0,0,0,0,0,0,0,0,1,1,1,0,0,0,0,1
sknaquatech.com,0,0,1,5,0,0,0,0,0,1,1,1,0,0,0,0,1
4434.sicoob.online,0,0,0,1,0,0,0,0,0,1,1,1,0,0,1,0,1
kozeystreet.buzz,0,0,0,2,0,0,0,0,0,1,1,1,1,0,0,0,1
urbanbicycleoutfitters.net,0,0,0,2,0,0,0,0,0,1,1,1,1,0,0,0,1
missionpick.com,0,0,1,4,0,0,0,0,0,1,1,1,0,0,1,1,1
amex.alert.account.logogistics.com.au,0,0,1,2,0,0,0,0,0,1,1,1,0,0,0,1,1
www.ppayoungusyen.com,0,0,0,0,0,0,0,0,0,1,1,1,0,0,1,0,1
web99841050km-com.preview-domain.com,0,0,1,1,0,0,0,1,0,1,1,1,0,0,1,0,1
dotpay.epocztex.pl,0,0,0,1,0,0,0,0,0,1,1,1,0,0,0,1,1
casascamijanes.com,0,0,1,2,0,0,0,0,0,1,1,1,0,0,0,0,1
thesamjain.com,0,0,1,5,0,0,0,0,0,1,1,1,1,0,0,1,1
dreamhouse.in.th,0,0,1,5,0,0,0,0,0,1,1,1,1,0,0,0,1
art-sticker.fr,0,0,1,4,0,0,0,1,0,1,1,1,0,0,0,1,1
sparkpassedecom.com,0,0,0,1,0,0,0,0,0,1,1,1,1,1,1,0,1
novapack.cl,0,0,0,1,0,0,0,0,0,1,1,1,0,0,0,0,1
summerhills.me,0,0,0,1,0,0,0,0,0,1,1,1,0,0,0,0,1
s.id,0,0,0,1,0,0,0,0,0,1,1,1,0,0,0,0,1
thequay.org.uk,0,0,0,2,0,0,0,0,0,1,1,1,0,1,0,0,1
kimpatterson.net,0,0,1,4,0,0,0,0,0,1,1,1,1,0,0,0,1
betasus777.blogspot.com,0,0,0,0,0,0,0,0,0,1,1,1,1,0,0,0,1
paypal.co.uk.userru73yp8tjiw.settingsppup.com,0,0,1,1,0,0,0,0,0,1,1,1,0,0,0,0,1
teat09.com,0,0,0,3,0,0,0,0,0,1,1,1,0,0,0,0,1
venturegroupit.com,0,0,0,2,0,0,0,0,0,1,1,1,0,0,0,1,1
charttrader.in,0,1,1,3,0,0,0,0,0,1,1,1,0,1,0,0,1
bit.ly,0,0,0,1,0,0,1,0,0,1,1,1,0,0,0,0,1
firebasestorage.googleapis.com,0,0,1,5,0,0,0,0,0,1,1,1,0,0,0,0,1
atendimento-sac-pg.joomla.com,0,0,0,2,0,0,0,1,0,1,1,1,0,0,0,0,1
cheaproomsvalencia.com,0,0,1,5,0,0,0,0,0,1,1,1,0,1,0,0,1
www43.presentes-promocoes-premier.com,0,0,1,6,0,0,0,1,0,1,1,1,0,0,0,0,1
www.adnet8.com,0,0,1,2,1,0,0,0,0,1,1,1,0,0,0,0,1
physics.uctm.edu,0,0,1,9,0,0,0,0,0,1,1,1,0,0,1,0,1
phoenixlocksmith-az.com,0,0,0,1,0,0,0,1,0,1,1,1,1,0,0,0,1
youngil.co.kr,0,0,0,3,0,0,0,0,0,1,1,1,0,0,0,1,1
vkaktivations23.bos.ru,0,0,0,0,0,0,0,0,0,1,1,1,0,0,0,0,1
playarprint.com,0,0,1,2,0,0,0,0,0,1,1,1,0,0,0,0,1
misrecetasnaturales.com,0,0,1,8,0,0,0,0,0,1,1,1,0,0,0,1,1
paypal.co.uk.userfqfwyvx2gxv.settingsppup.com,0,0,1,1,0,0,0,0,0,1,1,1,1,0,0,0,1
tuliving.com.ar,0,0,0,1,0,0,0,0,0,1,1,1,0,0,0,0,1
adart.krakow.pl,0,0,1,8,0,0,0,0,0,1,1,1,0,0,0,0,1
metrological-focus.000webhostapp.com,0,0,1,4,0,0,0,1,1,1,1,1,1,0,0,0,1
conhantaohpg.com,0,0,1,7,0,0,0,0,0,1,1,1,0,0,0,0,1
www.planwise.co.za,0,0,1,7,0,0,0,0,0,1,1,1,0,0,0,0,1
thewintershops.com,0,0,1,4,0,0,0,0,0,1,1,1,0,0,0,0,1
www.spaceexperts.co.in,0,0,1,7,0,0,0,0,0,1,1,1,0,0,1,1,1
bit.ly,0,0,0,1,0,0,1,0,0,1,1,1,0,0,0,0,1
www.bcpzonasegurabeta.viabcp.com.saharadew.com,0,0,1,2,0,0,0,0,0,1,1,1,1,0,0,0,1
eostechnologies.net,0,0,1,3,0,0,0,0,0,1,1,1,1,0,0,0,1
www.manutencaoitauchecks.com,0,0,0,1,0,0,0,0,0,1,1,1,0,1,0,0,1
alexporter.eu,0,0,0,2,0,0,0,0,0,1,1,1,1,1,0,0,1
comoliberarhuawei.com,0,0,0,4,0,0,0,0,0,1,1,1,0,0,0,0,1
emagcreator.com,0,0,1,2,0,0,0,0,0,1,1,1,0,0,1,0,1
steampowerwest.me,0,0,0,1,0,0,0,0,0,1,1,1,0,0,0,1,1
betasusorjinal1.blogspot.com,0,0,0,0,0,0,0,0,0,1,1,1,0,0,0,0,1
7426fbe0d8676fde2cac756c0731ce57.udagwebspace.de,0,0,1,2,0,0,0,0,0,1,1,1,0,1,0,0,1
s-economit.ru,0,0,0,2,0,0,0,1,0,1,1,1,0,0,1,0,1
www.myappwiz.com,0,0,1,2,1,0,0,0,0,1,1,1,0,1,0,0,1
my3.uk-verifyid.com,0,0,0,0,0,0,0,1,0,1,1,1,1,1,0,0,1
dataupdaterequired.site44.com,0,0,0,1,0,0,0,0,1,1,1,1,0,1,0,0,1
sneakersytanie.pl,0,0,0,0,0,0,0,0,0,1,1,1,0,0,0,0,1
swap-tradegg.com,0,0,0,0,0,0,0,1,0,1,1,1,1,0,0,0,1
villasakuraubud.com,0,0,1,6,0,0,0,0,0,1,1,1,0,0,0,1,1
gaws30.webwave.me,0,0,0,0,0,0,0,0,0,1,1,1,1,0,0,0,1
myhomeshop.club,0,0,1,7,0,0,0,0,0,1,1,1,0,1,0,1,1
p8p6k.codesandbox.io,0,0,0,0,0,0,0,0,0,1,1,1,1,0,0,0,1
sites.google.com,0,0,0,2,0,0,0,0,0,0,0,0,0,0,0,0,1
locksmail.com,0,0,1,7,0,0,0,0,0,1,1,1,0,0,0,0,1
index.kroppsfunktion.com,0,0,0,2,0,0,0,0,0,1,1,1,0,0,1,0,1
notendur.hi.is,0,0,1,6,0,0,0,0,0,1,1,1,0,0,0,1,1
arks.ganeshasolutionz.in,0,0,1,6,0,0,0,0,1,1,1,1,0,0,0,0,1
www.stortrk.com,0,0,1,3,0,0,0,0,0,1,1,1,0,0,0,0,1
grupocamco.cl,0,0,1,6,0,0,0,0,0,1,1,1,0,0,0,0,1
prettanike.com,0,0,0,3,0,0,0,0,0,1,1,1,0,0,0,0,1
sticker-z.ru,0,0,0,2,0,0,0,1,0,1,1,1,0,0,0,0,1
medienschmiede-sander.de,0,0,1,2,0,0,0,1,0,1,1,1,0,0,0,0,1
bcpzonasegurabeta.viabcp.com.kryptonicconstruction.com,0,0,1,2,0,0,0,0,0,1,1,1,0,0,0,0,1
bluemarble.cloud,0,0,1,6,0,0,0,0,0,1,1,1,0,0,0,0,1
abtekdoor.com,0,0,0,2,0,0,0,0,0,1,1,1,0,0,0,0,1
www.turkmcse.com,0,0,0,2,0,0,0,0,0,1,1,1,1,0,0,1,1
g4x.papernom.com,0,0,1,1,0,0,0,0,0,1,1,1,1,0,0,0,1
busfor.com,0,0,0,1,0,0,0,0,0,1,1,1,1,0,0,0,1
crimeceentvnews.com,0,0,1,4,0,0,0,0,0,1,1,1,0,0,0,0,1
mikesacs.com,0,0,0,1,0,0,0,0,0,1,1,1,1,0,0,0,1
docs.google.com,0,0,1,5,0,0,0,0,0,0,0,0,0,0,0,0,1
bit.ly,0,0,0,1,0,0,1,0,0,1,1,1,0,0,0,0,1
donplitka.in.ua,0,0,1,5,0,0,0,0,0,1,1,1,0,0,1,0,1
tinyurl.com,0,0,0,1,0,0,1,0,0,1,1,1,0,0,0,0,1
foxlap.com,0,0,1,6,0,0,0,0,0,1,1,1,0,0,0,0,1
78.143.96.35,1,0,1,3,0,0,0,0,0,1,1,1,0,0,0,0,1
livestudentccc-my.sharepoint.com,0,0,1,5,0,0,0,1,0,1,1,1,0,0,0,0,1
betasus23.blogspot.com,0,0,0,0,0,0,0,0,0,1,1,1,0,0,0,0,1
www.midyatmimaritas.com,0,0,1,5,0,0,0,0,0,1,1,1,1,0,0,1,1
bit.ly,0,0,0,1,0,0,1,0,0,1,1,1,0,0,0,0,1
kupelis.com,0,0,1,6,0,0,0,0,0,1,1,1,0,0,0,0,1
exoticslimmingherbs.com,0,0,0,2,0,0,0,0,0,1,1,1,0,0,1,0,1
email302.com,0,0,1,6,0,0,0,0,0,1,1,1,0,0,0,0,1
alphacon.co.id,0,0,0,4,0,0,0,0,0,1,1,1,1,0,0,0,1
sanjilkumar.com,0,0,0,3,0,0,0,0,0,1,1,1,0,0,0,0,1
secure.runescape.com-un.ru,0,0,1,2,0,0,0,1,0,1,1,1,0,1,1,0,1
forms.gle,0,0,0,1,0,0,0,0,0,1,1,1,0,0,0,0,1
cpc.cx,0,0,0,1,0,0,0,0,0,1,1,1,0,0,0,0,1
joingrubbokepviralm.x80r.com,0,0,0,1,0,0,0,0,0,1,1,1,0,0,0,0,1
serveurmobileteelcomsvr.it,0,0,1,5,0,0,0,0,0,1,1,1,1,1,0,0,1
alraufgroup.com,0,0,1,5,0,0,0,0,0,1,1,1,0,0,0,0,1
defendblog.com,0,1,1,5,0,0,0,0,0,1,1,1,0,0,0,0,1
cuny620-my.sharepoint.com,0,0,1,5,0,0,0,1,0,1,1,1,0,0,0,0,1
forms.office.com,0,0,1,2,0,0,0,0,0,0,0,0,0,0,0,0,1
modernbambu.com,0,0,0,2,0,0,0,0,0,1,1,1,0,0,1,0,1
tradeit-dota-csgo.com,0,0,0,0,0,0,0,1,0,1,1,1,0,1,0,1,1
www.tik.info.pl,0,0,1,8,0,0,0,0,0,1,1,1,0,0,0,0,1
freetakipci.net,0,0,0,1,0,0,0,0,0,1,1,1,0,0,0,0,1
docs.google.com,0,0,1,5,0,0,0,0,0,0,0,0,0,0,1,0,1
themesradar.com,0,0,1,6,0,0,0,0,0,1,1,1,1,0,0,0,1
thanhlytot.com,0,0,0,3,0,0,0,0,0,1,1,1,0,1,0,0,1
hgn2t.app.link,0,0,0,1,0,0,0,0,0,1,1,1,1,1,0,0,1
www.ertcegypt.com,0,0,1,3,0,0,0,0,0,1,1,1,1,0,0,0,1
csgoempires.xyz,0,0,0,0,0,0,0,0,1,1,1,1,0,0,1,0,1
advonationusa.com,0,0,1,6,0,0,0,0,0,1,1,1,1,0,1,0,1
bit.ly,0,0,0,1,0,0,1,0,0,1,1,1,0,0,0,0,1
bigwoodsbar.com,0,0,0,2,0,0,0,0,0,1,1,1,0,0,0,0,1
hostiotics.com,0,0,1,4,0,0,0,0,0,1,1,1,1,0,0,0,1
mail.myphonereviews.com,0,0,0,2,0,0,0,0,0,1,1,1,0,0,0,1,1
limitlessearn.com,0,0,0,1,0,0,0,0,0,1,1,1,0,0,0,0,1
lt.mydplr.com,0,0,1,1,0,0,0,0,0,1,1,1,0,0,0,0,1
paypal-support-help-inc.blogspot.be,0,0,0,0,0,0,0,1,0,1,1,1,1,0,0,0,1
pague-online-agora.com,0,0,1,2,0,0,0,1,0,1,1,1,0,0,0,0,1
whenjessgrowsup.com,0,0,1,4,0,0,0,0,0,1,1,1,1,0,0,0,1
tu762.com,0,0,0,0,0,0,0,0,0,1,1,1,0,0,0,0,1
bellaos.weebly.com,0,0,0,0,0,0,0,0,0,1,1,1,0,0,0,0,1
docs.google.com,0,0,1,5,0,0,0,0,0,0,0,0,0,0,0,0,1
support-sign-in.com,0,0,0,0,0,0,0,1,0,1,1,1,1,0,0,1,1
2lyk-chort.thess.sch.gr,0,0,1,9,0,0,0,1,0,1,1,1,0,0,0,0,1
clientportal.cb-cbnk.com,0,0,0,1,0,0,0,1,0,1,1,1,0,0,1,0,1
taghrib.com,0,0,0,2,0,0,0,0,0,1,1,1,0,0,0,0,1
sanlikala.com,0,0,0,1,0,0,0,0,0,1,1,1,0,0,0,0,1
www.nanoclearbrasil.com.br,0,0,1,8,0,0,0,0,0,1,1,1,1,0,0,0,1
www.duluthwaterproofingmoldremoval.com,0,0,1,6,0,0,0,0,0,1,1,1,1,0,1,0,1
www.mskbs.com,0,0,1,5,0,0,0,0,0,1,1,1,1,0,0,0,1
waytoketo.com,0,0,1,4,0,0,0,0,0,1,1,1,0,0,0,0,1
services.runescape.com-as.ru,0,0,0,0,0,0,0,1,0,1,1,1,0,1,1,1,1
www.thatsmint.work,0,0,0,2,0,0,0,0,0,1,1,1,0,0,0,0,1
meduchet.com,0,0,1,7,0,0,0,0,0,1,1,1,0,0,0,1,1
gcbmarketing.com,0,0,0,2,0,0,0,0,0,1,1,1,0,0,0,1,1
wpcorporate.sfdevserver.com,0,0,1,9,0,0,0,0,0,1,1,1,1,1,0,0,1
paluddipizzabrasil.com,0,0,1,1,0,0,0,0,0,1,1,1,0,0,0,0,1
rakuten.co.jp5.memberonlineprimesuscodec.xyz,0,0,1,3,0,0,0,0,1,1,1,1,0,0,0,1,1
www.webcoretic.com,0,0,1,8,0,0,0,0,0,1,1,1,0,0,0,0,1
ip-132-148-145-99.ip.secureserver.net,0,0,1,1,0,0,0,1,0,1,1,1,0,1,0,0,1
rabobank-nl.ey.r.appspot.com,0,0,0,0,0,0,0,1,0,1,1,1,0,0,0,0,1
orientationinlaws.com,0,0,0,2,0,0,0,0,0,1,1,1,1,0,0,1,1
fareast.qa,0,0,1,3,0,0,0,0,0,1,1,1,1,0,0,0,1
nothingelsefilm.com,0,0,1,6,0,0,0,0,0,1,1,1,0,0,0,0,1
cheaproomsvalencia.com,0,0,1,5,0,0,0,0,0,1,1,1,0,1,0,0,1
www.sastaservices.com,0,0,1,2,0,0,0,0,0,1,1,1,0,0,0,0,1
docs.google.com,0,0,1,5,0,0,0,0,0,0,0,0,0,0,0,1,1
bitoex-claimextrabonuses.000webhostapp.com,0,0,0,0,0,0,0,1,1,1,1,1,0,0,0,0,1
perron.team,0,0,0,1,0,0,0,0,0,1,1,1,0,0,0,0,1
onroads.co.in,0,0,1,4,0,0,0,0,0,1,1,1,0,0,1,0,1
promocaodescontao.com,0,0,0,0,0,0,0,0,0,1,1,1,0,0,0,0,1
www.mhsconsis.com.br,0,0,0,2,0,0,0,0,0,1,1,1,0,1,0,1,1
soundfinancial.icu,0,0,1,7,0,0,0,0,0,1,1,1,1,1,0,0,1
s.id,0,0,0,1,0,0,0,0,0,1,1,1,0,0,1,0,1
accecuatfb077.webnode.com,0,0,0,0,0,0,0,0,0,1,1,1,0,0,0,0,1
938388f6f32773886.temporary.link,0,0,1,7,0,0,0,0,0,1,1,1,0,0,1,0,1
www.cosmoia.com,0,0,1,4,0,0,0,0,0,1,1,1,0,0,0,0,1
www.doc.google.share.pressurecookerindia.com,0,0,1,1,0,0,0,0,0,1,1,1,0,0,0,0,1
www.poetkaustubh.com,0,0,0,3,0,0,0,0,0,1,1,1,0,0,0,1,1
paypal.a2fb.top,0,0,0,0,0,0,0,0,1,1,1,1,0,0,0,0,1
ig-fosa.ch,0,0,0,2,0,0,0,1,0,1,1,1,0,0,0,0,1
www.marinasirtis.tv,0,0,1,4,0,0,0,0,0,1,1,1,0,0,0,0,1
www.alibaba.vritta.in,0,0,1,2,0,0,0,0,0,1,1,1,0,1,0,1,1
userxagent98ngnixubu.ga,0,0,0,2,0,0,0,0,1,1,1,1,0,0,0,0,1
golden-puzzled-tailor.glitch.me,0,0,0,0,0,0,0,1,0,1,1,1,0,1,0,0,1
vk.com,0,0,1,1,0,0,0,0,0,0,0,0,0,0,0,0,1
outrageous.rrr-ranch.com,0,0,1,1,0,0,0,1,0,1,1,1,0,0,0,0,1
registrobnwebplataforma.com,0,0,0,0,0,0,0,0,0,1,1,1,0,0,1,0,1
danticlantern.co.za,0,0,0,4,0,0,0,0,0,1,1,1,0,0,0,0,1
zarinakhan.net,0,0,1,4,0,0,0,0,0,1,1,1,0,0,0,1,1
kbimperial.com,0,0,1,2,0,0,0,0,0,1,1,1,0,0,0,1,1
inner-nuance-269123.ue.r.appspot.com,0,0,1,1,0,0,0,1,0,1,1,1,0,0,0,0,1
imed2309.com,0,0,1,6,0,0,0,0,0,1,1,1,0,0,0,0,1
ahsanfeeds.com,0,0,1,5,0,0,0,0,0,1,1,1,0,0,0,0,1
senka.com.tr,0,0,1,2,0,0,0,0,0,1,1,1,0,0,0,0,1
pay.pwbook.ir,0,0,1,5,0,0,0,0,0,1,1,1,0,0,0,0,1
debbyfoodshop.com,0,0,1,5,0,0,0,0,0,1,1,1,1,0,0,0,1
steamcoummunity.gq,0,0,0,3,0,0,0,0,1,1,1,1,0,0,0,0,1
poczta-polska247.com,0,0,0,0,0,0,0,1,0,1,1,1,0,0,0,1,1
edu-canet2.web.app,0,0,0,0,0,0,0,1,0,1,1,1,1,0,0,1,1
columbiaps-my.sharepoint.com,0,0,1,5,0,0,0,1,0,1,1,1,0,0,0,1,1
video18.dns04.com,0,0,0,0,0,0,0,0,0,1,1,1,0,1,0,1,1
www.pd-iskra-lj.si,0,0,1,3,0,0,0,1,0,1,1,1,0,0,0,1,1
cazanele-dunarii.ro,0,0,1,5,0,0,0,1,0,1,1,1,1,1,0,0,1
equilandia.sk,0,0,0,3,0,0,0,0,0,1,1,1,0,0,0,0,1
www.coperbyte.co.in,0,0,1,5,0,0,0,0,0,1,1,1,0,0,0,0,1
myozhost.com,0,0,0,2,0,0,0,0,0,1,1,1,0,0,0,0,1
wallieget.com,0,0,0,3,0,0,0,0,0,1,1,1,0,0,0,0,1
bussfor.com,0,0,1,3,0,0,0,0,0,1,1,1,0,0,0,0,1
faridabadeducationcouncil.com,0,0,1,3,0,0,0,0,0,1,1,1,1,0,1,0,1
produto-semanal.com,0,0,0,2,0,0,0,1,0,1,1,1,0,0,1,0,1
palamdwarkadurgapoojasamiti.com,0,0,1,4,0,0,0,0,0,1,1,1,1,0,0,0,1
voisarov.ru,0,0,1,5,0,0,0,0,0,1,1,1,0,0,0,0,1
www.zohard.com,0,0,1,8,0,0,0,0,0,1,1,1,1,0,0,0,1
doctorslepchuk.ru,0,0,0,2,0,0,0,0,0,1,1,1,0,0,1,0,1
regina.ninetendev.com,0,0,0,3,0,0,0,0,0,1,1,1,0,0,0,0,1
firebasestorage.googleapis.com,0,0,1,5,0,0,0,0,0,1,1,1,0,0,0,0,1
sirdarnell.org,0,0,1,3,0,0,0,0,0,1,1,1,1,0,0,0,1
cybergata.com,0,1,1,2,0,0,0,0,0,1,1,1,0,0,0,0,1
travisusd-my.sharepoint.com,0,0,1,5,0,0,0,1,0,1,1,1,0,0,1,0,1
paypalp.ontraport.com,0,0,1,12,0,0,0,0,0,1,1,1,1,0,0,0,1
www.feitoparavoce-digital.com,0,0,0,0,0,0,0,1,0,1,1,1,0,0,0,0,1
financehead.com,0,0,0,2,0,0,0,0,0,1,1,1,0,0,0,0,1
topekalodging.org,0,0,0,2,0,0,0,0,0,1,1,1,0,0,0,0,1
www.hotelmontiazzurri.com,0,0,0,2,0,0,0,0,0,1,1,1,0,0,0,0,1
danilic.com,0,0,0,3,0,0,0,0,0,1,1,1,0,0,0,0,1
www.livingwagenyc.org,0,0,1,4,0,0,0,0,0,1,1,1,0,0,0,0,1
services.runescape.com-zx.ru,0,0,1,2,0,0,0,1,0,1,1,1,0,1,0,0,1
hitsem.com,0,0,1,1,0,0,0,0,0,1,1,1,0,0,1,0,1
itcitymm.com,0,0,1,5,0,0,0,0,0,1,1,1,0,0,0,0,1
docs.google.com,0,0,1,5,0,0,0,0,0,0,0,0,1,0,0,0,1
yourfitnesscorner.com,0,0,1,9,0,0,0,0,0,1,1,1,0,0,0,0,1
fr-postalecompte.com,0,0,1,4,0,0,0,1,0,1,1,1,0,0,0,0,1
art-sticker.fr,0,0,1,5,0,0,0,1,0,1,1,1,0,0,0,0,1
segurana.my-free.website,0,0,0,0,0,0,0,1,0,1,1,1,0,0,0,1,1
www.alteodolcini.com,0,0,0,4,0,0,0,0,0,1,1,1,0,0,0,0,1
www.toancaupumps.com,0,0,0,2,0,0,0,0,0,1,1,1,0,1,0,1,1
durstewitz-eshops.de,0,0,1,2,0,0,0,1,0,1,1,1,0,1,0,0,1
espaceclientv1.fr,0,0,1,5,0,0,0,0,0,1,1,1,0,0,0,0,1
kappaross.beget.tech,0,0,0,0,0,0,0,0,0,1,1,1,0,0,1,1,1
yo.soylegal.es,0,0,1,4,0,0,0,0,0,1,1,1,0,0,0,0,1
smsorangesmsmessage.myfreesites.net,0,0,0,0,0,0,0,0,0,1,1,1,0,0,0,1,1
promocaodescontao.com,0,0,0,1,0,0,0,0,0,1,1,1,0,0,0,0,1
worldfreestuff.icu,0,0,1,2,0,0,0,0,0,1,1,1,0,0,0,1,1
bethesdaalur.org,0,0,0,3,0,0,0,0,0,1,1,1,0,0,1,0,1
onemillionsolutionsinhealth.net,0,0,1,3,0,0,0,0,0,1,1,1,0,0,0,0,1
yopihandrianto.net,0,0,0,1,0,0,0,0,0,1,1,1,1,0,1,0,1
enigreen.net,0,0,1,3,0,0,0,0,0,1,1,1,0,1,0,0,1
gaughrith.com,0,1,1,6,0,0,0,0,0,1,1,1,0,1,1,0,1
am-t.by,0,0,1,5,0,0,0,1,0,1,1,1,0,0,0,0,1
smarteconomy.rs,0,0,0,2,0,0,0,0,0,1,1,1,1,0,0,0,1
pembangunankepri.com,0,0,1,6,0,0,0,0,0,1,1,1,0,0,0,0,1
www.ebay.co.uk.ektabhattacharya.com,0,0,1,2,0,0,0,0,0,1,1,1,0,0,0,0,1
apple.com.soportebuscar.com,0,0,0,0,0,0,0,0,0,1,1,1,0,0,0,0,1
165.227.4.30,1,0,0,2,0,0,0,0,0,1,1,1,1,0,0,0,1
c1511482.ferozo.com,0,0,0,4,0,0,0,0,0,1,1,1,0,0,0,0,1
intercheducts.com,0,0,0,2,0,0,0,0,0,1,1,1,0,0,1,0,1
cheaproomsvalencia.com,0,0,1,5,0,0,0,0,0,1,1,1,0,0,0,0,1
www.cachesistemas.com.br,0,0,0,2,0,0,0,0,0,1,1,1,1,0,0,1,1
zohard.com,0,0,1,8,0,0,0,0,0,1,1,1,0,0,0,1,1
cheaproomsvalencia.com,0,0,1,5,0,0,0,0,0,1,1,1,1,0,0,0,1
j3060z7403.codesandbox.io,0,0,0,1,0,0,0,0,0,1,1,1,0,0,0,0,1
locked.appleid.apple.com.services-and-support.com,0,0,1,0,0,0,0,1,0,1,1,1,0,0,1,0,1
extrategika.com,0,0,1,4,0,0,0,0,0,1,1,1,0,0,0,0,1
www.71zhuan.com,0,1,1,1,0,0,0,0,0,1,1,1,0,0,0,0,1
mvkoptfree.byethost5.com,0,0,0,0,0,0,0,0,0,1,1,1,0,0,0,1,1
resolvemyaccount-paypal.casacam.net,0,0,0,2,0,0,0,1,0,1,1,1,0,0,0,0,1
account-amazn.com,0,0,0,1,0,0,0,1,0,1,1,1,0,0,0,0,1
najibafaiz.art,0,0,0,3,0,0,0,0,0,1,1,1,0,0,0,0,1
www.ulinks.fr,0,0,0,1,0,0,0,0,0,1,1,1,0,0,0,0,1
paypal-helps-seller-ebay.gitlab.io,0,0,1,1,0,0,0,1,0,1,1,1,0,1,0,0,1
jrgm.com.mx,0,0,0,1,0,0,0,0,0,1,1,1,0,0,0,0,1
www.bunkofamerica.com,0,0,0,0,0,0,0,0,0,1,1,1,0,0,0,0,1
m5wx.com,0,0,1,6,0,0,0,0,0,1,1,1,0,0,1,1,1
afrikmania.weloobe.com,0,0,0,1,0,0,0,0,0,1,1,1,0,0,0,0,1
bitskinsz.com,0,0,1,2,1,0,0,0,0,1,1,1,1,0,0,0,1
vertulounge.com,0,0,0,2,0,0,0,0,0,1,1,1,0,0,1,0,1
elkriverbiz.sharepoint.com,0,0,1,3,0,0,0,0,0,1,1,1,0,0,0,0,1
argag.com,0,0,0,2,0,0,0,0,0,1,1,1,1,0,0,0,1
drive.google.com,0,0,1,4,0,0,0,0,0,0,0,0,0,0,0,0,1
daryasuites.ca,0,0,1,4,0,0,0,0,0,1,1,1,0,0,0,1,1
app44666604777.blogspot.com,0,0,0,0,0,0,0,0,0,1,1,1,0,0,0,1,1
rightechfabs-my.sharepoint.com,0,0,1,4,0,0,0,1,0,1,1,1,0,0,0,0,1
www.alasbah.com,0,0,1,7,0,0,0,0,0,1,1,1,0,1,1,0,1
livraisonspeed1998.cloudaccess.host,0,0,1,2,0,0,0,0,0,1,1,1,0,0,0,0,1
torentor.ru,0,0,0,1,0,0,0,0,0,1,1,1,0,0,0,0,1
onedrive.live.com,0,0,1,1,0,0,0,0,0,0,0,0,0,0,0,0,1
greenwaycycles.co.uk,0,0,1,3,0,0,0,0,0,1,1,1,0,0,0,0,1
marufulislam.com,0,0,0,2,0,0,0,0,0,1,1,1,0,0,0,0,1
po.do,0,0,0,1,0,0,0,0,0,1,1,1,0,0,0,0,1
4ktvmagazineluiza.tftpd.net,0,0,1,3,0,0,0,0,0,1,1,1,0,0,0,0,1
luminatti.com,0,0,0,2,0,0,0,0,0,1,1,1,0,0,0,0,1
thapthan.ac.th,0,0,1,5,0,0,0,0,0,1,1,1,0,0,1,0,1
www.sunoffer.club,0,0,0,2,0,0,0,0,0,1,1,1,0,0,0,1,1
candlesgarden.com,0,0,1,6,0,0,0,0,0,1,1,1,0,0,0,0,1
vensyemall.com,0,0,1,6,0,0,0,0,0,1,1,1,0,0,0,0,1
setsi.ph,0,0,0,2,0,0,0,0,0,1,1,1,0,1,0,1,1
hackgroup.byethost3.com,0,0,0,0,0,0,0,0,0,1,1,1,0,0,0,0,1
www.saatsaat.com,0,0,0,1,0,0,0,0,0,1,1,1,0,0,0,1,1
53.com-id3105365.thoughtoholics.net,0,0,1,2,0,0,0,1,0,1,1,1,0,0,0,1,1
creativechigz.co.zw,0,1,1,3,0,0,0,0,0,1,1,1,0,0,0,0,1
ij.ij-aruba.com,0,0,0,1,0,0,0,1,0,1,1,1,0,0,1,1,1
drive.google.com,0,0,1,1,0,0,0,0,0,0,0,0,0,0,0,0,1
latemporera.com,0,0,0,1,0,0,0,0,0,1,1,1,0,0,0,0,1
southcountyclassified.com,0,0,1,5,0,0,0,0,0,1,1,1,0,0,0,1,1
boanetbank.com,0,0,0,2,0,0,0,0,0,1,1,1,0,0,0,0,1
tallertupuntocell.com,0,0,1,3,0,0,0,0,0,1,1,1,0,0,0,0,1
www.easybuy297.top,0,0,1,1,0,0,0,0,1,1,1,1,0,0,0,0,1
astralisc.pp.ua,0,0,0,0,0,0,0,0,0,1,1,1,0,0,0,0,1
wausaueats.com,0,0,0,2,0,0,0,0,0,1,1,1,1,0,0,0,1
view.fdlheatpumps.co.uk,0,0,1,1,0,0,0,0,0,1,1,1,0,0,0,1,1
secure.runescape.com-zx.ru,0,0,1,2,0,0,0,1,0,1,1,1,0,0,1,0,1
verfiayiosnmer.com,0,0,1,2,0,0,0,0,0,1,1,1,0,0,0,0,1
livestudentccc-my.sharepoint.com,0,0,1,5,0,0,0,1,0,1,1,1,1,0,0,0,1
nebojsega.com,0,0,0,1,0,0,0,0,0,1,1,1,0,0,0,0,1
regiscoyne.com,0,0,1,1,0,0,0,0,0,1,1,1,0,0,0,0,1
toaletaeco.ro,0,0,0,1,0,0,0,0,0,1,1,1,0,1,1,0,1
betasus312.blogspot.com,0,0,0,0,0,0,0,0,0,1,1,1,0,0,0,0,1
handle.booktobi.com,0,0,0,2,0,0,0,0,0,1,1,1,0,0,0,1,1
www.verificacaoitau.com,0,0,0,1,0,0,0,0,0,1,1,1,0,0,0,0,1
www.tullipanhomes.com.au,0,0,1,2,0,0,0,0,0,1,1,1,0,0,0,0,1
153284594738391.statictab.com,0,0,1,1,0,0,0,0,0,1,1,1,0,0,0,0,1
www.mynewsingle.com,0,0,1,6,0,0,0,0,0,1,1,1,0,1,0,1,1
www.surfacespa.com,0,0,0,1,0,0,0,0,0,1,1,1,0,0,0,0,1
secure.counterpath.com,0,0,0,3,0,0,0,0,0,1,1,1,0,0,0,0,1
bamnola.com,0,0,0,2,0,0,0,0,0,1,1,1,0,0,0,0,1
myozhost.com,0,0,0,2,0,0,0,0,0,1,1,1,0,0,0,0,1
e-donusum.vbt.com.tr,0,0,1,1,0,0,0,1,0,1,1,1,0,0,0,1,1
mobille-app-hiper.xyz,0,0,0,1,0,0,0,1,1,1,1,1,1,0,0,0,1
lovelouisa.org,0,0,1,6,0,0,0,0,0,1,1,1,0,0,0,0,1
www.tik.info.pl,0,0,1,8,0,0,0,0,0,1,1,1,0,1,0,1,1
email.comcast.lepanto.mobi,0,0,1,2,0,0,0,0,0,1,1,1,0,0,0,0,1
conasevi.gob.sv,0,0,0,1,0,0,0,0,0,1,1,1,0,0,0,0,1
enigreen.net,0,0,1,4,0,0,0,0,0,1,1,1,0,0,0,0,1
paypal.com.0.confirmation.account-security.7741d16fef9571be97716a958700fe4d7741d16fef9571be97716a958700f.3233.privado.info,0,0,1,0,0,0,0,1,0,1,1,1,0,0,1,0,1
crcse.com,0,0,1,6,0,0,0,0,0,1,1,1,0,0,0,1,1
birrasalentoshop.it,0,0,1,6,0,0,0,0,0,1,1,1,0,0,0,1,1
ftp.kreijkesafbouw.nl,0,0,1,2,0,0,0,0,0,1,1,1,0,1,0,1,1
vk0ntakto3.webservis.ru,0,0,0,0,0,0,0,0,0,1,1,1,1,0,0,0,1
35.188.36.185,1,0,1,4,0,0,0,0,0,1,1,1,1,0,0,0,1
touchbase.tools,0,0,0,1,0,0,0,0,0,1,1,1,0,0,0,0,1
snapchat.accounts.crimsonmart.com,0,0,0,1,0,0,0,0,0,1,1,1,0,0,0,0,1
update.troyvanspanje.com,0,0,1,1,0,0,0,0,0,1,1,1,0,0,0,1,1
www.thatsmint.work,0,0,0,2,0,0,0,0,0,1,1,1,0,0,0,0,1
www.turkmcse.com,0,0,0,2,0,0,0,0,0,1,1,1,1,0,0,0,1
dptc.lunchtimesport.com,0,0,1,1,0,0,0,0,0,1,1,1,0,0,0,0,1
rs3-mobile.eu,0,0,1,2,0,0,0,1,0,1,1,1,0,1,0,0,1
decompress323.ga,0,0,1,2,0,0,0,0,1,1,1,1,0,0,1,1,1
missionpick.com,0,0,1,4,0,0,0,0,0,1,1,1,0,0,0,0,1
playarprint.com,0,0,1,2,0,0,0,0,0,1,1,1,1,0,0,0,1
www.kreativekidsbooks.com,0,0,0,1,0,0,0,0,0,1,1,1,0,0,1,1,1
medokofo.ml,0,0,1,4,0,0,0,0,1,1,1,1,0,0,0,0,1
bit-urls.com,0,0,0,1,0,0,0,1,0,1,1,1,1,0,0,1,1
51jianli.cn,0,0,1,1,0,0,0,0,0,1,1,1,0,0,0,0,1
www.vertulounge.com,0,0,0,2,0,0,0,0,0,1,1,1,1,0,0,0,1
www84.presentes-promocoes-premier.com,0,0,1,6,0,0,0,1,0,1,1,1,0,0,0,0,1
hickamfcu.payrolldeposit.org,0,0,0,0,0,0,0,0,0,1,1,1,0,0,0,0,1
u707453pis.ha004.t.justns.ru,0,0,0,3,0,0,0,0,0,1,1,1,0,0,0,0,1
barclaysco.com,0,1,1,4,0,0,0,0,0,1,1,1,1,0,0,0,1
zbyk.drl.pl,0,0,0,1,0,0,0,0,0,1,1,1,0,0,1,1,1
bpl.kr,0,0,0,1,0,0,0,0,0,1,1,1,0,1,0,0,1
email302.com,0,0,1,6,0,0,0,0,0,1,1,1,0,0,0,0,1
hindmovie.cc,0,0,0,0,0,0,0,0,0,1,1,1,0,1,0,0,1
cazanele-dunarii.ro,0,1,1,6,0,0,0,1,0,1,1,1,1,0,0,0,1
eliotecae-my.sharepoint.com,0,0,1,5,0,0,0,1,0,1,1,1,0,0,0,0,1
livestudentccc-my.sharepoint.com,0,0,1,5,0,0,0,1,0,1,1,1,0,0,0,1,1
firebasestorage.googleapis.com,0,1,1,5,0,0,0,0,0,1,1,1,0,0,0,0,1
southyang-jp.top,0,1,1,4,0,0,0,1,1,1,1,1,1,0,0,1,1
jaggaauto.com,0,0,0,1,0,0,0,0,0,1,1,1,0,0,0,0,1
joankaslaan.com,0,0,0,1,0,0,0,0,0,1,1,1,1,0,0,0,1
staffandfaculty.my-free.website,0,0,0,0,0,0,0,1,0,1,1,1,0,0,0,1,1
santaremplay.com.br,0,0,0,2,0,0,0,0,0,1,1,1,0,0,0,0,1
sinarbaruperkasa.com,0,0,1,2,0,0,0,0,0,1,1,1,0,0,0,0,1
stokeharvester.com,0,0,0,1,0,0,0,0,0,1,1,1,0,1,0,0,1
izzylogz.nn.r.appspot.com,0,0,0,1,0,0,0,0,0,1,1,1,0,0,0,0,1
regiscoyne.com,0,0,1,1,0,0,0,0,0,1,1,1,0,0,0,0,1
wdestaques14.modelodeaproveitar.com,0,0,1,5,0,0,0,0,0,1,1,1,0,0,0,0,1
78.143.96.35,1,0,1,3,0,0,0,0,0,1,1,1,0,0,0,0,1
ducks.pt,0,0,0,2,0,0,0,0,0,1,1,1,0,0,0,0,1
donotstayhere.reportforums.club,0,0,0,0,0,0,0,0,0,1,1,1,1,0,0,1,1
39383980492132-my.sharepoint.com,0,0,1,5,0,0,0,1,0,1,1,1,0,0,0,0,1
ame-perto-de-voce.com,0,0,1,2,0,0,0,1,0,1,1,1,0,1,1,1,1
www.venue-hire.net.au,0,0,0,3,0,0,0,1,0,1,1,1,0,0,0,0,1
orange.fr-assurance.ga,0,0,1,2,0,0,0,1,1,1,1,1,0,0,0,0,1
ad69e733ebae8d264bccaa38d68830e8.webredirect.org,0,0,1,1,0,0,0,0,0,1,1,1,1,1,0,0,1
40.84.225.234,1,0,0,1,0,0,0,0,0,1,1,1,1,0,0,1,1
www.ziboleq.com,0,0,0,2,0,0,0,0,0,1,1,1,0,0,0,0,1
lowmanids.buzz,0,0,1,5,0,0,0,0,0,1,1,1,0,0,0,1,1
bologna.babyloweb.eu,0,0,0,1,0,0,0,0,0,1,1,1,0,0,1,0,1
www.sunburstmedia.com,0,0,1,4,0,0,0,0,0,1,1,1,0,0,0,0,1
www.alps-mfg.com,0,0,1,3,0,0,0,1,0,1,1,1,1,0,0,1,1
www.yoho.com.tw,0,0,1,3,0,0,0,0,0,1,1,1,0,0,0,1,1
storage.googleapis.com,0,0,1,2,0,0,0,0,0,1,1,1,0,0,0,0,1
jokes4ever.com,0,0,1,2,0,0,0,0,0,1,1,1,0,0,1,0,1
smprintingpress.com,0,1,1,2,0,0,0,0,0,1,1,1,0,0,1,0,1
mail2.mclink.it,0,0,1,6,0,0,0,0,0,1,1,1,0,0,0,0,1
remycare.com,0,0,1,1,0,0,0,0,0,1,1,1,0,0,0,0,1
balancasvilaarens.com.br,0,0,1,4,0,0,0,0,0,1,1,1,0,1,1,0,1
theatrelacbrome.ca,0,0,1,3,0,0,0,0,0,1,1,1,0,0,0,0,1
accurate-engineers.in,0,0,1,3,0,0,0,1,0,1,1,1,0,0,0,1,1
malerikonservator.se,0,0,1,4,0,0,0,0,0,1,1,1,0,0,0,0,1
espaceclientv1.fr,0,0,1,5,0,0,0,0,0,1,1,1,0,0,1,0,1
shutheatrearts.org,0,0,0,3,0,0,0,0,0,1,1,1,0,0,0,0,1
www.allegro.secfence.lesavik.net,0,0,0,0,0,0,0,0,0,1,1,1,0,0,0,1,1
m5wx.com,0,0,1,7,0,0,0,0,0,1,1,1,0,0,1,0,1
www.pcsvet.si,0,0,1,8,0,0,0,0,0,1,1,1,0,0,0,1,1
www.meljackson.net,0,0,1,2,0,0,0,0,0,1,1,1,0,0,0,0,1
pyvn.be,0,0,1,2,0,0,0,0,0,1,1,1,0,0,0,0,1
www.nhc2020.com,0,0,0,3,0,0,0,0,0,1,1,1,0,0,0,0,1
www.photos-restoration.com,0,0,1,7,0,0,0,1,0,1,1,1,0,0,0,0,1
blackoutblur.buzz,0,0,0,2,0,0,0,0,0,1,1,1,0,0,0,0,1
trocarponto.com,0,0,0,0,0,0,0,0,0,1,1,1,0,0,0,0,1
notarius24.biz,0,0,1,8,0,0,0,0,0,1,1,1,0,0,0,0,1
datelsolutions.co.uk,0,0,0,2,0,0,0,0,0,1,1,1,0,0,0,0,1
www.sunoffer.club,0,0,1,4,0,0,0,0,0,1,1,1,0,0,0,0,1
foxlap.com,0,0,1,6,0,0,0,0,0,1,1,1,0,0,0,0,1
www.shibamicomzeminet.nckitennis.gdn,0,0,0,0,0,0,0,0,0,1,1,1,0,0,0,0,1
rustyroll.net,0,0,1,1,0,0,0,0,0,1,1,1,0,0,0,0,1
handsonbeautysalon.co.uk,0,0,0,2,0,0,0,0,0,1,1,1,1,0,0,1,1
venturegroupit.com,0,0,1,3,0,0,0,0,0,1,1,1,0,0,0,0,1
liderfmtocos.website.radio.br,0,0,1,7,0,0,0,0,0,1,1,1,1,0,0,0,1
drive.google.com,0,0,1,4,0,0,0,0,0,0,0,0,0,0,0,0,1
ewi.my.salesforce.com,0,0,1,5,0,0,0,0,0,0,0,0,0,0,0,0,1
dongsuh.net,0,0,1,2,0,0,0,0,0,1,1,1,1,0,1,0,1
gkjx168.com,0,0,1,1,0,0,0,0,0,1,1,1,0,0,0,0,1
fridayb2w.com,0,0,0,0,0,0,0,0,0,1,1,1,0,0,0,0,1
lucidfestival.com,0,0,1,6,0,0,0,0,0,1,1,1,0,0,1,0,1
hbtengxun.com,0,0,0,1,0,0,0,0,0,1,1,1,0,0,0,0,1
www.pedacinhodefriburgo.com.br,0,0,0,2,0,0,0,0,0,1,1,1,0,0,0,0,1
nortiainteriors.com.au,0,0,1,6,0,0,0,0,0,1,1,1,0,0,0,0,1
vayvonnhanh.org,0,0,1,11,0,0,0,0,0,1,1,1,0,0,0,0,1
authsecurepagr.ir,0,0,1,3,0,0,0,0,0,1,1,1,0,0,0,0,1
paczka-doplata.net,0,0,0,1,0,0,0,1,0,1,1,1,0,0,1,1,1
drive.google.com,0,0,1,4,0,0,0,0,0,0,0,0,0,0,0,0,1
nordichairistanbul.com,0,0,1,3,0,0,0,0,0,1,1,1,0,0,1,1,1
confirmprofileaccount.com,0,0,0,1,0,0,0,0,0,1,1,1,0,0,0,0,1
jesamondo.com,0,0,0,3,1,0,0,0,0,1,1,1,0,1,0,0,1
traktorpool.de-anfrage-id-726835.tilexhome.com,0,0,1,0,0,0,0,1,0,1,1,1,0,1,0,0,1
am-t.by,0,1,1,5,0,0,0,1,0,1,1,1,0,0,0,0,1
smiles.al-wed.com,0,0,0,1,1,0,0,1,0,1,1,1,0,0,0,0,1
ltaucard.com,0,0,0,1,0,0,0,0,0,1,1,1,1,0,0,1,1
cafecitoperez.ivanidzakovic.com,0,0,1,6,0,0,0,0,0,1,1,1,0,0,0,0,1
www.fb327-items-market46.farmerscentre.com.ng,0,0,1,0,0,0,0,1,0,1,1,1,0,0,0,1,1
kaizenpak.com,0,0,0,2,0,0,0,0,0,1,1,1,0,0,0,0,1
tk.worldtreeyoga.org,0,0,0,1,0,0,0,0,0,1,1,1,1,0,0,0,1
docs.google.com,0,0,1,5,0,0,0,0,0,0,0,0,1,1,1,0,1
mail.ttontwerp.nl,0,0,0,2,0,0,0,0,0,1,1,1,0,0,0,0,1
jivecomunicacoes.com.br,0,0,0,2,0,0,0,0,0,1,1,1,0,0,0,0,1
icloud.com.support-careplus.com,0,0,1,0,0,0,0,1,0,1,1,1,0,0,0,0,1
www.azosimoveis.com,0,0,1,2,0,0,0,0,0,1,1,1,0,0,1,0,1
southernpacker.co.in,0,0,0,2,0,0,0,0,0,1,1,1,1,0,0,0,1
thewaytomakemoney.com,0,0,0,1,0,0,0,0,0,1,1,1,0,0,0,0,1
www.alpha-mail-server3.ns01.info,0,0,1,1,0,0,0,1,0,1,1,1,0,0,0,0,1
extroloil.com,0,0,0,2,0,0,0,0,0,1,1,1,0,0,0,0,1
financialone.com.hk,0,0,1,5,0,0,0,0,0,1,1,1,1,0,1,0,1
cracksbot.com,0,0,0,3,0,0,0,0,0,1,1,1,0,0,0,0,1
www.okwok.co.kr,0,0,1,10,0,0,0,0,0,1,1,1,1,1,1,0,1
drive.google.com,0,0,1,4,0,0,0,0,0,0,0,0,0,0,1,0,1
findngrow.com,0,0,1,6,0,0,0,0,0,1,1,1,1,1,0,0,1
click.email.microsoftemail.com,0,0,1,0,0,0,0,0,0,1,1,1,1,0,0,0,1
www.thelogodept.com,0,0,1,4,0,0,0,0,0,1,1,1,0,0,0,1,1
www.alpha-mail-server3.ns01.info,0,0,1,2,0,0,0,1,0,1,1,1,0,0,0,0,1
www.eljabalidemula.com,0,0,0,1,0,0,0,0,0,1,1,1,0,0,0,0,1
tik.info.pl,0,0,1,8,0,0,0,0,0,1,1,1,0,1,0,0,1
www.wezcollege.edu.pe,0,0,1,3,0,0,0,0,0,1,1,1,0,0,0,1,1
doomcup.info,0,0,0,0,0,0,0,0,0,1,1,1,0,0,0,0,1
o3clean.com.co,0,0,0,2,0,0,0,0,0,1,1,1,1,0,0,0,1
www.readysteadyprint.com.au,0,0,1,2,0,0,0,0,0,1,1,1,0,0,0,0,1
shabx.focuspointdesign.com,0,0,1,1,0,0,0,0,0,1,1,1,0,1,0,0,1
htl.li,0,0,0,1,0,0,0,0,0,1,1,1,0,0,1,1,1
bechemical.net,0,0,0,3,0,0,0,0,0,1,1,1,0,1,1,0,1
perchatki36.ru,0,0,1,4,0,0,0,0,0,1,1,1,0,0,0,1,1
www.ime.uff.br,0,0,1,8,0,0,0,0,0,1,1,1,0,0,0,1,1
storage.googleapis.com,0,0,1,3,0,0,0,0,0,1,1,1,0,0,0,0,1
magictriminc.com,0,0,1,10,0,0,0,0,0,1,1,1,0,0,0,0,1
countfund.com,0,0,0,2,0,0,0,0,0,1,1,1,0,0,0,1,1
alminarensemble.cl,0,0,0,2,0,0,0,0,0,1,1,1,0,0,0,0,1
getlikesfree.com,0,0,0,0,0,0,0,0,0,1,1,1,1,0,0,0,1
secure.runescape.rs-p.xyz,0,0,1,2,0,0,0,1,1,1,1,1,0,0,0,0,1
demand-delivery-275522.df.r.appspot.com,0,0,0,0,0,0,0,1,0,1,1,1,0,0,0,0,1
raiffeisenonlline.com,0,0,0,2,0,0,0,0,0,1,1,1,0,0,0,0,1
bcpzonasegurabeta-viabcp-com.northerncomcap.com,0,0,1,2,0,0,0,1,0,1,1,1,0,0,1,0,1
www.facturation90range.com,0,0,0,1,0,0,0,0,0,1,1,1,0,0,0,0,1
cciottawa050-my.sharepoint.com,0,0,1,5,0,0,0,1,0,1,1,1,0,0,0,1,1
www.itauchekinsecurity.com,0,0,1,1,0,0,0,0,0,1,1,1,0,0,0,0,1
snip.ly,0,0,0,1,0,0,0,0,0,1,1,1,0,0,0,0,1
cmphotos.es,0,0,1,5,0,0,0,0,0,1,1,1,0,0,0,0,1
theaquaticmall.com,0,0,1,5,0,0,0,0,0,1,1,1,0,1,1,1,1
engcamp.org,0,0,1,4,0,0,0,0,0,1,1,1,0,0,0,0,1
rkgreany-seg3-2.kk.sopqa.arg.r.de.a2ip.ru,0,0,1,6,0,0,0,1,0,1,1,1,0,0,0,0,1
lovelouisa.org,0,0,1,6,0,0,0,0,0,1,1,1,1,0,0,0,1
quarentena-magazine.com,0,0,1,2,0,0,0,1,0,1,1,1,0,0,0,0,1
www.saadhagaparavaigal.com,0,0,1,4,0,0,0,0,0,1,1,1,0,0,0,0,1
mytanfarma.com,0,0,1,6,0,0,0,0,0,1,1,1,0,0,0,0,1
livestudentccc-my.sharepoint.com,0,0,1,5,0,0,0,1,0,1,1,1,0,0,0,0,1
stickerfree544.000webhostapp.com,0,0,0,0,0,0,0,0,1,1,1,1,1,0,0,0,1
connect.lendingcentralcoast.com,0,0,1,6,0,0,0,0,0,1,1,1,0,0,0,0,1
jppost-ami.com,0,0,0,1,0,0,0,1,0,1,1,1,0,0,0,0,1
ghyjgyftsd.opmtd.cn,0,0,0,0,0,0,0,0,0,1,1,1,0,1,0,0,1
taijishentie.com,0,0,1,2,0,0,0,0,0,1,1,1,0,0,0,0,1
thetouchrealms.com,0,0,0,2,0,0,0,0,0,1,1,1,1,0,0,0,1
www.franktechnik.com,0,0,1,1,0,0,0,0,0,1,1,1,0,0,0,1,1
staging.theelegantyou.com,0,0,1,4,0,0,0,0,0,1,1,1,1,0,1,0,1
stolizaparketa.ru,0,1,1,7,0,0,0,0,0,1,1,1,1,0,1,1,1
secure.runescape.com-rsgames.xyz,0,0,0,0,0,0,0,1,1,1,1,1,0,0,1,1,1
secure.runescape.com-rsm.me,0,0,1,2,0,0,0,1,0,1,1,1,0,0,0,1,1
uxohd.app.link,0,0,0,1,0,0,0,0,0,1,1,1,0,0,1,0,1
atendimento-sac-pg.joomla.com,0,0,1,3,0,0,0,1,0,1,1,1,0,0,0,1,1
joingrubwhatsapp2020new.zzux.com,0,0,0,0,0,0,0,0,0,1,1,1,0,0,1,0,1
excelcarela.org,0,0,1,6,0,0,0,0,0,1,1,1,0,0,0,1,1
physics.uctm.edu,0,0,1,6,0,0,0,0,0,1,1,1,0,0,0,0,1
kanakapolymers.com,0,0,1,5,0,0,0,0,0,1,1,1,0,0,0,0,1
anon.to,0,0,0,1,0,0,0,0,0,1,1,1,0,0,0,0,1
chatwhatsapps.ooguy.com,0,0,0,0,0,0,0,0,0,1,1,1,1,0,0,1,1
ingresovirtualcr.com,0,0,0,0,0,0,0,0,0,1,1,1,0,0,0,0,1
notarius24.biz,0,0,1,8,0,0,0,0,0,1,1,1,0,0,0,0,1
domainht6.cf,0,0,1,1,0,0,0,0,1,1,1,1,0,0,0,1,1
payu.okta-emea.com,0,0,1,2,0,0,0,1,0,1,1,1,1,0,0,1,1
drive.google.com,0,0,1,4,0,0,0,0,0,0,0,0,0,0,0,1,1
createchsoft.com,0,0,0,4,0,0,0,0,0,1,1,1,0,0,0,0,1
320381dbf7cd2f31c04baa6b36e1c682.webredirect.org,0,0,1,1,0,0,0,0,0,1,1,1,0,0,0,1,1
firebasestorage.googleapis.com,0,1,1,5,0,0,0,0,0,1,1,1,0,0,0,0,1
cogimodule.com,0,0,1,7,0,0,0,0,0,1,1,1,0,0,0,1,1
paypalp.ontraport.com,0,0,1,12,0,0,0,0,0,1,1,1,0,0,0,0,1
bit.ly,0,0,0,1,0,0,1,0,0,1,1,1,1,0,1,0,1
cheaproomsvalencia.com,0,0,1,5,0,0,0,0,0,1,1,1,0,0,0,0,1
thejobnewsupdate.com,0,0,1,5,0,0,0,0,0,1,1,1,0,0,0,1,1
mailsfuca.moonfruit.com,0,0,0,0,0,0,0,0,0,1,1,1,0,0,0,0,1
acct-premierhomehealthcare-inv.org,0,0,1,3,0,0,0,1,0,1,1,1,0,0,0,0,1
www.caviarkelp.com,0,1,1,3,0,0,0,0,0,1,1,1,0,0,0,1,1
www.maxvirtude.com.br,0,0,0,2,0,0,0,0,0,1,1,1,0,1,1,1,1
xn--sparkass-i1a.connect-1412.de,0,0,1,2,0,0,0,1,0,1,1,1,0,0,0,0,1
forms.office.com,0,0,1,2,0,0,0,0,0,0,0,0,0,0,0,0,1
olampicoer.blogspot.com,0,0,0,3,0,0,0,0,0,1,1,1,0,0,0,1,1
pg-series-atendimento.joomla.com,0,0,1,3,0,0,0,1,0,1,1,1,0,0,0,0,1
betasusturkiye.blogspot.com,0,0,0,0,0,0,0,0,0,1,1,1,0,0,0,0,1
fr.imsly.com,0,0,1,2,0,0,0,0,0,1,1,1,0,0,0,1,1
strato-mail.webmail.petrocomen.com,0,0,1,2,0,0,0,1,0,1,1,1,0,0,1,0,1
almoajamgroup.com,0,0,1,4,0,0,0,0,0,1,1,1,0,0,0,0,1
br90.teste.website,0,0,1,6,0,0,0,0,0,1,1,1,0,0,0,0,1
recoveryunispot6.cf,0,0,1,1,0,0,0,0,1,1,1,1,0,0,0,0,1
www.sistemadeatualizacaautomaticoonline.tk,0,0,1,2,0,0,0,0,1,1,1,1,1,0,0,1,1
bravobeveiliging-my.sharepoint.com,0,0,1,5,0,0,0,1,0,1,1,1,1,0,1,0,1
rohtolab.com,0,0,1,9,0,0,0,0,0,1,1,1,1,0,0,0,1
www.justlookapp.com,0,0,1,7,0,0,0,0,0,1,1,1,0,0,0,0,1
han.gl,0,0,0,1,0,0,0,0,0,1,1,1,0,0,0,0,1
www.imagina.com.gt,0,0,1,6,0,0,0,0,0,1,1,1,0,0,0,1,1
www.fuertecondor.com,0,0,0,1,0,0,0,0,0,1,1,1,0,0,0,1,1
server.main.login.support.hotwills.com.au,0,0,0,0,0,0,0,0,0,1,1,1,0,0,0,0,1
storage.googleapis.com,0,0,1,2,0,0,0,0,0,1,1,1,0,0,0,0,1
ads-pg-products.joomla.com,0,0,1,3,0,0,0,1,0,1,1,1,0,1,1,0,1
haileydemarrephotography.com,0,0,1,2,0,0,0,0,0,1,1,1,0,0,0,0,1
www.facebook.com.twostartraders.com.np,0,0,0,0,0,0,0,0,0,1,1,1,0,1,1,0,1
mnnxd.app.link,0,0,0,1,0,0,0,0,0,1,1,1,0,0,0,1,1
www.turkmcse.com,0,0,0,2,0,0,0,0,0,1,1,1,0,0,0,0,1
seg-dispositivo.com,0,0,0,1,0,0,0,1,0,1,1,1,0,0,0,0,1
andrewcarr.org,0,0,1,5,0,0,0,0,0,1,1,1,0,0,0,1,1
bclo.com.co,0,0,0,1,0,0,0,0,0,1,1,1,0,0,0,1,1
laneapalooza.info,0,0,0,1,0,0,0,0,0,1,1,1,0,0,0,0,1
www.theingredients.net,0,0,1,2,0,0,0,0,0,1,1,1,1,0,0,0,1
162.0.228.57,1,0,0,2,0,0,0,0,0,1,1,1,1,0,0,0,1
ganhar.giftgratis.online,0,0,0,0,0,0,0,0,0,1,1,1,1,0,0,1,1
firebasestorage.googleapis.com,0,1,1,5,0,0,0,0,0,1,1,1,0,0,0,0,1
baleshwerbabaonline.com,0,0,1,7,0,0,0,0,0,1,1,1,0,0,0,0,1
regiscoyne.com,0,0,1,1,0,0,0,0,0,1,1,1,0,0,0,0,1
mail.tik.info.pl,0,0,1,9,0,0,0,0,0,1,1,1,0,1,1,0,1
nowskins.com,0,0,0,2,0,0,0,0,0,1,1,1,1,0,0,0,1
script.google.com,0,0,1,4,0,0,0,0,0,0,0,0,0,0,0,0,1
ec2-3-82-210-25.compute-1.amazonaws.com,0,0,1,1,0,0,0,1,0,1,1,1,0,0,0,1,1
www.stolizaparketa.ru,0,1,1,7,0,0,0,0,0,1,1,1,0,0,0,1,1
hellosilk.com,0,0,0,1,0,0,0,0,0,1,1,1,0,0,0,1,1
www.gesical.com,0,0,0,3,0,0,0,0,0,1,1,1,0,0,1,0,1
nordichairistanbul.com,0,0,1,3,0,0,0,0,0,1,1,1,0,0,0,1,1
coxadminhometeam.moonfruit.com,0,0,0,0,0,0,0,0,0,1,1,1,0,0,0,0,1
www.thelogodept.com,0,0,1,4,0,0,0,0,0,1,1,1,1,0,0,0,1
kenovel.store,0,0,0,2,0,0,0,0,0,1,1,1,0,0,0,0,1
yddgh.aiquna.com.cn,0,0,0,0,0,0,0,0,0,1,1,1,0,0,1,1,1
www.tptelecom.it,0,0,1,9,0,0,0,0,0,1,1,1,0,0,0,1,1
docs.google.com,0,0,1,5,0,0,0,0,0,0,0,0,0,0,0,0,1
locksmail.com,0,0,1,6,0,0,0,0,0,1,1,1,0,0,0,0,1
pontosacumulou.redirectme.net,0,0,1,1,0,0,0,0,0,1,1,1,0,0,0,1,1
lonestarsanitation.com,0,0,1,7,0,0,0,0,0,1,1,1,1,1,0,0,1
www.amazon.co.jp.zoan.shop,0,0,0,0,0,0,0,0,0,1,1,1,0,0,0,0,1
www.zjgsyds.cn,0,0,1,1,1,0,0,0,0,1,1,1,1,0,0,0,1
stolizaparketa.ru,0,1,1,7,0,0,0,0,0,1,1,1,0,1,0,0,1
volume91.com,0,1,1,1,0,0,0,0,0,1,1,1,0,0,0,0,1
orientationinlaws.com,0,0,1,3,0,0,0,0,0,1,1,1,0,0,0,0,1
s1577556206.t.en25.com,0,0,1,2,0,0,0,0,0,1,1,1,0,0,0,0,1
colegiosanmiguel.cl,0,0,0,4,0,0,0,0,0,1,1,1,1,0,0,0,1
urbanmeisters.ovh,0,0,1,6,0,0,0,0,0,1,1,1,0,1,0,0,1
www.caribconnectlaw.com,0,0,1,5,0,0,0,0,0,1,1,1,0,0,1,1,1
www.nuanciel.net,0,0,0,3,0,0,0,0,0,1,1,1,0,0,0,0,1
www.smediamap.youthpress.org,0,0,0,2,0,0,0,0,0,1,1,1,0,0,0,0,1
live-microsoft.dns.army,0,0,0,2,0,0,0,1,0,1,1,1,0,0,0,0,1
ceramikaczary.pl,0,0,0,3,0,0,0,0,0,1,1,1,0,0,0,0,1
wdestaques13.amesucessodeofertas-20.com,0,0,1,5,0,0,0,1,0,1,1,1,0,0,0,0,1
www.kisa.link,0,0,0,1,0,0,0,0,0,1,1,1,0,0,1,0,1
mazdank9.beget.tech,0,0,0,0,0,0,0,0,0,1,1,1,1,0,0,0,1
webmailgobcom.creatorlink.net,0,0,0,0,0,0,0,0,0,1,1,1,0,0,1,0,1
3965207478e6a58f7c87af5d49a0c165.webredirect.org,0,0,1,2,0,0,0,0,0,1,1,1,0,0,1,0,1
theingredients.net,0,0,0,2,0,0,0,0,0,1,1,1,0,1,0,1,1
forms.gle,0,0,0,1,0,0,0,0,0,1,1,1,0,0,0,0,1
semanagarantidamesdasmaes.com,0,0,1,2,0,0,0,0,0,1,1,1,0,0,0,1,1
rockysite.net,0,0,0,2,0,0,0,0,0,1,1,1,0,0,0,0,1
sriutamahub.com,0,0,1,2,0,0,0,0,0,1,1,1,0,0,0,0,1
mail.stichtingarkadaspecialisten.nl,0,0,1,2,0,0,0,0,0,1,1,1,0,0,0,0,1
everestwebdevelopment.com,0,0,0,2,0,0,0,0,0,1,1,1,0,0,0,0,1
betasusgirmekicin.blogspot.com,0,0,0,0,0,0,0,0,0,1,1,1,0,0,0,0,1
docs.google.com,0,0,1,5,0,0,0,0,0,0,0,0,0,0,0,0,1
dwer.segrt.top,0,0,0,0,0,0,0,0,1,1,1,1,0,0,0,1,1
www.sc4nemzytch.universe.wf,0,0,0,2,0,0,0,0,0,1,1,1,0,0,0,1,1
prj0011.appspot.com,0,0,0,0,0,0,0,0,0,1,1,1,0,0,0,0,1
bitoex-bonuses-btc.000webhostapp.com,0,0,0,0,0,0,0,1,1,1,1,1,0,0,0,1,1
centerforsustainablehappiness.com,0,0,0,1,0,0,0,0,0,1,1,1,0,0,0,1,1
themesradar.com,0,0,1,7,0,0,0,0,0,1,1,1,0,1,0,0,1
schachkraft.de,0,0,0,3,0,0,0,0,0,1,1,1,1,0,1,0,1
hamt.jp,0,0,1,7,0,0,0,0,0,1,1,1,0,0,0,0,1
www.hitsem.com,0,0,1,1,0,0,0,0,0,1,1,1,0,0,0,0,1
albel.intnet.mu,0,0,0,1,0,0,0,0,0,1,1,1,0,0,0,0,1
christiantidings.com,0,0,1,3,0,0,0,0,0,1,1,1,0,0,0,0,1
adminazizprovider.weebly.com,0,0,0,0,0,0,0,0,0,1,1,1,0,1,0,0,1
id.aplle.com.3459030783429047239047893758934-resolve.account89247824862.id123e78624.bigoldfuture.com,0,0,1,0,0,0,0,1,0,1,1,1,0,0,1,0,1
online-suntrust-selfcare.beebreelonserv.com,0,0,1,1,0,0,0,1,0,1,1,1,0,0,0,0,1
kinstationery.com,0,1,1,2,0,0,0,0,0,1,1,1,0,0,0,0,1
locksmail.com,0,0,1,6,0,0,0,0,0,1,1,1,0,0,1,0,1
verifica-b-c-p.enlazaverifcador.com,0,0,1,1,0,0,0,1,0,1,1,1,0,0,0,0,1
bodylineequipment.com,0,0,1,3,0,0,0,0,0,1,1,1,0,0,0,0,1
taijishentie.com,0,0,1,2,1,0,0,0,0,1,1,1,0,0,1,1,1
bitly.com,0,0,0,1,0,0,1,0,0,1,1,1,0,1,0,1,1
venturegroupit.com,0,0,1,2,0,0,0,0,0,1,1,1,0,0,0,0,1
mail.beesnaturals.com,0,0,0,1,0,0,0,0,0,1,1,1,0,0,0,1,1
houdektranslations.wz.cz,0,0,1,1,1,0,0,0,0,1,1,1,0,0,0,0,1
marsold.cl,0,0,1,3,0,0,0,0,0,1,1,1,0,0,1,0,1
lnstagram.pp.ru,0,0,0,0,0,0,0,0,0,1,1,1,0,0,0,0,1
send-funds.boubit.com,0,0,0,1,0,0,0,1,0,1,1,1,0,0,1,1,1
templat65sldh.myfreesites.net,0,0,0,0,0,0,0,0,0,1,1,1,0,0,0,0,1
taijishentie.com,0,0,1,2,0,0,0,0,0,1,1,1,0,0,0,0,1
livewild.co,0,0,0,4,0,0,0,0,0,1,1,1,0,0,0,0,1
kolaseum.pl,0,0,0,0,0,0,0,0,0,1,1,1,0,0,0,0,1
cheaphostingsa.co.za,0,1,0,0,0,0,0,0,0,1,1,1,1,0,0,1,1
yourfreephoneapp.com,0,0,0,1,0,0,0,0,0,1,1,1,0,0,0,0,1
liderfmtocos.website.radio.br,0,0,1,7,0,0,0,0,0,1,1,1,0,0,0,0,1
6545678765.weebly.com,0,0,0,0,0,0,0,0,0,1,1,1,0,0,0,0,1
f.qtrip.cc,0,0,0,0,0,0,0,0,0,1,1,1,1,1,0,0,1
mondayspol.blogspot.com,0,0,0,0,0,0,0,0,0,1,1,1,0,0,0,0,1
villasakuraubud.com,0,0,1,5,0,0,0,0,0,1,1,1,0,0,0,0,1
rogerhanley.com,0,0,1,6,0,0,0,0,0,1,1,1,1,0,0,1,1
scolopendrine-harpo.000webhostapp.com,0,0,0,0,0,0,0,1,1,1,1,1,1,1,0,0,1
5000-aruba.com,0,0,0,1,0,0,0,1,0,1,1,1,0,1,0,1,1
jlgraphic.fr,0,0,0,3,0,0,0,0,0,1,1,1,0,1,0,0,1
itaucomvoce.com,0,0,0,1,0,0,0,0,0,1,1,1,0,0,0,1,1
vensyemall.com,0,0,0,6,0,0,0,0,0,1,1,1,0,0,0,0,1
www.decifra.com.br,0,0,1,3,0,0,0,0,0,1,1,1,0,0,1,0,1
microsft-suppoting.dns.army,0,0,0,2,0,0,0,1,0,1,1,1,0,0,0,0,1
linuxbtc.info,0,0,0,0,0,0,0,0,0,1,1,1,0,0,0,0,1
environaquatech.com,0,0,1,4,0,0,0,0,0,1,1,1,1,0,0,0,1
jonakurier.org,0,0,0,1,0,0,0,0,0,1,1,1,0,1,0,1,1
marmaladedigital.in,0,0,1,3,0,0,0,0,0,1,1,1,0,0,0,0,1
grupbokepkoreahot78.000webhostapp.com,0,0,1,1,0,0,0,0,1,1,1,1,1,0,0,0,1
indochina-art.ro,0,1,1,4,0,0,0,1,0,1,1,1,0,0,0,0,1
firebasestorage.googleapis.com,0,0,1,5,0,0,0,0,0,1,1,1,0,0,0,1,1
littlethingspr.com,0,0,0,3,0,0,0,0,0,1,1,1,1,0,0,0,1
eway.sm,0,0,0,2,0,0,0,0,0,1,1,1,0,1,0,0,1
www.automoves-halifax.com,0,0,0,0,0,0,0,1,0,1,1,1,1,0,0,0,1
cns-international2.com,0,0,0,1,0,0,0,1,0,1,1,1,0,0,0,0,1
kurier-payu.online,0,0,0,0,0,0,0,1,0,1,1,1,0,0,0,0,1
jycs01.typeform.com,0,0,0,2,0,0,0,0,0,1,1,1,0,1,0,0,1
lisasnatural.com,0,0,1,5,0,0,0,0,0,1,1,1,0,0,0,0,1
es.monclershop.top,0,0,0,0,0,0,0,0,1,1,1,1,0,0,0,1,1
floorsdirectltd.co.uk,0,0,0,2,0,0,0,0,0,1,1,1,0,1,0,0,1
snip.ly,0,0,0,1,0,0,0,0,0,1,1,1,0,0,0,0,1
gueriniarmi.it,0,0,1,8,0,0,0,0,0,1,1,1,0,0,0,0,1
infantbaptism.net,0,0,1,7,0,0,0,0,0,1,1,1,0,0,0,0,1
bd-times.com,0,0,1,6,0,0,0,1,0,1,1,1,0,0,1,0,1
espaceclientv1.fr,0,0,1,5,0,0,0,0,0,1,1,1,1,0,0,0,1
wilsonvaluation602-my.sharepoint.com,0,0,1,5,0,0,0,1,0,1,1,1,0,0,0,0,1
vipvendo.net,0,0,0,1,0,0,0,0,0,1,1,1,0,1,0,0,1
restaurantelabarquita.com,0,1,1,2,0,0,0,0,0,1,1,1,0,0,0,0,1
bit.ly,0,0,0,1,0,0,1,0,0,1,1,1,0,1,0,0,1
etskhermouche.com,0,0,1,5,0,0,0,0,0,1,1,1,1,0,0,0,1
welovebellsouthandswbell.weebly.com,0,0,0,0,0,0,0,0,0,1,1,1,0,0,0,0,1
advonationusa.com,0,0,1,6,0,0,0,0,0,1,1,1,0,0,0,0,1
www.skylightacademy.co.in,0,0,0,1,0,0,0,0,0,1,1,1,0,0,0,0,1
aktifitypages2020.my.id,0,0,0,0,0,0,0,0,0,1,1,1,0,0,0,0,1
www.danielescivoli.it,0,0,1,3,0,0,0,0,0,1,1,1,0,1,0,0,1
attnetcommonloginigate_edamcon1.godaddysites.com,0,0,1,0,0,0,0,0,0,1,1,1,0,0,0,0,1
atriumlandscape-my.sharepoint.com,0,0,1,7,0,0,0,1,0,1,1,1,0,0,0,0,1
tomeigosto.com.br,0,0,0,1,0,0,0,0,0,1,1,1,0,0,0,0,1
bcpzonasegurabeta.viabcp.com,0,0,1,0,0,0,0,0,0,1,1,1,1,0,0,0,1
dodocdu-001-site1.itempurl.com,0,0,0,1,0,0,0,1,0,1,1,1,0,0,0,0,1
t.co,0,0,0,1,0,0,1,0,0,1,1,1,0,0,0,0,1
firebasestorage.googleapis.com,0,1,1,5,0,0,0,0,0,1,1,1,0,0,0,0,1
bitoex-claimbonuses-btc.000webhostapp.com,0,0,0,0,0,0,0,1,1,1,1,1,0,1,1,1,1
orgogenlabs.com,0,0,1,6,0,0,0,0,0,1,1,1,0,0,0,0,1
secure.runescape.com-en.ru,0,0,1,2,0,0,0,1,0,1,1,1,0,1,0,0,1
qrxhskj.cluster028.hosting.ovh.net,0,0,1,13,0,0,0,0,0,1,1,1,1,1,0,0,1
the100prosystems.com,0,0,1,8,0,0,0,0,0,1,1,1,0,0,0,0,1
sobhainternationalcitygurgaon.in,0,0,0,1,0,0,0,0,0,1,1,1,0,0,0,0,1
novapowa.com,0,0,0,3,0,0,0,0,0,1,1,1,0,0,0,0,1
services.runescape.com-rss.me,0,0,0,0,0,0,0,1,0,1,1,1,0,0,0,0,1
cobrodesa.com,0,0,0,3,0,0,0,0,0,1,1,1,0,0,1,0,1
secure.runescape.rs-s.xyz,0,0,1,2,0,0,0,1,1,1,1,1,0,0,1,1,1
www.ukbusinessinsiders.com,0,0,1,3,0,0,0,0,0,1,1,1,0,0,1,0,1
www.therockacc.org,0,0,1,4,0,0,0,0,0,1,1,1,0,0,0,0,1
www.paxful.com.ng,0,0,0,1,0,0,0,0,0,1,1,1,0,0,0,1,1
bugbus.net-enquiry-id-196723.tilexhome.com,0,0,0,0,0,0,0,1,0,1,1,1,0,0,0,1,1
kcicon.org,0,0,0,2,0,0,0,0,0,1,1,1,0,0,0,0,1
kievskaya22.ru,0,1,1,1,0,0,0,0,0,1,1,1,0,0,0,0,1
kergaukr.com,0,0,1,3,0,0,0,0,0,1,1,1,0,0,0,0,1
justlookapp.com,0,0,1,7,0,0,0,0,0,1,1,1,0,1,0,1,1
adhindia.in,0,0,0,1,0,0,0,0,0,1,1,1,1,0,0,0,1
livestudentccc-my.sharepoint.com,0,0,1,5,0,0,0,1,0,1,1,1,0,0,0,1,1
jdih.sambas.go.id,0,0,0,3,0,0,0,0,0,1,1,1,0,0,0,0,1
grindtimegym.com,0,0,1,6,0,0,0,0,0,1,1,1,0,0,0,0,1
han.gl,0,0,0,1,0,0,0,0,0,1,1,1,0,0,0,1,1
prathamexports.com,0,0,0,2,0,0,0,0,0,1,1,1,0,0,0,0,1
fareast.qa,0,0,1,3,0,0,0,0,0,1,1,1,0,0,0,0,1
covid19-seguranca.autosmsbb.com,0,0,0,0,0,0,0,1,0,1,1,1,0,0,0,0,1
vergaralandscaping.com,0,0,0,1,0,0,0,0,0,1,1,1,0,0,0,0,1
www.igrzyskasto.pl,0,0,0,0,0,0,0,0,0,1,1,1,0,0,0,0,1
forms.office.com,0,0,1,2,0,0,0,0,0,0,0,0,1,0,1,0,1
bit.ly,0,0,0,1,0,0,1,0,0,1,1,1,0,0,0,0,1
abano5.ge,0,0,0,3,0,0,0,0,0,1,1,1,0,0,0,0,1
livenmitac-my.sharepoint.com,0,0,1,5,0,0,0,1,0,1,1,1,0,0,0,1,1
itsssl.com,0,0,0,1,0,0,0,0,0,1,1,1,0,0,0,0,1
vertulounge.com,0,0,0,2,0,0,0,0,0,1,1,1,0,0,0,0,1
secure.runescape.com.weblogin-rs.ltd,0,0,1,1,0,0,0,1,0,1,1,1,0,0,0,0,1
xmley.codesandbox.io,0,0,0,1,0,0,0,0,0,1,1,1,0,0,1,0,1
adnet8.com,0,0,1,2,0,0,0,0,0,1,1,1,1,0,0,0,1
casinosoft.vip,0,0,1,3,1,0,0,0,0,1,1,1,0,0,0,0,1
www.login-bank.org,0,0,0,1,0,0,0,1,0,1,1,1,0,0,0,0,1
176.119.1.180,1,0,0,2,0,0,0,0,0,1,1,1,0,0,0,1,1
www.americanascovidshop.com,0,0,1,2,0,0,0,0,0,1,1,1,0,0,1,0,1
peri.mixh.jp,0,1,1,4,1,0,0,0,0,1,1,1,0,0,0,0,1
zohard.com,0,0,1,8,0,0,0,0,0,1,1,1,0,0,1,0,1
protourssoccer.com,0,0,1,6,0,0,0,0,0,1,1,1,0,0,0,0,1
clubeamigosdopedrosegundo.com.br,0,0,0,1,0,0,0,0,0,1,1,1,0,0,0,1,1
betasusturkiyee.blogspot.com,0,0,0,0,0,0,0,0,0,1,1,1,0,1,0,0,1
pradapoland.pl,0,0,0,0,0,0,0,0,0,1,1,1,1,0,0,0,1
limite-login.yj.fr,0,0,1,1,0,0,0,1,0,1,1,1,0,0,0,0,1
docs.google.com,0,0,1,5,0,0,0,0,0,0,0,0,0,0,0,0,1
davidforrest.org,0,1,1,4,0,0,0,0,0,1,1,1,0,0,0,0,1
fareast.qa,0,0,1,3,0,0,0,0,0,1,1,1,1,0,0,1,1
www.dropbox.com,0,0,1,2,0,0,0,0,0,0,0,0,0,0,0,0,1
team.cmgcharleston.com,0,0,1,8,0,0,0,0,0,1,1,1,0,0,1,0,1
auslaufen.com,0,0,1,3,0,0,0,0,0,1,1,1,0,1,0,0,1
bpoconnectja.com,0,0,1,7,0,0,0,0,0,1,1,1,0,0,0,0,1
inx.lv,0,0,0,1,0,0,0,0,0,1,1,1,0,0,0,0,1
1drv.ms,0,0,1,2,0,0,0,0,0,1,1,1,0,0,0,0,1
pervee.ru,0,0,0,4,0,0,0,0,0,1,1,1,0,0,0,0,1
forms.office.com,0,0,1,2,0,0,0,0,0,0,0,0,0,0,0,0,1
amex.alert.account.logogistics.com.au,0,0,1,2,0,0,0,0,0,1,1,1,1,0,1,1,1
forms.gle,0,0,0,1,0,0,0,0,0,1,1,1,0,0,0,0,1
resin3dprinterstore.com,0,1,1,1,0,0,0,0,0,1,1,1,1,1,0,0,1
yourfitnesscorner.com,0,0,1,9,0,0,0,0,0,1,1,1,0,0,0,1,1
www.principesdedeus.com.br,0,0,1,3,0,0,0,0,0,1,1,1,0,0,1,0,1
xn--sparkass-i1a.connect-1412.de,0,0,1,2,0,0,0,1,0,1,1,1,0,0,0,0,1
tramchim.net,0,0,0,2,0,0,0,0,0,1,1,1,0,0,0,0,1
drcorreamejoresimplantes.com,0,0,1,2,0,0,0,0,0,1,1,1,0,0,1,0,1
delgadaygordo.com,0,0,0,2,0,0,0,0,0,1,1,1,1,0,0,1,1
videosfacebook.today,0,0,1,2,0,0,0,0,0,1,1,1,0,0,1,0,1
taijishentie.com,0,0,1,2,0,0,0,0,0,1,1,1,1,0,0,0,1
sfcitycampsandleagues.com,0,0,1,2,0,0,0,0,0,1,1,1,0,0,0,0,1
gembrite.co.uk,0,0,0,4,0,0,0,0,0,1,1,1,0,0,0,1,1
acct-premierhomehealthcare-inv.com,0,0,1,3,0,0,0,1,0,1,1,1,0,1,0,0,1
binance10x.com,0,0,0,0,0,0,0,0,0,1,1,1,0,0,0,0,1
m7po.com,0,0,1,5,0,0,0,0,0,1,1,1,0,0,0,0,1
firebasestorage.googleapis.com,0,1,1,5,0,0,0,0,0,1,1,1,0,0,1,0,1
www.speedy.com.pk,0,0,1,4,0,0,0,0,0,1,1,1,1,0,0,0,1
geekandartsy.com,0,0,1,8,0,0,0,0,0,1,1,1,0,0,0,0,1
216.222.194.94,1,0,0,3,0,0,0,0,0,1,1,1,1,1,0,0,1
docs.google.com,0,0,1,5,0,0,0,0,0,0,0,0,0,0,0,0,1
travisjphotography.com,0,0,1,6,0,0,0,0,0,1,1,1,0,1,0,0,1
www.dropbox.com,0,0,1,2,0,0,0,0,0,0,0,0,0,0,0,0,1
community-ebay-de-diskussionsforen.html-5.me,0,0,1,3,0,0,0,1,0,1,1,1,0,1,0,0,1
www.ebay.itm263906864842.shop,0,0,0,0,0,0,0,0,0,1,1,1,0,0,0,0,1
www.autoescolaescocia.com,0,0,0,1,0,0,0,0,0,1,1,1,0,0,0,0,1
secure.informations.ninjamarketingman.com,0,0,1,2,0,0,0,0,0,1,1,1,0,1,1,0,1
dropbox.progentrix.skyfencenet.com,0,0,0,0,0,0,0,0,0,1,1,1,1,0,0,0,1
atualizacaocadastral.cloudaccess.host,0,0,1,2,0,0,0,0,0,1,1,1,0,0,0,0,1
www.getdocumentcheck.com,0,0,1,1,1,0,0,0,0,1,1,1,1,1,0,0,1
www.facebook.com-marketplace-93839.mediaryte.co,0,0,1,0,0,0,0,1,0,1,1,1,1,0,0,0,1
www.secure.bankofamerica.com-login-sign-in-signonv2screen.go.suzukihaiphong.com.vn,0,0,1,1,0,0,0,1,0,1,1,1,0,0,0,1,1
bcpzonasegurabeta.vipbcp.xyz,0,0,0,1,0,0,0,0,1,1,1,1,0,0,0,1,1
applepay-mania.com,0,0,0,0,0,0,0,1,0,1,1,1,0,0,0,0,1
caixportugal-pt.com,0,0,1,5,0,0,0,1,0,1,1,1,1,0,0,0,1
presenteie-quem-merece.com,0,0,1,2,0,0,0,1,0,1,1,1,0,0,0,0,1
docs.google.com,0,0,1,5,0,0,0,0,0,0,0,0,0,0,0,0,1
sp588226.sitebeat.site,0,0,0,0,0,0,0,0,1,1,1,1,1,0,0,0,1
best-ruletka20.ru,0,0,0,1,0,0,0,1,0,1,1,1,0,0,1,0,1
paullemmerick.com,0,0,1,5,0,0,0,0,0,1,1,1,0,0,0,0,1
orthodoxhospital.co.ke,0,0,1,3,0,0,0,0,0,1,1,1,0,0,0,0,1
www.benson6303.com,0,1,1,5,0,0,0,0,0,1,1,1,0,0,0,1,1
bdkdkb.com,0,0,0,0,0,0,0,0,0,1,1,1,0,0,0,0,1
turboflightpros.com,0,0,0,0,0,0,0,0,0,1,1,1,0,0,0,0,1
my-tee-shirt.com,0,0,0,1,0,0,0,1,0,1,1,1,0,0,0,0,1
kozeystreet.buzz,0,0,0,2,0,0,0,0,0,1,1,1,0,1,0,0,1
www.i-m.mx,0,0,1,2,0,0,0,1,0,1,1,1,1,0,0,0,1
www.kosmetica.com.bd,0,0,1,7,0,0,0,0,0,1,1,1,0,1,0,0,1
shophealthybits.com,0,0,0,3,0,0,0,0,0,1,1,1,0,0,0,0,1
coaltur.com,0,0,0,4,0,0,0,0,0,1,1,1,0,0,0,0,1
mail.speedy.com.pk,0,0,1,4,0,0,0,0,0,1,1,1,0,1,0,1,1
chat-whatsapp.holl45.ga,0,0,0,0,0,0,0,1,1,1,1,1,1,0,0,0,1
livestudentccc-my.sharepoint.com,0,0,1,5,0,0,0,1,0,1,1,1,1,0,0,0,1
online-microsofts.dns.navy,0,0,0,2,0,0,0,1,0,1,1,1,1,0,0,0,1
www.bokepwa.enpunto.com.gt,0,0,0,0,0,0,0,0,0,1,1,1,0,0,1,0,1
www.hotelesagualpa.xyz,0,0,0,3,0,0,0,0,1,1,1,1,0,0,0,0,1
bedbomport.ml,0,0,1,4,0,0,0,0,1,1,1,1,0,0,0,0,1
firmadigitalcrgo.com,0,0,0,1,0,0,0,0,0,1,1,1,0,0,0,0,1
azreptile.com,0,0,0,3,0,0,0,0,0,1,1,1,0,1,0,1,1
venturegroupit.com,0,0,1,2,0,0,0,0,0,1,1,1,1,0,0,0,1
4d7255ca9b2659623.tempsite.link,0,0,1,5,0,0,0,0,0,1,1,1,0,0,0,0,1
elomo.ro,0,0,1,5,0,0,0,0,0,1,1,1,0,1,0,0,1
sorayakavir.com,0,0,1,3,0,0,0,0,0,1,1,1,0,0,0,0,1
bethesdaalur.org,0,0,0,3,0,0,0,0,0,1,1,1,0,0,0,0,1
1drv.ms,0,0,1,2,0,0,0,0,0,1,1,1,0,0,0,0,1
www.geoenergia.net,0,0,1,1,0,0,0,0,0,1,1,1,0,0,1,1,1
hsgdertnew.com,0,0,0,1,0,0,0,0,0,1,1,1,0,0,0,0,1
ofertasmagaluizabussinesbrasilrevendedor.com,0,0,1,1,0,0,0,0,0,1,1,1,0,0,1,0,1
icloud.com-ios.me,0,0,0,0,0,0,0,1,0,1,1,1,1,0,1,0,1
sac24hrs.com,0,0,0,2,0,0,0,0,0,1,1,1,0,0,0,0,1
en.lppm.unila.ac.id,0,1,1,6,0,0,0,0,0,1,1,1,0,1,0,0,1
corporacionplaneta.com,0,0,0,2,0,0,0,0,0,1,1,1,0,0,0,0,1
eegonline.eu,0,0,0,3,0,0,0,0,0,1,1,1,0,0,0,0,1
ummamiexpress.com,0,0,1,2,0,0,0,0,0,1,1,1,1,1,0,0,1
mailingshipauthbox.webador.com,0,0,0,0,0,0,0,0,0,1,1,1,0,0,1,0,1
boomcup.icu,0,0,0,0,0,0,0,0,0,1,1,1,0,0,0,1,1
telegra.ph,0,0,0,1,0,0,0,0,0,1,1,1,0,1,1,0,1
docs.google.com,0,0,1,5,0,0,0,0,0,0,0,0,0,0,0,0,1
www.momos-ambachtelijkeijs.nl,0,0,1,5,0,0,0,1,0,1,1,1,0,0,0,0,1
alphabetic-custody.000webhostapp.com,0,0,1,1,0,0,0,1,1,1,1,1,0,0,0,1,1
themkdiaries.com,0,0,0,2,0,0,0,0,0,1,1,1,0,0,0,1,1
instagram-online.mcdir.ru.mcpre.ru,0,0,0,0,0,0,0,1,0,1,1,1,0,0,1,0,1
smallbusinesshosted.com,0,0,0,4,0,0,0,0,0,1,1,1,1,1,1,0,1
lojascarrefouronline.com,0,0,1,2,0,0,0,0,0,1,1,1,0,1,0,0,1
centrototalsalud.cl,0,0,0,3,0,0,0,0,0,1,1,1,0,0,0,0,1
allegro.pl-oferta.ml,0,0,1,2,0,0,0,1,1,1,1,1,0,0,0,0,1
www.kidskitchen.ru,0,0,0,0,0,0,0,0,0,1,1,1,0,0,0,0,1
organichealthyfood.top,0,0,0,2,0,0,0,0,1,1,1,1,0,0,0,1,1
cobrodesa.com,0,0,0,3,0,0,0,0,0,1,1,1,0,0,0,0,1
urlz.fr,0,0,0,1,0,0,0,0,0,1,1,1,0,0,0,0,1
cheaproomsvalencia.com,0,0,1,5,0,0,0,0,0,1,1,1,0,1,0,0,1
www.vadodaramarathon.com,0,0,1,5,0,0,0,0,0,1,1,1,0,0,1,0,1
zohard.com,0,0,1,8,0,0,0,0,0,1,1,1,0,0,0,0,1
www.formbuddy.com,0,0,1,2,0,0,0,0,0,1,1,1,1,1,0,0,1
ebay.co.uk.2912168371646.bid,0,0,0,0,0,0,0,0,0,1,1,1,0,0,0,0,1
souled.co.kr,0,0,1,4,1,0,0,0,0,1,1,1,0,0,0,0,1
promocao-oboticario.web.app,0,0,0,0,0,0,0,1,0,1,1,1,1,1,0,0,1
welfxtrade.com,0,0,0,0,0,0,0,0,0,1,1,1,0,0,0,1,1
800emailsupport.com,0,0,0,0,0,0,0,0,0,1,1,1,0,0,0,0,1
11plus.hk,0,0,0,0,0,0,0,0,0,1,1,1,0,0,0,0,1
bestch-new.ua-ix.biz,0,0,0,0,0,0,0,1,0,1,1,1,0,0,0,0,1
jppost-na.top,0,0,0,1,0,0,0,1,1,1,1,1,0,0,0,1,1
www.autolikesfree.net,0,0,0,1,0,0,0,0,0,1,1,1,0,0,1,0,1
disneygator.com,0,0,1,4,0,0,0,0,0,1,1,1,0,0,0,0,1
vk-com.byethost5.com,0,0,0,0,0,0,0,1,0,1,1,1,0,1,0,0,1
counsultingspace.com,0,0,0,1,0,0,0,0,0,1,1,1,1,1,0,1,1
patio.com.br,0,0,1,7,0,0,0,0,0,1,1,1,0,0,0,0,1
paypal.account.com.cuteideas.gr,0,0,1,1,0,0,0,0,0,1,1,1,1,0,0,0,1
three.co.uk.session-id-jnwij293i8977dsn55688hga8669nd194jaj0ap889.dashbuy.rw,0,0,1,0,0,0,0,1,0,1,1,1,0,0,0,1,1
bd-times.com,0,0,1,8,0,0,0,1,0,1,1,1,0,1,0,0,1
oportunidadedasemana.com,0,0,1,1,1,0,0,0,0,1,1,1,0,0,1,1,1
auslaufen.com,0,0,1,3,0,0,0,0,0,1,1,1,1,0,0,0,1
medienschmiede-sander.de,0,0,1,2,0,0,0,1,0,1,1,1,0,0,0,0,1
www.danielescivoli.it,0,0,1,2,0,0,0,0,0,1,1,1,0,0,0,0,1
vakantieverhuur.be,0,0,1,3,0,0,0,0,0,1,1,1,0,0,0,0,1
myfitnessboost.de,0,0,1,4,0,0,0,0,0,1,1,1,0,0,0,1,1
susai.ro,0,0,1,7,0,0,0,0,0,1,1,1,0,0,0,0,1
www.hm.rc-verify5.com,0,0,0,0,0,0,0,1,0,1,1,1,0,0,0,0,1
mysait-my.sharepoint.com,0,0,1,7,0,0,0,1,0,1,1,1,0,0,0,0,1
pg-series-atendimento.joomla.com,0,0,1,3,0,0,0,1,0,1,1,1,1,0,0,0,1
jtadeo.com,0,0,1,6,0,0,0,0,0,1,1,1,0,0,0,1,1
wuxx.com,0,1,1,3,0,0,0,0,0,1,1,1,0,0,0,0,1
ummamiexpress.com,0,0,1,2,0,0,0,0,0,1,1,1,1,0,0,0,1
bcpzonasegurabeta.viabcp.com.firstpage.technology,0,0,1,1,0,0,0,0,0,1,1,1,0,0,0,0,1
lindocomecodasemana.com,0,0,0,2,0,0,0,0,0,1,1,1,1,0,0,1,1
www.papumdg.com.br,0,0,1,4,0,0,0,0,0,1,1,1,0,0,1,0,1
www.danielescivoli.it,0,0,1,2,0,0,0,0,0,1,1,1,0,0,0,0,1
prevtek.com,0,0,0,2,0,0,0,0,0,1,1,1,0,0,0,1,1
distrokid.email,0,0,0,0,0,0,0,0,0,1,1,1,0,0,0,0,1
a0606fd403668c961e9c-2735b9aa10f99e23cb0338f1a0bdc577.ssl.cf2.rackcdn.com,0,0,1,4,0,0,0,1,1,1,1,1,0,0,0,0,1
sucursalvirtualpersonas.info,0,0,1,1,0,0,0,0,0,1,1,1,0,1,0,0,1
luckypetshouse.com,0,0,0,1,0,0,0,0,0,1,1,1,0,0,0,0,1
facebook-login.mypi.co,0,0,0,0,0,0,0,1,0,1,1,1,0,0,1,1,1
iscomo-my.sharepoint.com,0,0,1,7,0,0,0,1,0,1,1,1,0,0,0,0,1
www.kisa.link,0,0,0,1,0,0,0,0,0,1,1,1,0,0,0,0,1
abn-co-host-listing-31315.casa,0,0,1,2,0,0,0,1,0,1,1,1,0,0,1,1,1
gov.hmrc.apply-rebate.uk,0,0,0,0,0,0,0,1,0,1,1,1,0,0,0,0,1
firebasestorage.googleapis.com,0,1,1,5,0,0,0,0,0,1,1,1,0,0,0,0,1
orgogenlabs.com,0,0,1,6,0,0,0,0,0,1,1,1,0,0,1,1,1
storage.googleapis.com,0,1,1,3,0,0,0,0,0,1,1,1,0,0,0,1,1
www.gkjx168.com,0,0,1,1,1,0,0,0,0,1,1,1,0,0,0,0,1
secure.runescape.com-en.ru,0,0,1,2,0,0,0,1,0,1,1,1,1,0,0,0,1
cheaproomsvalencia.com,0,0,1,5,0,0,0,0,0,1,1,1,0,0,0,0,1
www.sistemadeatualizacaautomaticoonline.tk,0,0,0,0,0,0,0,0,1,1,1,1,0,0,0,0,1
ushouldhave.com,0,0,1,3,0,0,0,0,0,1,1,1,0,0,0,0,1
viccats.camcam.dns-cloud.net,0,0,1,4,0,0,0,1,0,1,1,1,1,0,0,0,1
www.dofus.page,0,0,0,4,0,0,0,0,0,1,1,1,0,0,0,0,1
useablevarex.com,0,0,1,5,0,0,0,0,0,1,1,1,0,0,0,1,1
azrecpsrt.000webhostapp.com,0,0,0,0,0,0,0,0,1,1,1,1,0,1,1,1,1
nectaribate.com.br,0,0,1,3,0,0,0,0,0,1,1,1,1,0,0,1,1
advonationusa.com,0,0,1,5,0,0,0,0,0,1,1,1,1,1,0,1,1
sunge-ode.firebaseapp.com,0,0,0,0,0,0,0,1,0,1,1,1,1,1,0,0,1
roomedi.com,0,1,1,5,0,0,0,0,0,1,1,1,1,0,0,0,1
banklineitauon.com,0,0,1,2,0,0,0,0,0,1,1,1,0,1,0,1,1
courgeon-immobilier.fr,0,0,1,5,0,0,0,1,0,1,1,1,0,1,0,0,1
wuteh.a100.com.pl,0,0,1,6,0,0,0,0,0,1,1,1,1,1,0,0,1
billing.secure-verify-account.cc,0,0,0,0,0,0,0,1,0,1,1,1,0,0,0,0,1
amazon.de.p122421.com,0,0,0,0,0,0,0,0,0,1,1,1,0,0,0,1,1
ulvis.net,0,0,0,1,0,0,0,0,0,1,1,1,1,0,0,0,1
alojamientoenobera.com.ar,0,0,0,1,0,0,0,0,0,1,1,1,0,0,0,0,1
zrq2y.weblium.site,0,0,0,0,0,0,0,0,1,1,1,1,0,1,0,0,1
www.decaturilbgc.com,0,0,1,8,0,0,0,0,0,1,1,1,1,1,0,0,1
ebay-co-uk.com,0,0,1,2,0,0,0,1,0,1,1,1,1,0,0,1,1
www.metrodigitalprint.net,0,0,1,4,0,0,0,0,0,1,1,1,0,0,1,0,1
myeeonlinelogin.com,0,0,0,0,0,0,0,0,0,1,1,1,0,1,0,0,1
debbyfoodshop.com,0,0,1,5,0,0,0,0,0,1,1,1,1,0,0,0,1
infopublishersassociation.com,0,0,1,8,0,0,0,0,0,1,1,1,0,0,0,0,1
kingerhelpservice.blogspot.com,0,0,0,0,0,0,0,0,0,1,1,1,0,0,0,0,1
itir4.app.link,0,0,0,1,0,0,0,0,0,1,1,1,0,0,0,0,1
www-poloniex.net,0,0,0,0,0,0,0,1,0,1,1,1,0,0,0,1,1
cheaproomsvalencia.com,0,0,1,5,0,0,0,0,0,1,1,1,1,0,1,1,1
www.otonamdinh5s.com,0,0,0,2,0,0,0,0,0,1,1,1,0,1,0,0,1
futureofiran.com,0,0,1,7,0,0,0,0,0,1,1,1,0,0,0,0,1
cafecitoperez.ivanidzakovic.com,0,0,1,6,0,0,0,0,0,1,1,1,0,1,0,0,1
tptelecom.it,0,0,1,6,0,0,0,0,0,1,1,1,0,0,0,0,1
onedrive.live.com,0,0,1,1,0,0,0,0,0,0,0,0,0,0,0,0,1
galvarburg.com,0,1,1,3,0,0,0,0,0,1,1,1,0,0,0,0,1
paypalvsgooglecheckout.com,0,0,0,1,0,0,0,0,0,1,1,1,1,0,0,0,1
dhl.china.usedteapackingmachines.com,0,0,1,5,0,0,0,0,0,1,1,1,1,0,1,0,1
ciet-itac.ca,0,0,0,3,0,0,0,1,0,1,1,1,0,0,0,0,1
dzd.rksmb.org,0,0,1,4,0,0,0,0,0,1,1,1,1,0,1,1,1
rendaorganica.com.br,0,0,0,1,0,0,0,0,0,1,1,1,0,1,0,0,1
synergyathletictraining.com,0,1,1,5,0,0,0,0,0,1,1,1,0,0,0,0,1
daguia.com.mx,0,1,0,1,0,0,0,0,0,1,1,1,0,0,0,0,1
heliosroofing-my.sharepoint.com,0,0,1,5,0,0,0,1,0,1,1,1,0,0,0,1,1
asczsons.000webhostapp.com,0,0,0,1,0,0,0,0,1,1,1,1,0,0,0,0,1
sporttime.com.mx,0,0,1,9,0,0,0,0,0,1,1,1,0,0,0,0,1
itunes.phgconsole.performancehorizon.com,0,0,1,3,0,0,0,0,0,1,1,1,0,0,0,0,1
creativecombat.com,0,1,1,3,0,0,0,0,0,1,1,1,0,0,0,1,1
dzd.rksmb.org,0,0,1,5,0,0,0,0,0,1,1,1,0,1,0,0,1
anjoe.com,0,0,0,3,0,0,0,0,0,1,1,1,0,0,0,1,1
lehmanwest.typeform.com,0,0,0,2,0,0,0,0,0,1,1,1,0,0,0,0,1
soo.gd,0,0,0,1,0,0,0,0,0,1,1,1,0,1,0,0,1
thaihouseliving.com,0,0,1,4,0,0,0,0,0,1,1,1,1,0,0,0,1
cybergata.com,0,1,1,2,0,0,0,0,0,1,1,1,0,1,0,1,1
sporttime.com.mx,0,0,1,9,0,0,0,0,0,1,1,1,0,0,0,0,1
m5wx.com,0,0,1,7,0,0,0,0,0,1,1,1,0,1,0,0,1
d26c5.weblium.site,0,0,0,0,0,0,0,0,1,1,1,1,0,0,0,0,1
linktr.ee,0,0,1,1,0,0,0,0,0,1,1,1,1,1,0,0,1
pyvn.be,0,0,1,2,0,0,0,0,0,1,1,1,0,0,0,0,1
integrityozonesolutions.com,0,0,1,4,1,0,0,0,0,1,1,1,0,0,1,1,1
www.acostamueble.com,0,0,0,1,0,0,0,0,0,1,1,1,1,0,0,0,1
lum4.com,0,0,0,1,0,0,0,0,0,1,1,1,0,0,0,0,1
www.nikki.center,0,0,0,2,0,0,0,0,0,1,1,1,0,0,0,1,1
playarprint.com,0,0,0,2,0,0,0,0,0,1,1,1,1,0,0,1,1
paczka-doplata.net,0,0,0,2,0,0,0,1,0,1,1,1,0,0,0,1,1
artsandculturemag.com,0,0,1,5,0,0,0,0,0,1,1,1,0,0,0,0,1
brambles-uk.com,0,0,1,3,0,0,0,1,0,1,1,1,0,0,0,0,1
www.shoptopsllc.com,0,0,1,3,0,0,0,0,0,1,1,1,0,0,0,0,1
jiibli.muhamedkhalid.com,0,0,0,2,0,0,0,0,0,1,1,1,0,0,0,0,1
wetransfer-plussecure8.ml,0,0,0,1,0,0,0,1,1,1,1,1,0,0,0,0,1
c7d5c37a-d73e-4f73-9a99-c6a504a53cbd.htmlcomponentservice.com,0,0,1,1,0,0,0,1,0,1,1,1,1,0,0,0,1
djeane.com.pe,0,0,0,3,0,0,0,0,0,1,1,1,0,0,0,0,1
savesignin.app.link,0,0,0,1,0,0,0,0,0,1,1,1,0,0,0,0,1
mythree.xyz,0,0,0,1,0,0,0,0,1,1,1,1,0,0,0,0,1
mail.agricareseeds.com,0,0,1,6,0,0,0,0,0,1,1,1,0,0,0,0,1
verifikasi-pemblokiran762.webnode.com,0,0,0,0,0,0,0,1,0,1,1,1,0,0,0,0,1
swallowthisbitchpics.com,0,0,1,8,0,0,0,0,0,1,1,1,0,0,1,1,1
livestudentccc-my.sharepoint.com,0,0,1,5,0,0,0,1,0,1,1,1,0,0,0,0,1
verificare.sella.corporateportal.aggiorniituoidati.com,0,0,1,4,0,0,0,0,0,1,1,1,0,0,0,0,1
mobileacesso24horas.com,0,0,0,1,0,0,0,0,0,1,1,1,0,0,1,0,1
go.libertymotorsonline.com,0,0,0,0,0,0,0,0,0,1,1,1,1,0,0,0,1
matrixpublishers.org,0,1,1,2,0,0,0,0,0,1,1,1,0,0,0,0,1
storestiem.gixx.ru,0,0,0,0,0,0,0,0,0,1,1,1,0,0,0,0,1
vanprint.am,0,0,1,4,0,0,0,0,0,1,1,1,0,0,0,0,1
art-sticker.fr,0,0,1,5,0,0,0,1,0,1,1,1,0,0,0,0,1
himanshusofttech.com,0,0,1,5,0,0,0,0,0,1,1,1,0,0,0,0,1
resgateseuspontos.com.br.co25359.tmweb.ru,0,0,0,0,0,0,0,0,0,1,1,1,0,1,0,1,1
einf-frpay-4shippingoo1info2029eff.000webhostapp.com,0,0,1,3,0,0,0,1,1,1,1,1,0,0,1,1,1
snoweco.com,0,0,0,1,0,0,0,0,0,1,1,1,0,0,0,0,1
live-microsoft.dns.army,0,0,0,2,0,0,0,1,0,1,1,1,0,1,0,0,1
csgotradehub.com,0,0,0,1,0,0,0,0,0,1,1,1,0,1,0,1,1
validadispositivo.ddns.net:2020,0,0,0,1,0,0,0,0,0,1,1,1,0,0,1,1,1
oferamericanasweb.com,0,0,1,2,0,0,0,0,0,1,1,1,0,0,1,0,1
www.aottoim.com,0,0,1,5,0,0,0,0,0,1,1,1,0,0,0,1,1
smartlifeaustralia.com,0,0,1,4,0,0,0,0,0,1,1,1,0,0,0,1,1
daddy.com.vn,0,0,0,3,0,0,0,0,0,1,1,1,1,0,0,0,1
docs.google.com,0,0,1,5,0,0,0,0,0,0,0,0,0,0,0,0,1
sitioprocrediteng.azurewebsites.net,0,0,0,0,0,0,0,0,0,1,1,1,0,0,0,0,1
newcampus.escuelanuevosnegocios.com,0,0,1,3,0,0,0,0,0,1,1,1,0,0,0,0,1
streamiti.es,0,0,0,1,0,0,0,0,0,1,1,1,0,0,0,1,1
docs.google.com,0,0,1,5,0,0,0,0,0,0,0,0,0,0,0,0,1
aomrottami.it,0,1,1,2,0,0,0,0,0,1,1,1,0,1,0,0,1
rcone.kvhkosher.org,0,1,1,3,0,0,0,0,0,1,1,1,0,0,0,0,1
www.leaddogweb.com,0,0,0,2,0,0,0,0,0,1,1,1,0,0,0,1,1
rbcroyalbankv.com,0,0,0,2,0,0,0,0,0,1,1,1,0,0,1,0,1
bh-60.webhostbox.net,0,0,0,2,0,0,0,1,0,1,1,1,0,0,0,0,1
edupa.pt,0,0,0,2,0,0,0,0,0,1,1,1,0,1,0,0,1
grupwhatsappsexy.zyns.com,0,0,0,0,0,0,0,0,0,1,1,1,0,0,0,0,1
docs.google.com,0,0,1,5,0,0,0,0,0,0,0,0,0,0,0,0,1
wuteh.a100.com.pl,0,1,1,6,0,0,0,0,0,1,1,1,0,0,1,0,1
workshopstl.com,0,0,1,2,0,0,0,0,0,1,1,1,0,0,1,0,1
wriot-alternate.app.link,0,0,0,0,0,0,0,1,0,1,1,1,0,0,0,0,1
www.peruradiodigital.com,0,0,0,2,0,0,0,0,0,1,1,1,0,0,1,0,1
5b0f6cb9-0485-4fc7-9775-eb74bb45bbf6.htmlcomponentservice.com,0,0,1,1,0,0,0,1,0,1,1,1,0,0,0,0,1
halestelevision.co.uk,0,0,1,4,0,0,0,0,0,1,1,1,0,0,0,0,1
blog.cotiabank.paypal-login.us,0,0,0,0,0,0,0,1,0,1,1,1,0,0,0,0,1
35.188.36.185,1,0,1,8,0,0,0,0,0,1,1,1,0,0,0,0,1
www.aurapropaganda.com,0,0,1,6,0,0,0,0,0,1,1,1,0,0,0,1,1
atlantabasecamp.com,0,0,1,4,0,0,0,0,0,1,1,1,0,0,0,0,1
vtxmail2018.myfreesites.net,0,0,0,0,0,0,0,0,0,1,1,1,1,0,0,0,1
docs.google.com,0,0,1,5,0,0,0,0,0,0,0,0,0,0,0,0,1
kebepxinh.vn,0,0,0,3,0,0,0,0,0,1,1,1,0,1,0,1,1
www.chase-verification.renser.us,0,0,1,2,0,0,0,1,0,1,1,1,0,0,0,0,1
lifeiswhatyoumakeofit.com,0,0,1,4,0,0,0,0,0,1,1,1,0,0,0,0,1
maclim.com.br,0,0,1,4,0,0,0,0,0,1,1,1,0,0,0,0,1
christiantidings.com,0,0,1,3,0,0,0,0,0,1,1,1,1,0,0,0,1
alminarensemble.cl,0,0,1,3,0,0,0,0,0,1,1,1,1,0,1,0,1
hotelcruz.es,0,1,0,0,1,0,0,0,0,1,1,1,0,0,0,0,1
cruzsantiagoverta.com,0,0,1,4,0,0,0,0,0,1,1,1,0,0,0,0,1
cartoworld.co.ke,0,0,1,3,0,0,0,0,0,1,1,1,0,0,0,0,1
healtotoe.co.uk,0,1,1,3,0,0,0,0,0,1,1,1,0,0,0,0,1
donplitka.in.ua,0,0,1,6,0,0,0,0,0,1,1,1,0,1,0,0,1
depgrup.com,0,0,0,1,0,0,0,0,0,1,1,1,0,1,0,0,1
forms.gle,0,0,0,1,0,0,0,0,0,1,1,1,1,0,0,0,1
humani.biz,0,0,0,4,0,0,0,0,0,1,1,1,0,0,0,1,1
vadodaramarathon.com,0,0,1,6,0,0,0,0,0,1,1,1,0,0,0,0,1
lucidfestival.com,0,0,1,6,0,0,0,0,0,1,1,1,0,0,0,0,1
ac.autoinsmsbb.com,0,0,0,0,0,0,0,0,0,1,1,1,0,0,0,0,1
theingredients.net,0,0,0,2,0,0,0,0,0,1,1,1,0,1,0,0,1
cimslp-my.sharepoint.com,0,0,1,7,0,0,0,1,0,1,1,1,0,0,0,0,1
nanosercure.com,0,0,1,1,0,0,0,0,0,1,1,1,0,0,0,0,1
endo.ba,0,0,1,2,0,0,0,0,0,1,1,1,0,1,0,1,1
c1781279.ferozo.com,0,0,0,4,0,0,0,0,0,1,1,1,0,0,0,0,1
netservice-upd.tumblr.com,0,0,0,0,0,0,0,1,0,0,0,0,0,0,1,0,1
cogimodule.com,0,0,0,3,0,0,0,0,0,1,1,1,1,0,1,0,1
alsapan-epi.com,0,0,1,4,0,0,0,1,0,1,1,1,0,0,0,0,1
rudiguvenlik.com,0,0,1,1,0,0,0,0,0,1,1,1,0,1,0,0,1
www.atefnet.com,0,0,1,3,0,0,0,0,0,1,1,1,0,1,1,0,1
eros-group.ru,0,0,0,3,0,0,0,1,0,1,1,1,0,0,0,1,1
smilegate-cfs.epizy.com,0,0,0,1,0,0,0,1,0,1,1,1,0,0,1,0,1
humanmovementlab.com,0,0,0,3,0,0,0,0,0,1,1,1,0,0,0,1,1
ghorana.com,0,0,0,3,0,0,0,0,0,1,1,1,1,1,0,0,1
216.119.108.161,1,0,1,1,0,0,0,0,0,1,1,1,1,1,0,0,1
shiny-tulip-william.glitch.me,0,0,0,0,0,0,0,1,0,1,1,1,0,0,0,0,1
advonationusa.com,0,0,1,5,0,0,0,0,0,1,1,1,0,0,0,0,1
airbnb.listing-429302.com,0,0,0,1,0,0,0,1,0,1,1,1,0,0,0,0,1
gerrard.doodlekit.com,0,0,0,1,0,0,0,0,0,1,1,1,1,0,0,0,1
endo.ba,0,0,1,3,0,0,0,0,0,1,1,1,0,0,0,0,1
rencon.ch.net2care.com,0,0,1,3,1,0,0,0,0,1,1,1,0,0,0,0,1
icloud.com.support-careplus.com,0,0,0,0,0,0,0,1,0,1,1,1,0,0,0,0,1
www.sastaservices.com,0,0,1,2,0,0,0,0,0,1,1,1,0,0,0,0,1
usinternalrevenueservice.com,0,0,0,0,0,0,0,0,0,1,1,1,1,0,0,0,1
effafrica.org,0,0,1,4,0,0,0,0,0,1,1,1,1,0,0,1,1
ripe6.net,0,0,0,2,0,0,0,0,0,1,1,1,0,1,0,0,1
radiodouradacd.com.br,0,0,1,6,0,0,0,0,0,1,1,1,0,0,0,0,1
premiraforteli.com,0,0,0,1,0,0,0,0,0,1,1,1,0,0,0,0,1
healmedicaltrauma.com,0,0,0,1,0,0,0,0,0,1,1,1,0,0,0,1,1
redirecting-fibak.firebaseapp.com,0,0,0,0,0,0,0,1,0,1,1,1,0,0,0,0,1
tam-multiplosresgate.com,0,0,1,1,0,0,0,1,0,1,1,1,0,0,0,0,1
www.lokumdukkani.com,0,0,1,7,0,0,0,0,0,1,1,1,0,0,1,1,1
vk.com,0,0,1,1,0,0,0,0,0,0,0,0,0,0,0,1,1
espaceclientv1.fr,0,0,1,5,0,0,0,0,0,1,1,1,0,1,0,0,1
anbenig.com,0,0,0,1,0,0,0,0,0,1,1,1,0,0,0,0,1
cheaproomsvalencia.com,0,0,1,5,0,0,0,0,0,1,1,1,0,0,0,0,1
barogaleria.com,0,1,1,5,0,0,0,0,0,1,1,1,1,1,0,0,1
rebrand.ly,0,0,0,1,0,0,0,0,0,1,1,1,0,0,0,0,1
printkea.com,0,0,1,4,0,0,0,0,0,1,1,1,0,0,0,0,1
69.167.151.209,1,0,1,2,0,0,0,0,0,1,1,1,0,1,0,1,1
powaywelding.com,0,0,0,2,0,0,0,0,0,1,1,1,0,0,0,0,1
www.facebook.com.saketmehta.com,0,0,0,0,0,0,0,0,0,1,1,1,1,0,0,0,1
update.troyvanspanje.com,0,0,1,1,0,0,0,0,0,1,1,1,0,0,0,0,1
puntopet.com.ru,0,0,0,0,0,0,0,0,0,1,1,1,0,0,0,1,1
173.199.186.15,1,0,1,6,0,0,0,0,0,1,1,1,0,0,0,1,1
alshurayet.jeun.fr,0,0,0,0,0,0,0,0,0,1,1,1,0,0,0,0,1
www.origani.us,0,0,1,0,0,0,0,0,0,1,1,1,0,0,1,0,1
umconnectumt-my.sharepoint.com,0,0,1,5,0,0,0,1,0,1,1,1,0,0,0,0,1
viewitem.eday.co.uk.itm.vauxhallastramk516174257807917item289293222dj4aaoswq4venxoo.cloudhappyconsulting.com,0,0,1,1,0,0,0,0,0,1,1,1,0,0,1,0,1
restaurantelabarquita.com,0,0,1,2,0,0,0,0,0,1,1,1,0,0,0,0,1
beerfactoristanbul.com.tr,0,0,1,5,0,0,0,0,0,1,1,1,0,0,0,0,1
pasite-454632.jdevcloud.com,0,0,1,4,0,0,0,1,0,1,1,1,0,0,1,0,1
greengrasssms.com,0,0,0,1,0,0,0,0,0,1,1,1,1,0,0,0,1
central-de-vendas.com,0,0,1,2,0,0,0,1,0,1,1,1,1,0,0,0,1
saldao-de-mes-das-maes.com,0,0,1,2,0,0,0,1,0,1,1,1,1,0,0,1,1
gkjx168.com,0,0,0,1,0,0,0,0,0,1,1,1,0,0,0,0,1
drive.google.com,0,0,1,4,0,0,0,0,0,0,0,0,0,0,0,0,1
xenia-daybydayflorist.com,0,0,0,3,0,0,0,1,0,1,1,1,0,0,0,0,1
sodk.blob.core.windows.net,0,0,1,2,0,0,0,0,0,1,1,1,0,0,0,1,1
orgogenlabs.com,0,0,1,6,0,0,0,0,0,1,1,1,0,0,1,0,1
forms.gle,0,0,0,1,0,0,0,0,0,1,1,1,0,0,0,1,1
edmonds-engineering.is-a-designer.com,0,0,1,3,0,0,0,1,0,1,1,1,0,0,0,0,1
wer.joomla.com,0,0,1,2,0,0,0,0,0,1,1,1,0,1,0,1,1
barogaleria.com,0,1,1,5,0,0,0,0,0,1,1,1,0,0,0,0,1
www.glingxuan.com,0,0,1,2,0,0,0,0,0,1,1,1,0,0,0,0,1
hdhightemperaturewire.com,0,0,0,3,0,0,0,0,0,1,1,1,0,0,1,0,1
vk.com,0,0,1,1,0,0,0,0,0,0,0,0,0,0,1,1,1
web-mail-upgrading-2222.000webhostapp.com,0,0,0,0,0,0,0,1,1,1,1,1,0,0,0,0,1
tapetecouromundisc.com.br,0,0,1,2,0,0,0,0,0,1,1,1,0,0,0,0,1
ruekrew.com,0,0,0,2,0,0,0,0,0,1,1,1,0,0,0,0,1
supremehomeopathy.com,0,0,0,2,0,0,0,0,0,1,1,1,0,0,0,0,1
sehaweghezaa.com,0,0,1,4,0,0,0,0,0,1,1,1,0,0,0,0,1
mihart.ro,0,0,1,4,0,0,0,0,0,1,1,1,0,0,1,0,1
grupoenercon.com.sv,0,0,0,1,0,0,0,0,0,1,1,1,0,0,1,0,1
ebay-payment-issues.com,0,0,0,0,0,0,0,1,0,1,1,1,0,0,0,0,1
t.co,0,0,0,1,0,0,1,0,0,1,1,1,1,0,0,0,1
saliha.imlkwt.com,0,0,1,6,0,0,0,0,0,1,1,1,0,0,1,0,1
brighant.com,0,0,0,1,0,0,0,0,0,1,1,1,0,0,0,0,1
nhms.solutions,0,0,1,4,0,0,0,0,0,1,1,1,0,0,0,0,1
www.paypal.com.0.security-confirmation.d72b69c8e37aec662e13e39d929d6e3d.as2.2u.se,0,0,1,0,0,0,0,1,0,1,1,1,1,0,1,0,1
madrugadaolanches.com.br,0,0,1,4,0,0,0,0,0,1,1,1,0,0,0,0,1
sriutamahub.com,0,0,1,2,0,0,0,0,0,1,1,1,0,1,0,1,1
ofica.sytes.net,0,0,0,2,0,0,0,0,0,1,1,1,1,0,0,0,1
baobulksms.com,0,0,1,3,0,0,0,0,0,1,1,1,1,0,0,0,1
restaurantelabarquita.com,0,0,1,2,0,0,0,0,0,1,1,1,1,0,0,1,1
mail.damclub020.nl,0,0,1,2,0,0,0,0,0,1,1,1,1,0,0,0,1
playarprint.com,0,0,1,2,0,0,0,0,0,1,1,1,0,0,0,0,1
joinbokep.xnxx.ga,0,0,0,0,0,0,0,0,1,1,1,1,1,1,0,0,1
chiatena.zxy.me,0,0,1,7,0,0,0,0,0,1,1,1,0,1,0,0,1
www.nakamistrad.com,0,0,0,2,0,0,0,0,0,1,1,1,1,0,0,1,1
c1781279.ferozo.com,0,0,0,4,0,0,0,0,0,1,1,1,1,0,0,0,1
lucidfestival.com,0,0,1,6,0,0,0,0,0,1,1,1,1,0,0,0,1
kbagro.co.th,0,0,0,1,0,0,0,0,0,1,1,1,0,0,0,0,1
www.ihaleile.com,0,0,0,3,0,0,0,0,0,1,1,1,0,0,0,0,1
mmarau.ac.ke,0,0,1,4,0,0,0,0,0,1,1,1,1,0,0,1,1
35.188.36.185,1,0,0,3,0,0,0,0,0,1,1,1,1,1,0,1,1
www.giftedewha.or.kr,0,0,1,6,0,0,0,0,0,1,1,1,0,0,0,0,1
clubeamigosdopedrosegundo.com.br,0,0,0,1,0,0,0,0,0,1,1,1,0,0,0,0,1
www.communityreview.info,0,0,1,2,0,0,0,0,0,1,1,1,0,0,0,0,1
art-sticker.fr,0,0,1,4,0,0,0,1,0,1,1,1,0,0,0,0,1
blackwatertech.is-a-designer.com,0,0,0,3,0,0,0,1,0,1,1,1,1,0,0,1,1
cheaproomsvalencia.com,0,0,1,5,0,0,0,0,0,1,1,1,1,0,0,1,1
cheapcararticlesawebplshop.club,0,0,0,0,0,0,0,0,0,1,1,1,0,0,1,1,1
ringing-gangway.000webhostapp.com,0,0,0,2,0,0,0,1,1,1,1,1,0,0,0,1,1
hidayat.uz,0,0,1,1,0,0,0,0,0,1,1,1,0,0,0,0,1
han.gl,0,0,0,1,0,0,0,0,0,1,1,1,0,0,0,0,1
www.amex.alert.account.logogistics.com.au,0,0,1,2,0,0,0,0,0,1,1,1,0,1,0,0,1
adart.krakow.pl,0,0,1,7,0,0,0,0,0,1,1,1,1,0,0,0,1
ahsanfeeds.com,0,0,0,1,0,0,0,0,0,1,1,1,1,0,0,0,1
start.me,0,0,0,3,0,0,0,0,0,1,1,1,0,0,0,1,1
www.regina.ninetendev.com,0,0,0,3,0,0,0,0,0,1,1,1,0,1,0,0,1
mycarauctionad.com,0,0,0,1,0,0,0,0,0,1,1,1,0,0,0,0,1
crosplat.co.uk,0,0,0,2,0,0,0,0,0,1,1,1,0,0,0,0,1
metrological-focus.000webhostapp.com,0,0,1,5,0,0,0,1,1,1,1,1,0,1,1,0,1
www.karmanbiotech.com,0,0,0,2,0,0,0,0,0,1,1,1,0,0,0,0,1
n4r7u.app.link,0,0,0,1,0,0,0,0,0,1,1,1,0,0,0,0,1
printam.ca,0,0,0,0,0,0,0,0,0,1,1,1,0,0,0,0,1
acount-page-dlsabled.cf,0,0,1,0,0,0,0,1,1,1,1,1,1,0,0,0,1
forms.gle,0,0,0,1,0,0,0,0,0,1,1,1,0,0,0,0,1
taxionpanama.com,0,0,0,2,0,0,0,0,0,1,1,1,0,0,0,0,1
conexiondevida.com,0,0,1,4,0,0,0,0,0,1,1,1,0,0,1,0,1
onedrivecloud.dns-cloud.net,0,0,1,2,0,0,0,1,0,1,1,1,0,0,0,1,1
rextraening.dk,0,0,1,5,0,0,0,0,0,1,1,1,0,0,1,0,1
176.119.1.180,1,0,0,2,0,0,0,0,0,1,1,1,0,1,0,0,1
testing-adjusting-balancing.com,0,0,1,2,0,0,0,1,0,1,1,1,0,0,0,1,1
storage.googleapis.com,0,0,1,3,0,0,0,0,0,1,1,1,0,0,0,0,1
chinacelticgolf.com,0,0,1,3,0,0,0,0,0,1,1,1,0,1,0,0,1
advonationusa.com,0,0,1,5,0,0,0,0,0,1,1,1,0,0,0,0,1
mail.mytanfarma.com,0,0,1,6,0,0,0,0,0,1,1,1,0,0,0,0,1
remycare.com,0,1,0,1,0,0,0,0,0,1,1,1,0,1,1,0,1
lagelijundiai.com.br,0,0,0,3,0,0,0,0,0,1,1,1,1,0,1,0,1
www.safetytechspy.com,0,0,1,2,0,0,0,0,0,1,1,1,0,0,0,0,1
wa-grupbokep01.wikaba.com,0,0,0,1,0,0,0,1,0,1,1,1,0,0,1,1,1
viveromonteverde.com,0,0,1,5,0,0,0,0,0,1,1,1,0,0,0,1,1
www.jameshopecollege.edu.ng,0,0,0,1,0,0,0,0,0,1,1,1,0,0,0,0,1
voceecontraaqui.com,0,0,0,1,0,0,0,0,0,1,1,1,1,0,0,0,1
rajwebtechnology.com,0,0,0,1,0,0,0,0,0,1,1,1,0,0,0,0,1
netflix.membership.request-confirmation-profile.support,0,0,1,0,0,0,0,1,0,1,1,1,0,1,1,1,1
enigreen.net,0,0,1,3,0,0,0,0,0,1,1,1,0,0,0,0,1
storage.googleapis.com,0,0,1,2,0,0,0,0,0,1,1,1,0,0,0,0,1
storage.googleapis.com,0,0,1,2,0,0,0,0,0,1,1,1,0,0,0,0,1
docs.google.com,0,0,1,5,0,0,0,0,0,0,0,0,0,0,1,0,1
webstories.eu,0,0,0,3,0,0,0,0,0,1,1,1,0,0,0,1,1
akilili.com,0,0,1,4,0,0,0,0,0,1,1,1,0,1,0,0,1
livestudentccc-my.sharepoint.com,0,0,1,5,0,0,0,1,0,1,1,1,0,0,1,0,1
centec-am.com.br,0,1,1,4,0,0,0,1,0,1,1,1,0,0,0,0,1
mail.hethartthuiszorg.nl,0,0,1,2,0,0,0,0,0,1,1,1,0,1,0,0,1
amara.dademadedev.com,0,0,1,3,0,0,0,0,0,1,1,1,1,1,0,1,1
estocap.com.br,0,0,1,6,0,0,0,0,0,1,1,1,1,0,0,0,1
fixertawa.blogspot.com,0,0,0,0,0,0,0,0,0,1,1,1,0,0,0,0,1
runescape.rocks,0,0,1,2,0,0,0,0,0,1,1,1,0,1,0,0,1
www.tptelecom.it,0,0,1,6,0,0,0,0,0,1,1,1,1,0,0,0,1
flygfilmer.se,0,1,1,5,0,0,0,0,0,1,1,1,0,0,1,0,1
csgoweplay.com,0,0,0,0,0,0,0,0,0,1,1,1,0,0,0,0,1
sylviamclain-my.sharepoint.com,0,0,1,5,0,0,0,1,0,1,1,1,0,1,1,0,1
betasusorjinals.blogspot.com,0,0,0,0,0,0,0,0,0,1,1,1,1,0,0,0,1
korea-collagen.com,0,0,0,1,0,0,0,1,0,1,1,1,1,0,0,0,1
ip-132-148-145-99.ip.secureserver.net,0,0,1,1,0,0,0,1,0,1,1,1,0,1,0,0,1
www.cosecurelogistics.com,0,0,0,1,0,0,0,0,0,1,1,1,0,0,0,0,1
livraisonspeed1998.cloudaccess.host,0,0,1,4,0,0,0,0,0,1,1,1,0,0,1,0,1
polish-books.pl,0,0,1,6,0,0,0,1,0,1,1,1,0,0,0,0,1
docs.google.com,0,0,1,5,0,0,0,0,0,0,0,0,0,0,0,0,1
conecteseasuacasa.com,0,0,1,2,0,0,0,0,0,1,1,1,0,0,0,0,1
lucidfestival.com,0,0,1,6,0,0,0,0,0,1,1,1,0,0,1,0,1
cheaproomsvalencia.com,0,0,1,5,0,0,0,0,0,1,1,1,0,0,0,0,1
informes055.wixsite.com,0,0,0,1,0,0,0,0,0,1,1,1,0,0,0,1,1
comoliberarhuawei.com,0,0,0,4,0,0,0,0,0,1,1,1,0,0,0,0,1
1drvcloud.dnsabr.com,0,0,0,1,0,0,0,0,0,1,1,1,0,0,0,1,1
wholesalemsms.club,0,0,0,2,0,0,0,0,0,1,1,1,0,0,0,0,1
www.theaquaticmall.com,0,0,1,5,0,0,0,0,0,1,1,1,1,0,0,0,1
cidadeweb.tv.br,0,0,1,2,0,0,0,0,0,1,1,1,1,0,0,1,1
dotpay.idpd.pl,0,0,1,1,0,0,0,0,0,1,1,1,0,1,1,0,1
chinadryer.cn,0,0,0,1,0,0,0,0,0,1,1,1,0,0,0,0,1
whatsapp-invite-groupsex88-whatsappsex.2waky.com,0,0,1,0,0,0,0,1,0,1,1,1,0,0,1,0,1
sanoltechnologies.com,0,0,0,3,0,0,0,0,0,1,1,1,0,0,0,0,1
savetogooglephotos.com,0,0,0,0,0,0,0,0,0,1,1,1,0,0,1,0,1
inversionesgini.com,0,0,1,3,0,0,0,0,0,1,1,1,0,0,0,0,1
theingredients.net,0,0,0,2,0,0,0,0,0,1,1,1,0,0,0,0,1
onedrivecloud.dns-cloud.net,0,0,1,2,0,0,0,1,0,1,1,1,1,0,0,1,1
brozaz48.com,0,0,1,7,0,0,0,0,0,1,1,1,0,0,0,0,1
usedcopiersaustin.com,0,0,1,4,0,0,0,0,0,1,1,1,0,0,1,0,1
andrealichtenstein.de,0,0,0,2,0,0,0,0,0,1,1,1,0,0,0,1,1
www.agri72.fr,0,0,1,5,0,0,0,0,0,1,1,1,0,0,0,0,1
kokoalets.dx.am,0,0,0,1,0,0,0,0,0,1,1,1,0,0,0,0,1
privasirecovery.000webhostapp.com,0,0,1,2,0,0,0,0,1,1,1,1,0,0,0,0,1
www.paullemmerick.com,0,0,1,5,0,0,0,0,0,1,1,1,0,0,0,0,1
lojaxgrowup.com,0,0,1,6,0,0,0,0,0,1,1,1,0,0,0,0,1
ripe6.net,0,0,0,2,0,0,0,0,0,1,1,1,0,0,0,0,1
www.scancity.am,0,0,1,6,0,0,0,0,0,1,1,1,0,0,0,0,1
www.firstcbuk.com,0,0,0,1,0,0,0,0,0,1,1,1,1,0,0,0,1
avtonomnoe-otoplenie.dp.ua,0,0,0,0,0,0,0,1,0,1,1,1,1,0,0,1,1
maquinasdecartaosemaluguel.com.br,0,0,1,2,0,0,0,0,0,1,1,1,0,0,0,0,1
mail.przejrzyj-fotki.eu,0,0,0,0,0,0,0,1,0,1,1,1,0,0,0,1,1
docs.google.com,0,0,1,5,0,0,0,0,0,0,0,0,1,0,1,1,1
playarprint.com,0,0,1,2,0,0,0,0,0,1,1,1,0,0,0,0,1
feelio.cc,0,0,1,5,0,0,0,0,0,1,1,1,0,0,0,1,1
magalhaessilva.com.br,0,0,0,2,0,0,0,0,0,1,1,1,0,0,0,0,1
ecusltd-my.sharepoint.com,0,0,1,5,0,0,0,1,0,1,1,1,0,0,0,0,1
villa-azzurro.com,0,0,0,1,0,0,0,1,0,1,1,1,0,0,0,0,1
vardhaman.org,0,0,1,5,0,0,0,0,0,1,1,1,0,0,0,0,1
www.stolizaparketa.ru,0,1,1,7,0,0,0,0,0,1,1,1,1,0,0,0,1
fgts-liberado.epizy.com,0,0,0,0,0,0,0,1,0,1,1,1,1,0,0,1,1
xfinity.com-sign-in-secure-cpessfile-appmail.2bpnmedia.co.th,0,0,1,0,0,0,0,1,0,1,1,1,0,1,0,0,1
hmhealthcare.in,0,0,1,5,0,0,0,0,0,1,1,1,0,1,0,0,1
sites.google.com,0,0,1,3,0,0,0,0,0,0,0,0,0,0,1,0,1
count.mail.163.com.jutin.tk,0,0,0,1,0,0,0,0,1,1,1,1,0,0,0,0,1
anaximhost.com,0,0,1,4,0,0,0,0,0,1,1,1,0,0,0,0,1
tricolor-tungsten-buckthornpepperberry.glitch.me,0,0,1,0,0,0,0,1,0,1,1,1,0,0,0,0,1
wdestaques11.modelodeaproveitar.com,0,0,1,5,0,0,0,0,0,1,1,1,0,0,0,1,1
blog.stibbe.nl,0,0,0,1,0,0,0,0,0,1,1,1,1,0,0,0,1
gcspolk.com,0,0,1,4,0,0,0,0,0,1,1,1,0,0,0,1,1
cdn.manhwa18.net,0,0,0,0,0,0,0,0,0,1,1,1,1,0,0,0,1
www.thelogodept.com,0,0,1,7,0,0,0,0,0,1,1,1,0,0,0,0,1
1477304571.storage.googleapis.com,0,0,1,1,0,0,0,0,0,1,1,1,0,0,0,0,1
preparedplans.com,0,0,0,2,0,0,0,0,0,1,1,1,1,1,0,0,1
bruninglandscapeltd.com,0,0,0,2,0,0,0,0,0,1,1,1,0,1,1,0,1
chaneliom.ir,0,0,0,1,0,0,0,0,0,1,1,1,0,1,0,0,1
etsee.club,0,0,0,0,0,0,0,0,0,1,1,1,0,0,0,0,1
forms.gle,0,0,0,1,0,0,0,0,0,1,1,1,0,0,0,0,1
www.myelhearvvlellat.com,0,0,0,2,0,0,0,0,0,1,1,1,1,1,0,0,1
uldkh.weblium.site,0,0,0,0,0,0,0,0,1,1,1,1,0,0,0,1,1
www.infopublishersassociation.com,0,0,1,8,0,0,0,0,0,1,1,1,0,1,0,0,1
klanten-registrate.info,0,0,0,0,0,0,0,1,0,1,1,1,0,0,0,0,1
fr.imsly.com,0,0,1,2,0,0,0,0,0,1,1,1,0,0,0,0,1
vksafe.com,0,0,0,0,0,0,0,0,0,1,1,1,1,0,0,1,1
sharonjunebug.typeform.com,0,0,0,2,0,0,0,0,0,1,1,1,0,0,1,0,1
storage.googleapis.com,0,0,1,3,0,0,0,0,0,1,1,1,0,0,0,1,1
cremasantiestrias.es,0,0,1,5,0,0,0,0,0,1,1,1,0,0,0,0,1
g8consultores.com.ar,0,0,0,1,0,0,0,0,0,1,1,1,0,0,0,0,1
servicodee-mails.my-free.website,0,0,0,0,0,0,0,1,0,1,1,1,1,0,0,1,1
realnetworjismung.club,0,0,0,0,0,0,0,0,0,1,1,1,0,0,1,0,1
prestigeflats.com,0,0,1,6,0,0,0,0,0,1,1,1,0,0,0,1,1
www.paxful.com.applepayers.com,0,0,0,0,0,0,0,0,0,1,1,1,0,0,0,1,1
cli.re,0,0,0,1,0,0,0,0,0,1,1,1,0,0,0,1,1
cheaproomsvalencia.com,0,0,1,5,0,0,0,0,0,1,1,1,1,1,1,0,1
itunesgenerator.com,0,0,0,0,0,0,0,0,0,1,1,1,1,0,1,0,1
taucard2.com,0,0,0,0,0,0,0,0,0,1,1,1,0,0,0,1,1
faridabadeducationcouncil.com,0,0,0,2,0,0,0,0,0,1,1,1,0,0,0,1,1
www.greenmagic.co.in,0,0,1,4,0,0,0,0,0,1,1,1,0,0,1,0,1
www.blacksheepeventi.com,0,0,0,1,0,0,0,0,0,1,1,1,0,0,0,0,1
villasakuraubud.com,0,0,1,6,0,0,0,0,0,1,1,1,1,1,0,1,1
banti-rose.com,0,0,1,4,0,0,0,1,0,1,1,1,0,0,0,1,1
2bill-wireless.com,0,0,0,0,0,0,0,1,0,1,1,1,0,0,1,0,1
limitlessearn.com,0,0,0,1,0,0,0,0,0,1,1,1,0,0,0,0,1
www.karmanbiotech.com,0,0,0,2,0,0,0,0,0,1,1,1,0,1,0,0,1
wardace.ru,0,0,0,0,0,0,0,0,0,1,1,1,0,0,0,0,1
allparts.jo.by,0,0,0,3,0,0,0,0,0,1,1,1,0,0,0,0,1
playarprint.com,0,0,1,2,0,0,0,0,0,1,1,1,0,1,0,0,1
www.itauchekinsecurity.com,0,0,0,0,0,0,0,0,0,1,1,1,0,0,0,0,1
wzplh.app.link,0,0,0,1,0,0,0,0,0,1,1,1,0,0,0,0,1
nowskins.com,0,0,0,2,0,0,0,0,0,1,1,1,0,0,0,0,1
www.khaskhaskhabrein.com,0,0,1,2,0,0,0,0,0,1,1,1,0,0,0,1,1
forms.gle,0,0,0,1,0,0,0,0,0,1,1,1,0,0,0,1,1
cellidplus.com,0,0,0,4,0,0,0,0,0,1,1,1,0,0,0,0,1
320381dbf7cd2f31c04baa6b36e1c682.webredirect.org,0,0,1,1,0,0,0,0,0,1,1,1,0,0,0,0,1
mail01.tinyletterapp.com,0,0,1,7,0,0,0,0,0,1,1,1,1,1,1,0,1
stainurulfalah.ac.id,0,0,0,2,0,0,0,0,0,1,1,1,0,0,0,1,1
webs.gt,0,0,0,4,0,0,0,0,0,1,1,1,1,0,0,0,1
www.planwise.co.za,0,0,1,7,0,0,0,0,0,1,1,1,0,0,0,0,1
kinemind.com,0,0,0,3,0,0,0,0,0,1,1,1,0,0,0,0,1
mail.speedy.com.pk,0,0,1,3,0,0,0,0,0,1,1,1,0,0,0,0,1
igsasso-my.sharepoint.com,0,0,1,5,0,0,0,1,0,1,1,1,0,0,1,0,1
u.to,0,0,0,1,0,0,1,0,0,1,1,1,1,0,1,0,1
www.kurortnoye.com.ua,0,1,1,3,0,0,0,0,0,1,1,1,1,0,0,0,1
entire-master.000webhostapp.com,0,0,0,1,0,0,0,1,1,1,1,1,0,0,1,0,1
www.neckmarine.com,0,0,0,1,0,0,0,0,0,1,1,1,0,0,0,0,1
link.do,0,0,0,1,0,0,0,0,0,1,1,1,1,0,0,0,1
santaremplay.com.br,0,0,1,3,0,0,0,0,0,1,1,1,0,0,0,0,1
perkpolder.com,0,0,1,5,0,0,0,0,0,1,1,1,1,0,0,1,1
paypalverifycentral.com,0,0,0,0,0,0,0,0,0,1,1,1,0,0,0,0,1
grindtimegym.com,0,0,1,7,0,0,0,0,0,1,1,1,0,0,0,0,1
www.login-blockchain-com.live,0,0,0,0,0,0,0,1,0,1,1,1,0,0,0,1,1
projecthal.info,0,0,0,2,0,0,0,0,0,1,1,1,0,0,0,0,1
enigreen.net,0,0,1,3,0,0,0,0,0,1,1,1,0,1,0,0,1
cprodmasx.weebly.com,0,0,0,0,0,0,0,0,0,1,1,1,0,0,0,1,1
cartoworld.co.ke,0,0,1,4,0,0,0,0,0,1,1,1,0,0,0,0,1
vikatmillers.com,0,0,1,3,0,0,0,0,0,1,1,1,1,0,0,1,1
www.educationforex.com,0,0,1,5,0,0,0,0,0,1,1,1,0,0,0,0,1
bre-tech.com,0,0,0,2,0,0,0,1,0,1,1,1,0,0,0,0,1
playarprint.com,0,0,1,2,0,0,0,0,0,1,1,1,0,1,1,0,1
brewingredients.com,0,0,0,5,0,0,0,0,0,1,1,1,0,0,0,1,1
lovelouisa.org,0,0,1,6,0,0,0,0,0,1,1,1,0,0,0,0,1
ushouldhave.com,0,0,1,3,0,0,0,0,0,1,1,1,1,0,0,0,1
acct-famres-inv.com,0,0,0,3,0,0,0,1,0,1,1,1,0,0,0,1,1
www.gulfishop.com,0,0,1,4,0,0,0,0,0,1,1,1,0,0,1,0,1
tokokainbandung.com,0,0,1,9,0,0,0,0,0,1,1,1,0,0,0,0,1
itcitymm.com,0,0,1,5,0,0,0,0,0,1,1,1,1,0,0,0,1
u1037725.cp.regruhosting.ru,0,0,1,2,0,0,0,0,0,1,1,1,0,0,1,0,1
sanoltechnologies.com,0,0,0,2,0,0,0,0,0,1,1,1,0,0,0,0,1
lovelouisa.org,0,0,1,6,0,0,0,0,0,1,1,1,0,1,1,1,1
rebrand.ly,0,0,0,1,0,0,0,0,0,1,1,1,1,0,0,0,1
www.ff-oberoetzdorf.de,0,0,1,9,0,0,0,1,0,1,1,1,0,0,1,1,1
donslan.com,0,0,1,6,0,0,0,0,0,1,1,1,0,0,0,0,1
mobileacesso24horas.com,0,0,0,0,0,0,0,0,0,1,1,1,0,0,0,1,1
justlookapp.com,0,0,1,7,0,0,0,0,0,1,1,1,0,0,0,1,1
trr20200410010207145.domtemporario.com.br,0,0,1,1,0,0,0,0,0,1,1,1,1,0,0,0,1
chaseon.sytes.net,0,0,1,3,0,0,0,0,0,1,1,1,0,0,0,0,1
60887701922.net,0,0,0,2,0,0,0,0,0,1,1,1,1,0,0,0,1
optusnet-support-team.weebly.com,0,0,1,7,0,0,0,1,0,1,1,1,0,0,0,1,1
spartanlandsurveying.com,0,0,0,2,0,0,0,0,0,1,1,1,0,0,1,0,1
buybuycity.gr,0,0,1,1,0,0,0,0,0,1,1,1,0,0,0,0,1
autorization-golos.000webhostapp.com,0,0,0,0,0,0,0,1,1,1,1,1,0,0,0,0,1
amex-usa.app.link,0,0,0,0,0,0,0,1,0,1,1,1,0,0,0,0,1
mindfdesign.com,0,0,0,2,0,0,0,0,0,1,1,1,0,0,0,0,1
www.miplab.net,0,0,0,2,0,0,0,0,0,1,1,1,0,1,0,0,1
www53.presentes-promocoes-premier.com,0,0,1,6,0,0,0,1,0,1,1,1,0,0,0,0,1
update.troyvanspanje.com,0,0,0,0,0,0,0,0,0,1,1,1,0,1,0,0,1
elanlimitedgurgaon.com,0,0,0,1,0,0,0,0,0,1,1,1,0,0,0,1,1
scotiabank-com-mx.acceso-cliente.com,0,0,0,0,0,0,0,1,0,1,1,1,0,0,1,0,1
micro-sales.co.uk,0,0,0,1,0,0,0,1,0,1,1,1,0,0,0,0,1
plusmarcas.com,0,0,1,5,0,0,0,0,0,1,1,1,0,0,0,0,1
corfuproperty.gr,0,1,0,3,0,0,0,0,0,1,1,1,0,1,0,0,1
ethioab.com,0,0,1,5,0,0,0,0,0,1,1,1,0,0,0,0,1
onlineamex-001-site1.ctempurl.com,0,0,1,2,0,0,0,1,0,1,1,1,0,0,0,1,1
espaceclientv1.fr,0,0,1,5,0,0,0,0,0,1,1,1,0,0,0,1,1
dotpay.idpd.pl,0,0,1,1,0,0,0,0,0,1,1,1,0,0,0,1,1
touchbase.tools,0,0,1,5,0,0,0,0,0,1,1,1,1,0,0,0,1
olympiatrophies.co.za,0,0,1,5,0,0,0,0,0,1,1,1,0,0,0,0,1
berrycollege2-my.sharepoint.com,0,0,1,5,0,0,0,1,0,1,1,1,0,0,0,0,1
docs.google.com,0,0,1,5,0,0,0,0,0,0,0,0,0,0,0,1,1
caribconnectlaw.com,0,0,1,5,0,0,0,0,0,1,1,1,1,0,0,0,1
siemprelistoradio.com,0,0,1,2,0,0,0,0,0,1,1,1,0,0,0,0,1
1bcpzonasegurabetaviabcp.com,0,0,0,1,0,0,0,0,0,1,1,1,0,1,0,0,1
tptelecom.it,0,0,1,6,0,0,0,0,0,1,1,1,0,1,0,0,1
interestingfurniture.com,0,0,0,2,0,0,0,0,0,1,1,1,1,0,0,0,1
energiaysistemas.com.sv,0,0,1,3,0,0,0,0,0,1,1,1,0,0,0,0,1
share-oreoo-26.com,0,0,0,2,0,0,0,1,0,1,1,1,0,0,1,0,1
educacion.rionegro.gov.ar,0,0,1,9,0,0,0,0,0,1,1,1,0,0,0,1,1
mythreehelp.co.uk,0,0,0,0,0,0,0,0,0,1,1,1,0,0,1,0,1
www.powr.io,0,0,1,4,0,0,0,0,0,1,1,1,0,0,0,0,1
www.google.com.mx,0,0,1,1,0,0,0,0,0,1,1,1,0,0,1,0,1
atlantatree.com,0,0,0,2,0,0,0,0,0,1,1,1,0,0,0,0,1
rudiguvenlik.com,0,0,0,1,0,0,0,0,0,1,1,1,1,0,0,0,1
kankakeetankwash.com,0,0,0,1,0,0,0,0,0,1,1,1,0,0,0,0,1
whatsapp-groupsex.wikaba.com,0,0,0,1,0,0,0,1,0,1,1,1,0,0,0,1,1
bd-times.com,0,0,1,8,0,0,0,1,0,1,1,1,1,0,0,0,1
houseoftiresbcs.com,0,0,0,4,0,0,0,0,0,1,1,1,0,0,0,0,1
www.facebook.com-marketplace-857893.healthportal.pk,0,0,1,0,0,0,0,1,0,1,1,1,1,0,0,0,1
www.theingredients.net,0,0,0,2,0,0,0,0,0,1,1,1,1,0,0,1,1
urlspro.com,0,0,0,1,0,0,0,0,0,1,1,1,0,0,0,0,1
gpbiotech.in,0,0,0,3,0,0,0,0,0,1,1,1,0,0,0,0,1
icloud.com.find.support-lphone.co,0,0,0,0,0,0,0,1,0,1,1,1,0,0,1,0,1
papayayarn.ru,0,0,0,0,0,0,0,0,0,1,1,1,0,0,0,0,1
asadg43sdsa.appspot.com,0,0,0,0,0,0,0,0,0,1,1,1,1,1,0,0,1
site9548676.92.webydo.com,0,0,0,0,0,0,0,0,0,1,1,1,0,0,0,0,1
itaulimite.com,0,0,0,0,0,0,0,0,0,1,1,1,0,0,0,0,1
apple-verivication.cheapelectricnow.net,0,0,0,0,0,0,0,1,0,1,1,1,0,1,0,0,1
www.blondesun.com,0,0,0,1,0,0,0,0,0,1,1,1,0,0,0,0,1
arks.ganeshasolutionz.in,0,0,1,6,1,0,0,0,1,1,1,1,0,0,0,0,1
justlookapp.com,0,0,1,8,0,0,0,0,0,1,1,1,0,0,1,0,1
espaceclientv1.fr,0,0,1,5,0,0,0,0,0,1,1,1,1,0,0,0,1
financehead.com,0,0,0,2,0,0,0,0,0,1,1,1,0,0,1,1,1
courgeon-immobilier.fr,0,0,1,6,0,0,0,1,0,1,1,1,0,0,0,0,1
bit.ly,0,0,0,1,0,0,1,0,0,1,1,1,1,0,0,0,1
sigliving-my.sharepoint.com,0,0,1,5,0,0,0,1,0,1,1,1,0,0,1,0,1
www.jjscdc.cn,0,0,1,2,1,0,0,0,0,1,1,1,1,0,0,0,1
pc9p99ppyuser.azurewebsites.net,0,0,0,1,0,0,0,0,0,1,1,1,0,1,0,0,1
adelahidalgo.com,0,0,1,2,0,0,0,0,0,1,1,1,1,1,1,0,1
www.obomdenegocio.com.br,0,0,1,3,0,0,0,0,0,1,1,1,1,1,0,0,1
depart-recovery-society.my.id,0,0,0,2,0,0,0,1,0,1,1,1,0,0,0,0,1
maranathastudio.com,0,0,1,3,0,0,0,0,0,1,1,1,0,1,0,0,1
belshop.fitcurves.org,0,0,0,2,0,0,0,0,0,1,1,1,0,0,0,1,1
www.jeffersonsgroup.com,0,0,0,2,0,0,0,0,0,1,1,1,1,0,0,0,1
67.199.68.195,1,0,0,1,0,0,0,0,0,1,1,1,0,0,0,0,1
maitee.cl,0,0,1,3,0,0,0,0,0,1,1,1,1,0,0,0,1
matizesesuperficies.pt,0,0,1,4,0,0,0,0,0,1,1,1,0,0,0,1,1
107.180.44.78,1,0,1,1,0,0,0,0,0,1,1,1,0,0,0,0,1
cybergata.com,0,1,1,2,0,0,0,0,0,1,1,1,0,1,0,0,1
pixel.baltic-dragon.ru,0,0,1,3,0,0,0,1,0,1,1,1,1,0,0,0,1
stts-inc.com,0,0,0,2,0,0,0,1,0,1,1,1,0,0,1,0,1
stolizaparketa.ru,0,1,1,7,0,0,0,0,0,1,1,1,0,0,0,1,1
unitus.mk.ua,0,0,1,11,0,0,0,0,0,1,1,1,0,0,0,0,1
www.gkjx168.com,0,0,1,1,1,0,0,0,0,1,1,1,0,0,1,0,1
leadershipauthoritypro.com,0,0,1,3,0,0,0,0,0,1,1,1,0,0,0,0,1
app.box.com,0,0,1,2,0,0,0,0,0,1,1,1,0,0,0,0,1
kaizenpak.com,0,0,1,6,0,0,0,0,0,1,1,1,0,1,0,0,1
safgg34rfdfweqdas.epizy.com,0,0,1,4,0,0,0,0,0,1,1,1,1,0,0,0,1
grrasawstraining.com,0,0,1,2,0,0,0,0,0,1,1,1,0,0,0,0,1
cidadeweb.tv.br,0,0,0,2,0,0,0,0,0,1,1,1,0,0,0,1,1
sua-mae-vai-adora-essa-novidade.com,0,0,1,2,0,0,0,1,0,1,1,1,0,0,1,0,1
evh.com.br,0,0,0,4,0,0,0,0,0,1,1,1,0,0,0,0,1
mythree.xyz,0,0,0,1,0,0,0,0,1,1,1,1,1,0,0,0,1
wave.webaim.org,0,0,1,2,0,0,0,0,0,1,1,1,0,1,0,0,1
agencyatsapp.com,0,0,0,2,0,0,0,0,0,1,1,1,0,0,0,1,1
www.grandbuilders.co.in,0,0,0,1,0,0,0,0,0,1,1,1,0,1,0,1,1
customerservicesupport.my-free.website,0,0,0,0,0,0,0,1,0,1,1,1,0,0,1,0,1
www.ce-ceva.fr,0,0,1,1,0,0,0,1,0,1,1,1,1,0,1,0,1
ryancrosbyyoga.com,0,0,1,4,0,0,0,0,0,1,1,1,1,0,1,0,1
myozhost.com,0,0,0,2,0,0,0,0,0,1,1,1,0,0,0,0,1
instagram.hop.ru,0,0,0,0,0,0,0,0,0,1,1,1,0,0,0,1,1
racingwheelsbike.com,0,0,0,1,0,0,0,0,0,1,1,1,0,0,0,1,1
vk.com,0,0,1,1,0,0,0,0,0,0,0,0,0,0,0,0,1
justlookapp.com,0,0,1,7,0,0,0,0,0,1,1,1,0,0,0,0,1
fes-romania.org,0,1,1,2,0,0,0,1,0,1,1,1,1,0,1,0,1
bank-of-america-secure00.dns05.com,0,0,1,4,0,0,0,1,0,1,1,1,1,1,0,0,1
piramalrealty-mulund.co.in,0,0,0,1,0,0,0,1,0,1,1,1,1,0,0,0,1
173.212.240.54,1,0,0,2,0,0,0,0,0,1,1,1,1,0,0,0,1
mailgcccdeduowa.my-free.website,0,0,0,0,0,0,0,1,0,1,1,1,0,0,0,1,1
u692683meb.ha004.t.justns.ru,0,0,1,1,0,0,0,0,0,1,1,1,0,0,0,0,1
steampres.tk,0,0,1,2,1,0,0,0,1,1,1,1,0,0,0,1,1
barogaleria.com,0,1,1,5,0,0,0,0,0,1,1,1,0,0,1,0,1
cafecitoperez.ivanidzakovic.com,0,0,1,6,0,0,0,0,0,1,1,1,0,0,1,0,1
u692683meb.ha004.t.justns.ru,0,0,1,1,0,0,0,0,0,1,1,1,1,0,0,0,1
cheaproomsvalencia.com,0,0,1,5,0,0,0,0,0,1,1,1,0,0,0,1,1
vensyemall.com,0,0,0,6,0,0,0,0,0,1,1,1,0,0,0,0,1
kergaukr.com,0,0,1,3,0,0,0,0,0,1,1,1,1,0,0,0,1
tomo.lv,0,0,0,3,0,0,0,0,0,1,1,1,0,0,0,0,1
godrejproperties-thane.co.in,0,0,0,1,0,0,0,1,0,1,1,1,0,0,0,1,1
sc57.jdroo.by,0,0,0,2,0,0,0,0,0,1,1,1,1,0,0,0,1
t.co,0,0,0,1,0,0,1,0,0,1,1,1,1,0,0,0,1
storage.googleapis.com,0,1,1,3,0,0,0,0,0,1,1,1,0,0,0,0,1
animalwelfareinc.org,0,0,1,7,0,0,0,0,0,1,1,1,0,0,0,0,1
halestelevision.co.uk,0,0,1,4,0,0,0,0,0,1,1,1,0,0,0,1,1
bbfunding-my.sharepoint.com,0,0,1,5,0,0,0,1,0,1,1,1,0,0,1,0,1
churchbrm.org,0,0,0,1,0,0,0,0,0,1,1,1,0,0,0,0,1
www.mychase-online.com,0,0,0,1,0,0,0,1,0,1,1,1,0,0,0,0,1
main12312312312.000webhostapp.com,0,0,0,0,0,0,0,0,1,1,1,1,0,0,0,0,1
atendimento-sac-pg.joomla.com,0,0,1,3,0,0,0,1,0,1,1,1,0,0,0,0,1
starllingequity.com,0,0,0,0,0,0,0,0,0,1,1,1,0,0,0,0,1
sltru.org.uk,0,0,0,3,0,0,0,0,0,1,1,1,1,0,0,0,1
dunggiodrilling.com,0,0,1,5,0,0,0,0,0,1,1,1,0,0,0,1,1
nordichairistanbul.com,0,0,1,3,0,0,0,0,0,1,1,1,0,0,0,0,1
itsallaboutthetubmans.com,0,0,1,2,0,0,0,0,0,1,1,1,0,0,0,0,1
kaizenpak.com,0,0,0,2,0,0,0,0,0,1,1,1,0,1,0,0,1
mvhp.com.br,0,0,0,2,0,0,0,0,0,1,1,1,0,0,0,0,1
www.duluthwaterproofingmoldremoval.com,0,0,1,5,0,0,0,0,0,1,1,1,0,0,0,1,1
southcountyclassified.com,0,0,1,5,0,0,0,0,0,1,1,1,0,0,0,1,1
immbanjarbaru.com,0,0,0,3,0,0,0,0,0,1,1,1,0,0,0,1,1
storage.googleapis.com,0,0,1,2,0,0,0,0,0,1,1,1,1,0,0,0,1
aurapropaganda.com,0,0,1,6,0,0,0,0,0,1,1,1,1,0,0,0,1
mysp.ac,0,0,0,1,0,0,0,0,0,1,1,1,0,0,0,0,1
my3billing-three.com,0,0,0,0,0,0,0,1,0,1,1,1,1,0,0,0,1
azecra.com,0,0,0,3,0,0,0,0,0,1,1,1,0,0,0,0,1
www.mytanfarma.com,0,0,1,5,0,0,0,0,0,1,1,1,0,1,0,0,1
firebasestorage.googleapis.com,0,0,1,5,0,0,0,0,0,1,1,1,0,0,0,0,1
magazine-luiza9.xtechcommerce.com,0,0,1,2,0,0,0,1,0,1,1,1,0,0,0,0,1
alasbah.com,0,0,1,7,0,0,0,0,0,1,1,1,0,0,0,1,1
xnxx.getit12.com,0,0,0,0,0,0,0,0,0,1,1,1,0,0,0,1,1
my3billing-three.com,0,0,0,0,0,0,0,1,0,1,1,1,0,0,0,0,1
cetobacco.com,0,0,1,6,0,0,0,0,0,1,1,1,0,0,0,0,1
www.decifra.com.br,0,0,1,3,0,0,0,0,0,1,1,1,1,0,0,1,1
schachkraft.de,0,0,1,3,0,0,0,0,0,1,1,1,0,0,0,0,1
lynshirt.com,0,0,1,6,0,0,0,0,0,1,1,1,0,0,0,0,1
withinmyskin.com,0,1,0,1,0,0,0,0,0,1,1,1,0,0,1,0,1
myparc.sharepoint.com,0,0,1,3,0,0,0,0,0,1,1,1,0,0,1,0,1
educacion.rionegro.gov.ar,0,0,1,10,0,0,0,0,0,1,1,1,0,0,0,0,1
www.alertasexito.com,0,0,0,0,0,0,0,0,0,1,1,1,0,0,0,0,1
chat-whatsapp21.qpoe.com,0,0,0,1,0,0,0,1,0,1,1,1,0,0,0,1,1
www.53.com-id9533371.thoughtoholics.net,0,0,1,2,0,0,0,1,0,1,1,1,1,0,0,0,1
www.ps-chro44.com,0,0,1,4,0,0,0,1,0,1,1,1,1,0,0,0,1
grupoenercon.com.sv,0,0,0,1,0,0,0,0,0,1,1,1,0,0,0,0,1
mariavandana.com,0,0,0,1,0,0,0,0,0,1,1,1,0,1,1,1,1
qvkw.000webhostapp.com,0,0,0,0,0,0,0,0,1,1,1,1,0,0,0,0,1
verifedby3.com,0,0,0,1,0,0,0,0,0,1,1,1,0,1,0,1,1
bebegimlebuyuyorum.blog,0,0,1,5,0,0,0,0,0,1,1,1,0,1,0,0,1
livraisonspeed01.cloudaccess.host,0,0,1,4,0,0,0,0,0,1,1,1,0,1,0,0,1
www.gfcvw.com,0,1,1,6,0,0,0,0,0,1,1,1,0,0,0,0,1
parafiaczarkow.ns48.pl,0,0,1,4,0,0,0,0,0,1,1,1,0,0,1,0,1
www.buildingtradesnetwork.com,0,1,1,4,0,0,0,0,0,1,1,1,1,1,0,1,1
www.grindtimegym.com,0,0,1,4,0,0,0,0,0,1,1,1,0,0,0,0,1
exploreasianow.com,0,0,0,3,0,0,0,0,0,1,1,1,1,1,0,1,1
livecalgary.com,0,0,0,4,0,0,0,0,0,1,1,1,0,0,0,0,1
medienschmiede-sander.de,0,0,1,2,0,0,0,1,0,1,1,1,1,0,0,0,1
atendimento.rnp.br,0,0,1,2,0,0,0,0,0,1,1,1,0,0,0,0,1
www.hitekscaffolding.co.uk,0,0,0,2,0,0,0,0,0,1,1,1,1,0,0,1,1
www.entraegypt.com,0,0,0,1,0,0,0,0,0,1,1,1,0,0,0,0,1
urlz.fr,0,0,0,1,0,0,0,0,0,1,1,1,0,0,0,0,1
gabungg-gruppwhattsapp18.ftp1.biz,0,0,0,0,0,0,0,1,0,1,1,1,1,0,0,0,1
05.my03.com,0,0,0,1,0,0,0,0,0,1,1,1,1,0,0,0,1
popatratso.dynv6.net,0,0,1,15,0,0,0,0,0,1,1,1,0,0,0,0,1
primainterchem-my.sharepoint.com,0,0,1,4,0,0,0,1,0,1,1,1,0,0,1,1,1
firebasestorage.googleapis.com,0,1,1,5,0,0,0,0,0,1,1,1,0,0,0,0,1
175.107.206.134,1,0,1,4,0,0,0,0,0,1,1,1,0,0,0,1,1
www.orioncoreltd.com,0,0,1,3,0,0,0,0,0,1,1,1,0,0,0,0,1
evangelicalfriendsmission-my.sharepoint.com,0,0,1,5,0,0,0,1,0,1,1,1,0,0,0,0,1
pfgventures-my.sharepoint.com,0,0,1,5,0,0,0,1,0,1,1,1,0,0,0,0,1
po.do,0,0,0,1,0,0,0,0,0,1,1,1,0,0,0,0,1
lynkos.com.br,0,0,0,1,0,0,0,0,0,1,1,1,0,0,0,0,1
ersfilter-my.sharepoint.com,0,0,1,5,0,0,0,1,0,1,1,1,0,0,0,0,1
bravobeveiliging-my.sharepoint.com,0,0,1,5,0,0,0,1,0,1,1,1,1,1,1,0,1
complainerscla.xyz,0,0,0,2,0,0,0,0,1,1,1,1,0,0,0,0,1
lucidfestival.com,0,0,1,6,0,0,0,0,0,1,1,1,0,0,0,0,1
vmorefraud.com,0,0,0,3,0,0,0,0,0,1,1,1,0,1,0,0,1
www.voipoid.com,0,0,0,1,0,0,0,0,0,1,1,1,1,0,0,1,1
attcontactus.weebly.com,0,0,0,0,0,0,0,0,0,1,1,1,0,0,0,0,1
myrnd.info,0,0,1,8,0,0,0,0,0,1,1,1,1,0,0,0,1
pyvn.be,0,0,1,2,0,0,0,0,0,1,1,1,0,0,0,0,1
www.mysurveygizmo.com,0,0,0,3,0,0,0,0,0,1,1,1,0,0,0,0,1
pedidocomdesconto.com,0,0,0,2,0,0,0,0,0,1,1,1,0,0,0,0,1
kaizenpak.com,0,0,1,6,0,0,0,0,0,1,1,1,0,0,0,0,1
www.bigfatdevelopment.com,0,0,0,2,0,0,0,0,0,1,1,1,0,0,1,0,1
tableau-et-compagnie.fr:443,0,0,0,1,0,0,0,1,0,1,1,1,0,0,0,0,1
blufibras.com.br,0,1,1,3,0,0,0,0,0,1,1,1,1,1,0,1,1
www.theingredients.net,0,0,0,2,0,0,0,0,0,1,1,1,0,0,0,1,1
bemvivergoservicos.com,0,0,0,0,0,0,0,0,0,1,1,1,0,1,0,0,1
www.urakusushi.com,0,0,1,7,0,0,0,0,0,1,1,1,0,0,0,0,1
docs.google.com,0,0,1,5,0,0,0,0,0,0,0,0,1,0,0,0,1
golfballsonline.com,0,0,0,2,0,0,0,0,0,1,1,1,1,1,0,1,1
santaremplay.com.br,0,0,0,2,0,0,0,0,0,1,1,1,0,0,0,0,1
sieck-kuehlsysteme.de,0,1,1,4,0,0,0,1,0,1,1,1,0,0,0,1,1
www.bankofamericaonlinesignin.net,0,0,0,0,0,0,0,0,0,1,1,1,0,1,0,0,1
wordpress.brouser.net,0,0,1,4,0,0,0,0,0,1,1,1,1,0,0,0,1
geekandartsy.com,0,0,1,7,0,0,0,0,0,1,1,1,0,0,0,0,1
mockup.metradigitalmedia.com,0,0,0,2,0,0,0,0,0,1,1,1,0,0,0,0,1
www.tudosobretudo.blog.br,0,0,1,2,0,0,0,0,0,1,1,1,0,0,0,0,1
pedroserrano.cl,0,0,0,3,0,0,0,0,0,1,1,1,1,0,0,0,1
www.receba-emcasa-bahianiinho.com,0,0,1,2,0,0,0,1,0,1,1,1,0,1,0,1,1
hoobpromoticon.gq,0,0,0,0,0,0,0,0,1,1,1,1,0,1,0,0,1
kavc.org,0,0,0,2,0,0,0,0,0,1,1,1,1,0,0,0,1
night-kingdom.mysteria.cz,0,0,0,1,0,0,0,1,0,1,1,1,0,0,0,0,1
csknow.clicknkids.com,0,0,1,4,0,0,0,0,1,1,1,1,1,0,0,0,1
www.tptelecom.it,0,0,1,6,0,0,0,0,0,1,1,1,0,0,0,0,1
cartoworld.co.ke,0,0,1,4,0,0,0,0,0,1,1,1,0,0,0,0,1
elpla.pl,0,0,0,3,0,0,0,0,0,1,1,1,0,0,0,0,1
peruanatravel.com,0,0,0,1,0,0,0,0,0,1,1,1,0,0,0,0,1
integrityozonesolutions.com,0,0,1,4,0,0,0,0,0,1,1,1,0,0,1,0,1
hrsoftware.in.th,0,0,1,6,0,0,0,0,0,1,1,1,0,0,1,0,1
atagucsea.com,0,0,1,5,0,0,0,0,0,1,1,1,0,0,0,0,1
cummingstrack.buzz,0,0,0,4,0,0,0,0,0,1,1,1,0,1,0,1,1
happypur.com,0,0,0,1,0,0,0,0,0,1,1,1,0,0,0,0,1
www.paxful.com.transfer.boubit.com,0,0,0,0,0,0,0,0,0,1,1,1,0,0,0,0,1
ty364tsdsaf.appspot.com,0,1,1,2,0,0,0,0,0,1,1,1,0,1,0,0,1
bet365dhw.net,0,0,0,2,0,0,0,0,0,1,1,1,1,0,0,0,1
docs.google.com,0,0,1,5,0,0,0,0,0,0,0,0,0,0,0,0,1
www.ciera.my,0,0,0,1,0,0,0,0,0,1,1,1,0,0,0,1,1
berrycollege2-my.sharepoint.com,0,0,1,5,0,0,0,1,0,1,1,1,1,0,0,0,1
wuteh.a100.com.pl,0,1,1,6,0,0,0,0,0,1,1,1,0,0,0,0,1
hobbhobby.ru,0,0,1,4,0,0,0,0,0,1,1,1,0,0,0,0,1
pennysolvers.co.uk,0,0,1,2,0,0,0,0,0,1,1,1,0,0,1,0,1
aktuell-new-regelungsk.xyz,0,0,1,0,0,0,0,1,1,1,1,1,0,0,1,0,1
www.u708953pu8.ha004.t.justns.ru,0,0,0,1,0,0,0,0,0,1,1,1,0,0,1,0,1
www.fuentesfidedignas.com.mx,0,0,1,5,0,0,0,0,0,1,1,1,0,0,0,1,1
pd-iskra-lj.si,0,0,1,3,0,0,0,1,0,1,1,1,0,0,0,0,1
playarprint.com,0,0,1,2,0,0,0,0,0,1,1,1,0,0,0,0,1
betasusgir17.blogspot.com,0,0,0,0,0,0,0,0,0,1,1,1,0,0,0,0,1
smileesthetic.com.br,0,0,1,4,0,0,0,0,0,1,1,1,1,0,0,1,1
aspopontoglio.it,0,0,0,2,0,0,0,0,0,1,1,1,0,1,0,0,1
sonicaled.com,0,0,0,1,0,0,0,0,0,1,1,1,0,1,0,0,1
fanxtv.info,0,0,0,1,0,0,0,0,0,1,1,1,0,1,0,0,1
creditiperhabbogratissicuro100.blogspot.it,0,0,1,3,0,0,0,0,0,1,1,1,0,0,0,1,1
www.zonsa.biz,0,0,1,2,0,0,0,0,0,1,1,1,0,0,0,0,1
email2-server-0utlook.gq,0,1,1,2,1,0,0,1,1,1,1,1,0,0,0,1,1
polarklimatsgserver.blogspot.com,0,0,0,0,0,0,0,0,0,1,1,1,0,0,0,0,1
openinraleigh.com,0,0,1,2,0,0,0,0,0,1,1,1,1,0,0,0,1
southernpacker.co.in,0,0,0,2,0,0,0,0,0,1,1,1,1,0,0,0,1
kukubun.com,0,0,0,3,0,0,0,0,0,1,1,1,0,0,0,0,1
iwalkrunrace.com,0,1,1,5,0,0,0,0,0,1,1,1,0,1,0,0,1
hafezmusic.ir,0,0,1,4,0,0,0,0,0,1,1,1,1,1,0,0,1
www.tucontaweb.com,0,0,0,1,0,0,0,0,0,1,1,1,0,0,1,0,1
construpir.com.br,0,0,0,1,0,0,0,0,0,1,1,1,0,0,0,0,1
test96316.test-account.com,0,0,1,3,0,0,0,1,0,1,1,1,0,1,0,0,1
www.duluthwaterproofingmoldremoval.com,0,0,1,6,0,0,0,0,0,1,1,1,0,0,1,0,1
08group.tv,0,0,1,2,0,0,0,0,0,1,1,1,0,0,0,0,1
kdhdrer1.weebly.com,0,0,0,1,0,0,0,0,0,1,1,1,0,1,0,0,1
c1800258.ferozo.com,0,0,0,4,0,0,0,0,0,1,1,1,0,0,0,0,1
trustveda.com,0,0,1,5,0,0,0,0,0,1,1,1,0,0,0,0,1
livestudentccc-my.sharepoint.com,0,0,1,5,0,0,0,1,0,1,1,1,0,0,0,0,1
www.citigroupsmy.com,0,0,0,1,0,0,0,0,0,1,1,1,0,0,0,1,1
kirkwoodbowlfoundation.org,0,0,1,4,0,0,0,0,0,1,1,1,0,0,0,0,1
ip-132-148-145-99.ip.secureserver.net,0,0,1,1,0,0,0,1,0,1,1,1,0,0,0,1,1
whenandwheretravel.com,0,0,1,5,0,0,0,0,0,1,1,1,0,0,0,0,1
wkrprime.com.br,0,0,1,4,0,0,0,0,0,1,1,1,0,0,0,0,1
wvvw.telecreditobcpn.com,0,0,0,0,0,0,0,0,0,1,1,1,1,1,0,0,1
pd-iskra-lj.si,0,0,1,5,0,0,0,1,0,1,1,1,0,0,0,1,1
forms.office.com,0,0,1,2,0,0,0,0,0,0,0,0,0,0,0,0,1
betasus332.blogspot.com,0,0,0,0,0,0,0,0,0,1,1,1,0,0,0,0,1
gitlab.2nf.vn,0,0,0,2,0,0,0,0,0,1,1,1,0,0,1,0,1
coaltur.com,0,0,0,4,0,0,0,0,0,1,1,1,0,0,0,0,1
www.theingredients.net,0,0,0,2,0,0,0,0,0,1,1,1,0,0,0,0,1
justlookapp.com,0,0,1,7,0,0,0,0,0,1,1,1,0,0,0,0,1
adexten.com,0,0,1,0,0,0,0,0,0,1,1,1,0,0,1,0,1
0i.is,0,0,0,1,0,0,0,0,0,1,1,1,0,1,0,0,1
www.testing-adjusting-balancing.com,0,0,1,2,0,0,0,1,0,1,1,1,0,1,0,0,1
eliotecae-my.sharepoint.com,0,0,1,5,0,0,0,1,0,1,1,1,0,0,1,0,1
rashetfustuk.com,0,0,0,2,0,0,0,0,0,1,1,1,0,0,0,0,1
8hsfskj.app.link,0,0,0,0,0,0,0,0,0,1,1,1,0,0,0,0,1
elonhelper.io,0,0,0,0,0,0,0,0,0,1,1,1,0,0,0,0,1
saar05-leichtathletik.de,0,0,1,3,0,0,0,1,0,1,1,1,1,0,0,0,1
lamvb.czweb.org,0,0,0,1,0,0,0,0,0,1,1,1,0,0,0,1,1
presentemamaeonline.com,0,0,0,2,0,0,0,0,0,1,1,1,0,0,0,1,1
mail.verzekeringskantoorhanssmit.nl,0,0,1,2,0,0,0,0,0,1,1,1,0,0,0,0,1
fb-recovery-10000076929-it.tk,0,0,1,1,0,0,0,1,1,1,1,1,0,0,0,1,1
kiwanplusa.blogspot.com,0,0,0,0,0,0,0,0,0,1,1,1,0,1,0,0,1
www.bolsadoconsorcio.com.br,0,0,1,2,0,0,0,0,0,1,1,1,1,1,0,0,1
www.equalchances.org,0,0,1,4,0,0,0,0,0,1,1,1,0,0,0,1,1
www.atefnet.com,0,0,1,4,0,0,0,0,0,1,1,1,0,0,0,0,1
juegosdemesamodernos.com,0,0,1,7,0,0,0,0,0,1,1,1,0,0,0,0,1
bazkat-71.ml,0,0,0,4,0,0,0,1,1,1,1,1,0,0,0,0,1
www.amazon.co.jp.wfd1gr2ed4eg9fdadhs.buzz,0,0,0,0,0,0,0,0,0,1,1,1,0,0,0,0,1
conhantaohpg.com,0,0,1,6,0,0,0,0,0,1,1,1,0,0,1,1,1
lgsolar.de,0,0,0,3,0,0,0,0,0,1,1,1,1,0,1,0,1
avaceklpterms.ga,0,0,0,1,0,0,0,0,1,1,1,1,0,0,0,0,1
razultraafa.cloudaccess.host,0,0,0,1,0,0,0,0,0,1,1,1,1,0,0,0,1
pg-series-atendimento.joomla.com,0,0,1,2,0,0,0,1,0,1,1,1,0,0,1,1,1
hydrolyzeultra.com,0,0,0,2,0,0,0,0,0,1,1,1,1,0,0,0,1
bebitcoin.ru,0,0,0,0,0,0,0,0,0,1,1,1,1,0,0,0,1
bcpzonasegurabeta.viabcp.com.luke-hancock.com,0,0,1,2,0,0,0,1,0,1,1,1,0,1,0,0,1
wordisworld.com,0,0,1,3,0,0,0,0,0,1,1,1,0,0,0,0,1
chulyonfr.creatorlink.net,0,0,0,0,0,0,0,0,0,1,1,1,0,0,0,0,1
www.hairdame.com,0,0,0,1,0,0,0,0,0,1,1,1,0,0,0,0,1
staffordpropertygroup.com.au,0,0,0,2,0,0,0,0,0,1,1,1,1,0,0,1,1
www.paxful.com.transfer.boubit.com,0,0,0,0,0,0,0,0,0,1,1,1,0,0,0,0,1
kmind.cl,0,0,1,7,0,0,0,0,0,1,1,1,1,0,0,0,1
cscclabs.com,0,0,1,5,0,0,0,0,0,1,1,1,0,0,0,0,1
www.vertulounge.com,0,0,0,2,0,0,0,0,0,1,1,1,0,0,0,0,1
ebay.co.uk.12314358311.kim,0,0,0,0,0,0,0,0,0,1,1,1,0,0,0,1,1
artfullyrestless.com,0,0,1,4,0,0,0,0,0,1,1,1,0,0,0,0,1
kukubun.com,0,0,0,3,0,0,0,0,0,1,1,1,0,0,0,0,1
funeo.com,0,0,1,5,0,0,0,0,0,1,1,1,1,0,0,0,1
chat-whatsapp.grup-wa69.ga,0,0,0,0,0,0,0,1,1,1,1,1,0,0,0,0,1
digibarre.pt,0,0,0,4,0,0,0,0,0,1,1,1,0,0,1,1,1
code19smartkey.com,0,0,0,2,0,0,0,0,0,1,1,1,0,0,0,1,1
bgmedia.at,0,0,0,1,0,0,0,0,0,1,1,1,0,0,0,1,1
www.candlesgarden.com,0,0,1,6,0,0,0,0,0,1,1,1,0,0,0,0,1
han.gl,0,0,0,1,0,0,0,0,0,1,1,1,1,0,0,0,1
act2succeed.com,0,0,0,2,0,0,0,0,0,1,1,1,0,1,0,0,1
ouraring-my.sharepoint.com,0,0,1,5,0,0,0,1,0,1,1,1,0,0,0,0,1
swiofishznz.go.tz,0,0,1,5,0,0,0,0,0,1,1,1,1,0,0,1,1
sanjoaquinvalleybrewfest.com,0,1,1,8,0,0,0,0,0,1,1,1,1,0,0,0,1
storage.googleapis.com,0,0,1,3,0,0,0,0,0,1,1,1,0,0,1,0,1
fr.proxy.al,0,0,1,2,0,0,0,0,0,1,1,1,0,1,0,1,1
pecasdecozinha.com,0,0,1,2,0,0,0,0,0,1,1,1,1,0,0,1,1
www.bolsadoconsorcio.com.br,0,0,1,6,0,0,0,0,0,1,1,1,0,0,0,0,1
ap-login.com,0,0,1,1,0,0,0,1,0,1,1,1,1,0,0,0,1
secure-account-info.openvcsme.cf,0,0,1,1,0,0,0,1,1,1,1,1,0,0,0,0,1
vkoltakti.webservis.ru,0,0,0,0,0,0,0,0,0,1,1,1,0,0,0,1,1
infobank.app.link,0,0,0,0,0,0,0,0,0,1,1,1,1,1,0,0,1
iustrandellda.blogspot.com,0,0,1,3,0,0,0,0,0,1,1,1,0,0,0,1,1
hyperurl.co,0,0,0,1,0,0,0,0,0,1,1,1,0,0,0,0,1
u1047531.cp.regruhosting.ru,0,0,1,2,0,0,0,0,0,1,1,1,0,0,0,0,1
starmak.com.tr,0,0,1,1,0,0,0,0,0,1,1,1,0,1,0,0,1
msonearquitetura.com.br,0,0,1,5,0,0,0,0,0,1,1,1,0,0,0,0,1
www.123formbuilder.com,0,0,0,1,0,0,0,0,0,1,1,1,0,0,0,0,1
st-amu-cz.my-free.website,0,0,0,0,0,0,0,1,0,1,1,1,0,0,0,0,1
panda1gfds.byethost4.com,0,0,0,1,0,0,0,0,0,1,1,1,0,0,1,0,1
sekcja-parkinson.org.pl,0,0,0,1,0,0,0,1,0,1,1,1,0,1,0,1,1
kyprianouk.com,0,0,0,3,0,0,0,0,0,1,1,1,0,0,1,0,1
www-scotiiabaank-com-mx.i7520.xyz,0,0,1,2,0,0,0,1,1,1,1,1,0,0,0,1,1
mathbariatimes.com,0,0,0,2,0,0,0,0,0,1,1,1,0,0,0,0,1
estomedic.com,0,0,0,3,0,0,0,0,0,1,1,1,0,0,0,0,1
clients.furleypage.co.uk,0,0,0,2,0,0,0,0,0,1,1,1,0,0,0,0,1
www.heeressport.at,0,0,0,3,0,0,0,0,0,1,1,1,0,0,0,0,1
accurate-engineers.in,0,0,0,2,0,0,0,1,0,1,1,1,0,0,0,0,1
tradoauc.com,0,0,0,2,0,0,0,0,0,1,1,1,1,0,0,0,1
jissr.org,0,0,1,2,0,0,0,0,0,1,1,1,0,0,0,0,1
reencuentro.agapesv.org,0,0,1,2,0,0,0,0,0,1,1,1,1,0,0,0,1
irmasbeneditinasdp.com.br,0,0,1,4,0,0,0,0,0,1,1,1,0,0,0,1,1
pmm.ac.in,0,0,0,4,0,0,0,0,0,1,1,1,0,1,1,0,1
viibes.com,0,0,1,4,0,0,0,0,0,1,1,1,0,1,0,0,1
ofam.com.ru,0,0,0,1,0,0,0,0,0,1,1,1,1,0,0,1,1
storage.googleapis.com,0,0,1,3,0,0,0,0,0,1,1,1,0,0,0,0,1
xn--sparkass-i1a.connect-1412.de,0,0,1,2,0,0,0,1,0,1,1,1,0,0,0,1,1
bh068.app.link,0,0,0,1,0,0,0,0,0,1,1,1,0,0,0,0,1
kwcplgroup.com,0,1,1,3,0,0,0,0,0,1,1,1,0,0,0,0,1
94.177.232.252,1,0,1,4,0,0,0,0,0,1,1,1,1,0,0,0,1
www.bp-atualiza-app.com,0,0,1,3,0,0,0,1,0,1,1,1,0,0,0,0,1
test.www.exoret.com,0,0,0,0,0,0,0,0,0,1,1,1,0,0,0,0,1
lacasadelmanitas.com,0,0,0,1,0,0,0,0,0,1,1,1,0,0,1,0,1
donslan.com,0,0,1,6,0,0,0,0,0,1,1,1,0,0,0,0,1
xn--bankofmerca-3ij68171c.vg,0,0,0,0,0,0,0,1,0,1,1,1,0,0,0,0,1
soo.gd,0,0,0,1,0,0,0,0,0,1,1,1,1,0,0,0,1
cbox.cf,0,0,0,1,0,0,0,0,1,1,1,1,1,0,1,0,1
s2pe7ed9y.rj.r.appspot.com,0,1,1,1,0,0,0,0,0,1,1,1,0,1,0,0,1
atendimento-sac-pg.joomla.com,0,0,1,3,0,0,0,1,0,1,1,1,0,0,0,0,1
mail.meetingsguide.nl,0,0,1,2,0,0,0,0,0,1,1,1,0,0,1,0,1
themedisupply.com,0,0,1,3,0,0,0,0,0,1,1,1,0,0,0,0,1
tony-ng.com,0,0,0,3,0,0,0,1,0,1,1,1,0,0,0,0,1
trbetasusgir.blogspot.com,0,0,0,0,0,0,0,0,0,1,1,1,0,0,0,0,1
rebrand.ly,0,0,0,1,0,0,0,0,0,1,1,1,0,0,0,0,1
updateappcaixa.com,0,0,0,0,0,0,0,0,0,1,1,1,0,0,0,0,1
globalnetinternet.com,0,0,1,6,0,0,0,0,0,1,1,1,0,0,1,0,1
www.radiadorescamargo.com.br,0,0,0,1,0,0,0,0,0,1,1,1,0,0,0,0,1
www.abdnepal.com,0,0,0,3,0,0,0,0,0,1,1,1,0,0,0,0,1
www.grindtimegym.com,0,0,1,6,0,0,0,0,0,1,1,1,0,0,0,0,1
www.mhsconsis.com.br,0,0,0,1,0,0,0,0,0,1,1,1,0,0,0,0,1
radiozonax.cl,0,0,0,0,0,0,0,0,0,1,1,1,0,0,0,0,1
betasusguncelgirisimiz4.blogspot.com,0,0,0,0,0,0,0,0,0,1,1,1,0,0,0,0,1
maniafm.cl,0,0,0,1,0,0,0,0,0,1,1,1,0,0,0,0,1
glosowanie-kliknij.zaglosuj-teraz.eu,0,0,0,0,0,0,0,1,0,1,1,1,0,0,1,1,1
bpl.kr,0,0,0,1,0,0,0,0,0,1,1,1,0,0,1,0,1
zdriveraspadrino.tk,0,0,0,1,0,0,0,0,1,1,1,1,0,0,0,1,1
smsvocal.byethost13.com,0,0,0,0,0,0,0,0,0,1,1,1,0,0,0,0,1
livraisonspeed01.cloudaccess.host,0,0,1,2,0,0,0,0,0,1,1,1,0,0,0,0,1
www.infopublishersassociation.com,0,0,1,8,0,0,0,0,0,1,1,1,0,1,0,0,1
adislpe.co.uk,0,0,0,1,0,0,0,0,0,1,1,1,1,1,0,0,1
abril-zerando-o-estoque-4-k.com,0,0,1,1,0,0,0,1,0,1,1,1,0,0,0,0,1
www18.felizmaes-online.com,0,0,1,5,0,0,0,1,0,1,1,1,0,0,0,0,1
facebook.com.twostartraders.com.np,0,0,0,0,0,0,0,0,0,1,1,1,0,0,0,1,1
raifreisenonline.com,0,0,0,2,0,0,0,0,0,1,1,1,1,0,0,0,1
payfreee1984.000webhostapp.com,0,0,1,3,0,0,0,0,1,1,1,1,0,0,0,0,1
ggsales.ru,0,0,0,0,0,0,0,0,0,1,1,1,0,0,0,0,1
i-to.cc,0,0,0,1,0,0,0,1,0,1,1,1,0,0,0,0,1
estarjuntosemestarpertoo0.com,0,0,0,1,0,0,0,0,0,1,1,1,0,0,0,1,1
educacion.rionegro.gov.ar,0,0,1,9,0,0,0,0,0,1,1,1,0,0,0,1,1
evnt.com.br,0,0,1,10,0,0,0,0,0,1,1,1,0,1,0,0,1
likeshare.hop.ru,0,0,0,0,0,0,0,0,0,1,1,1,0,0,0,0,1
skecherstanio.pl,0,0,0,0,0,0,0,0,0,1,1,1,1,0,0,1,1
fb-recovery-10000076914-it.tk,0,0,1,1,0,0,0,1,1,1,1,1,0,0,0,0,1
toprankingyoutube.com,0,0,0,3,0,0,0,0,0,1,1,1,0,1,0,0,1
www.nonaisazeh.com,0,0,0,1,0,0,0,0,0,1,1,1,0,0,0,0,1
scotiabank-com-mx.acceso-cliente.com,0,0,0,0,0,0,0,1,0,1,1,1,0,1,1,0,1
sinyora.club,0,0,1,9,0,0,0,0,0,1,1,1,0,0,0,1,1
protection-phone.fun,0,0,0,1,0,0,0,1,0,1,1,1,1,0,0,0,1
americanas-promo.semanalsuper.com,0,0,1,0,1,0,0,1,0,1,1,1,0,0,0,0,1
esapcepro-org.com,0,0,1,4,0,0,0,1,0,1,1,1,0,0,1,0,1
secure.runescape.com-en.ru,0,0,1,2,0,0,0,1,0,1,1,1,0,0,0,0,1
www.thenine9.com,0,0,0,2,0,0,0,0,0,1,1,1,0,1,0,0,1
gg.gg,0,0,0,1,0,0,0,0,0,1,1,1,1,0,0,1,1
lucidfestival.com,0,0,1,6,0,0,0,0,0,1,1,1,0,0,0,0,1
i-to.cc,0,0,0,1,0,0,0,1,0,1,1,1,0,0,1,0,1
auto-bot.me,0,0,0,0,0,0,0,1,0,1,1,1,0,0,0,0,1
jppost-ru.co,0,0,0,1,0,0,0,1,0,1,1,1,0,0,1,0,1
today-is-my-day.com,0,0,1,5,0,0,0,1,0,1,1,1,0,0,1,1,1
oceanvibes.com.au,0,0,1,3,0,0,0,0,0,1,1,1,0,0,0,0,1
longislandtopten.buzz,0,0,0,1,0,0,0,0,0,1,1,1,0,0,0,0,1
playarprint.com,0,0,1,2,0,0,0,0,0,1,1,1,0,0,0,0,1
prakasaws.com,0,0,1,8,0,0,0,0,0,1,1,1,0,0,0,0,1
hostcup.info,0,0,0,0,0,0,0,0,0,1,1,1,0,0,0,1,1
hotelroyalcliff.com,0,0,0,1,0,0,0,0,0,1,1,1,0,0,0,1,1
www.u708953pu8.ha004.t.justns.ru,0,0,1,2,0,0,0,0,0,1,1,1,0,1,0,0,1
home0customer00alertshoersystemcpo42fwon.000webhostapp.com,0,0,1,6,0,0,0,0,1,1,1,1,1,0,0,0,1
meduchet.com,0,0,1,7,0,0,0,0,0,1,1,1,0,0,0,0,1
kenovel.store,0,0,0,1,0,0,0,0,0,1,1,1,0,0,0,0,1
docs.google.com,0,0,1,5,0,0,0,0,0,0,0,0,0,0,1,0,1
xn--sparkass-i1a.connect-1412.de,0,0,1,2,0,0,0,1,0,1,1,1,0,0,0,0,1
atendimento-sac-pg.joomla.com,0,0,0,1,0,0,0,1,0,1,1,1,0,0,0,0,1
ht.ly,0,0,0,1,0,0,0,0,0,1,1,1,1,0,0,0,1
ce32838.tmweb.ru,0,0,1,5,0,0,0,0,0,1,1,1,0,0,0,1,1
alighierict.com.ru,0,0,0,0,0,0,0,0,0,1,1,1,0,0,0,0,1
rishishwarfoundation.com,0,0,1,9,0,0,0,0,0,1,1,1,0,0,0,0,1
www.grrasawstraining.com,0,0,1,2,0,0,0,0,0,1,1,1,0,0,0,0,1
maticcoupon.com,0,0,1,6,0,0,0,0,0,1,1,1,0,0,0,1,1
technoquadrants.us,0,0,1,5,0,0,0,0,0,1,1,1,0,0,0,0,1
cscclabs.com,0,0,1,5,0,0,0,0,0,1,1,1,0,0,0,0,1
shriganeshchemical.com,0,0,0,1,0,0,0,0,0,1,1,1,0,0,1,0,1
bmttcbari.com,0,0,0,3,0,0,0,0,0,1,1,1,0,0,0,0,1
zohard.com,0,0,1,8,0,0,0,0,0,1,1,1,1,0,0,0,1
www.resistthemundane.com,0,0,0,1,0,0,0,0,0,1,1,1,0,0,0,0,1
www.momos-ambachtelijkeijs.nl,0,0,1,4,0,0,0,1,0,1,1,1,0,0,0,0,1
ekramuzzaman.com,0,0,1,3,0,0,0,0,0,1,1,1,0,1,0,0,1
americanascovidshop.com,0,0,1,2,0,0,0,0,0,1,1,1,0,0,1,0,1
www.ychat.somee.com,0,0,0,1,0,0,0,0,0,1,1,1,1,0,0,0,1
157.240.2.20,1,0,0,0,0,0,0,0,0,1,1,1,0,0,0,0,1
swahasteel.in,0,0,0,2,0,0,0,0,0,1,1,1,0,1,1,1,1
hrweb99.com,0,0,0,5,0,0,0,0,0,1,1,1,0,0,0,0,1
www.vakantieverhuur.be,0,0,1,4,0,0,0,0,0,1,1,1,0,0,0,0,1
gawvs.in,0,0,1,3,0,0,0,0,0,1,1,1,0,0,0,0,1
u712503qo5.ha004.t.justns.ru,0,0,1,3,0,0,0,0,0,1,1,1,1,0,0,0,1
daidopresente.com,0,0,1,2,0,0,0,0,0,1,1,1,0,1,0,0,1
pstratiinc.com,0,0,1,2,0,0,0,0,0,1,1,1,0,0,0,0,1
bcpzonasegurabeta.viabcpe.xyz,0,0,0,1,0,0,0,0,1,1,1,1,1,0,0,0,1
alumdecor.ru,0,1,1,3,0,0,0,0,0,1,1,1,0,0,0,0,1
joankaslaan.com,0,0,0,1,0,0,0,0,0,1,1,1,1,0,0,0,1
docs.google.com,0,0,1,4,0,0,0,0,0,0,0,0,0,0,0,0,1
lum4.com,0,0,0,1,0,0,0,0,0,1,1,1,0,0,1,1,1
documentos.sfo2.digitaloceanspaces.com,0,0,1,1,0,0,0,0,0,1,1,1,0,0,0,1,1
csgoguns.ru.com,0,0,0,0,0,0,0,0,0,1,1,1,0,0,1,0,1
ummamiexpress.com,0,0,1,2,0,0,0,0,0,1,1,1,0,0,1,0,1
tls.net.vn,0,0,1,6,0,0,0,0,0,1,1,1,0,0,1,0,1
secure.runescape.com-zx.ru,0,0,1,2,0,0,0,1,0,1,1,1,0,0,0,0,1
c90521v3.beget.tech,0,0,0,0,0,0,0,0,0,1,1,1,0,0,0,0,1
icscards.actualisatieformulier.nl.web5789.vweb01.webgamespace.de,0,0,1,2,0,0,0,0,0,1,1,1,0,0,0,0,1
bclo.com.co,0,0,0,1,0,0,0,0,0,1,1,1,0,0,0,0,1
pocked-capital.000webhostapp.com,0,0,0,0,0,0,0,1,1,1,1,1,0,0,0,0,1
docs.google.com,0,0,1,5,0,0,0,0,0,0,0,0,0,0,0,0,1
docs.google.com,0,0,1,4,0,0,0,0,0,0,0,0,0,0,0,1,1
viveromonteverde.com,0,0,1,3,0,0,0,0,0,1,1,1,0,0,1,0,1
caniparc.net,0,0,1,2,0,0,0,0,0,1,1,1,0,0,0,0,1
rozalli.com.ua,0,0,0,3,0,0,0,0,0,1,1,1,0,0,0,0,1
viabcp.itcjp.co,0,0,0,0,0,0,0,0,0,1,1,1,1,0,0,0,1
clck.ru,0,0,0,1,0,0,0,0,0,1,1,1,0,0,0,0,1
po.do,0,0,0,1,0,0,0,0,0,1,1,1,0,0,0,0,1
luxurylodgesofaustralia.com.au,0,0,1,1,1,0,1,0,0,1,1,1,0,0,1,0,1
toprankingyoutube.com,0,0,1,4,0,0,0,0,0,1,1,1,0,1,0,0,1
stolizaparketa.ru,0,1,1,7,0,0,0,0,0,1,1,1,0,0,0,0,1
www.sastaservices.com,0,0,1,2,0,0,0,0,0,1,1,1,0,0,0,0,1
b.link,0,0,0,1,0,0,0,0,0,1,1,1,0,1,0,0,1
lazarus.co.zw,0,0,0,3,0,0,0,0,0,1,1,1,0,0,0,0,1
createchsoft.com,0,0,0,4,0,0,0,0,0,1,1,1,0,0,0,0,1
wdestaques17.prime-oportunidades-agora.shop,0,0,1,5,0,0,0,1,0,1,1,1,0,0,0,0,1
replicarolexwatch.cn,0,0,0,2,0,0,0,0,0,1,1,1,0,0,0,0,1
c1511482.ferozo.com,0,0,0,4,0,0,0,0,0,1,1,1,0,0,0,0,1
carexpert.ee,0,1,1,3,0,0,0,0,0,1,1,1,0,0,0,0,1
www.decifra.com.br,0,0,1,3,0,0,0,0,0,1,1,1,0,0,0,0,1
chrischan.net,0,0,0,1,0,0,0,0,0,1,1,1,0,0,0,1,1
encryptdrive.booogle.net,0,0,1,0,0,0,0,0,0,1,1,1,0,1,1,0,1
fuentesfidedignas.com.mx,0,0,1,5,0,0,0,0,0,1,1,1,0,0,0,0,1
8s8cyak8emzp3qvvwmgx5qnqjjr17xltp4haci3m.s3.ap-northeast-2.amazonaws.com,0,0,1,3,0,0,0,1,0,1,1,1,0,0,0,0,1
sticvk.kl.com.ua,0,0,0,0,0,0,0,0,0,1,1,1,0,0,0,0,1
dusperdesi.net,0,0,1,8,0,0,0,0,0,1,1,1,1,0,1,0,1
livecalgary.com,0,0,0,4,0,0,0,0,0,1,1,1,0,0,0,0,1
enquiry-id-918412.net,0,0,1,1,0,0,0,1,0,1,1,1,0,0,0,0,1
onemillionsolutionsinhealth.net,0,0,0,2,0,0,0,0,0,1,1,1,0,0,0,1,1
www.centromusicalpaternense.es,0,0,1,2,0,0,0,0,0,1,1,1,0,0,0,0,1
www.unisonsouthayr.org.uk,0,0,0,1,0,0,0,0,0,1,1,1,0,0,1,0,1
smart-advertisement.com,0,0,1,4,0,0,0,1,0,1,1,1,0,0,0,1,1
vipdomainshop.com,0,0,1,3,0,0,0,0,0,1,1,1,0,0,0,0,1
www.cheaproomsvalencia.com,0,0,1,5,0,0,0,0,0,1,1,1,0,0,0,0,1
micromode53.xyz,0,0,1,5,0,0,0,0,1,1,1,1,0,0,0,0,1
ww17.login-appleid.apple.com.alert-wode.com,0,0,1,0,0,0,0,1,0,1,1,1,0,0,1,1,1
cafecitoperez.ivanidzakovic.com,0,0,1,6,0,0,0,0,0,1,1,1,0,0,0,0,1
atmostechnology-my.sharepoint.com,0,0,1,5,0,0,0,1,0,1,1,1,0,0,0,0,1
www.dunveganbrewing.ca,0,0,1,3,0,0,0,0,0,1,1,1,0,1,0,0,1
evnt.com.br,0,0,1,10,0,0,0,0,0,1,1,1,1,0,0,0,1
castelooleos.com.br,0,0,1,4,0,0,0,0,0,1,1,1,0,0,0,0,1
printerparts.co.ke,0,0,1,3,0,0,0,0,0,1,1,1,0,0,0,0,1
everestwebdevelopment.com,0,0,0,4,0,0,0,0,0,1,1,1,0,1,0,0,1
scubamamma.com,0,0,0,3,0,0,0,0,0,1,1,1,0,0,0,0,1
soa.foolisheart.net,0,0,1,6,0,0,0,0,0,1,1,1,0,1,0,0,1
num.to,0,0,0,1,0,0,0,0,0,1,1,1,1,0,0,0,1
firebasestorage.googleapis.com,0,1,1,5,0,0,0,0,0,1,1,1,1,0,0,0,1
glosowanie-kliknij.eu,0,0,0,0,0,0,0,1,0,1,1,1,1,0,0,0,1
mediolanum-web.000webhostapp.com,0,0,0,0,0,0,0,1,1,1,1,1,1,0,0,0,1
www.askfor1394.com,0,0,0,2,0,0,0,0,0,1,1,1,0,0,0,0,1
gencon010-my.sharepoint.com,0,0,1,5,0,0,0,1,0,1,1,1,0,0,0,0,1
blazecore53.icu,0,0,0,3,0,0,0,0,0,1,1,1,0,0,0,0,1
locksmail.com,0,0,1,7,0,0,0,0,0,1,1,1,1,0,0,0,1
wdestaques21.otimosnegociosparavoce.com,0,0,0,0,0,0,0,0,0,1,1,1,1,0,0,0,1
bcpzonasegurabeta.viabcp.com.joyinthemiddle.com,0,0,1,2,0,0,0,0,0,1,1,1,0,0,0,0,1
onecalltechs.com,0,0,0,0,0,0,0,0,0,1,1,1,0,1,0,0,1
www.ou-parvenec.com,0,1,1,4,0,0,0,1,0,1,1,1,0,0,0,0,1
sof.edu.vn,0,0,0,4,0,0,0,0,0,1,1,1,0,0,0,1,1
storage.googleapis.com,0,0,1,3,0,0,0,0,0,1,1,1,0,0,0,0,1
buyerdriver.com,0,0,1,2,0,0,0,0,0,1,1,1,1,0,0,0,1
jstrieb.github.io,0,0,1,1,0,0,0,0,0,1,1,1,0,0,0,1,1
gaughrith.com,0,1,1,6,0,0,0,0,0,1,1,1,0,0,0,0,1
glighting-my.sharepoint.com,0,0,1,5,0,0,0,1,0,1,1,1,1,0,0,0,1
www.verified-paxful.com,0,0,0,0,0,0,0,1,0,1,1,1,0,0,0,0,1
illustrato.net,0,1,1,1,0,0,0,0,0,1,1,1,0,0,0,0,1
grindtimegym.com,0,0,1,4,0,0,0,0,0,1,1,1,0,0,0,0,1
southcountyclassified.com,0,0,1,5,0,0,0,0,0,1,1,1,0,0,0,1,1
47.74.231.192,1,0,0,0,0,0,0,0,0,1,1,1,0,0,1,1,1
mygpstrip.net,0,0,0,2,0,0,0,0,0,1,1,1,0,0,0,0,1
www.alrahat.net,0,0,0,2,0,0,0,0,0,1,1,1,0,0,0,0,1
online-hm-application.ga,0,0,0,0,0,0,0,1,1,1,1,1,0,0,0,0,1
quintascastaldi.com.br,0,0,0,2,0,0,0,0,0,1,1,1,0,0,0,0,1
www.snip.ly,0,0,0,1,0,0,0,0,0,1,1,1,0,0,1,0,1
atendimento-sac-pg.joomla.com,0,0,1,3,0,0,0,1,0,1,1,1,0,1,0,0,1
leadershipauthoritypro.com,0,0,1,3,0,0,0,0,0,1,1,1,0,0,0,0,1
forms.office.com,0,0,1,3,0,0,0,0,0,0,0,0,0,0,0,0,1
alsapan-epi.com,0,0,1,4,0,0,0,1,0,1,1,1,0,0,0,1,1
brewingredients.com,0,0,0,5,0,0,0,0,0,1,1,1,0,0,0,0,1
hostpoint.agraphic.design,0,0,0,1,0,0,0,0,0,1,1,1,0,0,0,0,1
electronicavalencia.com.ar,0,0,1,4,0,0,0,0,0,1,1,1,0,0,1,1,1
oaep.diw.go.th,0,0,1,6,0,0,0,0,0,1,1,1,1,0,0,0,1
accounts.google.com,0,0,1,1,1,0,0,0,0,0,0,0,0,1,0,1,1
globalnetinternet.com,0,0,1,4,0,0,0,0,0,1,1,1,0,0,0,0,1
dengemuhasebe.com,0,0,0,2,0,0,0,0,0,1,1,1,0,0,1,0,1
smiles.al-wed.com,0,0,0,1,1,0,0,1,0,1,1,1,0,0,0,0,1
medamiaudette.getenjoyment.net,0,0,0,0,0,0,0,0,0,1,1,1,1,0,0,1,1
betasus31.blogspot.com,0,0,0,0,0,0,0,0,0,1,1,1,0,0,0,0,1
paulmitchellforcongress.com,0,0,1,3,0,0,0,0,0,1,1,1,0,0,0,0,1
dsgcbeonline.com,0,0,0,2,0,0,0,0,0,1,1,1,1,0,0,0,1
edhs85.com,0,0,0,2,0,0,0,0,0,1,1,1,0,0,0,0,1
www.grindtimegym.com,0,0,1,6,0,0,0,0,0,1,1,1,0,0,0,0,1
www.ambious.com,0,0,0,4,0,0,0,0,0,1,1,1,0,0,0,0,1
shafeimall046.top,0,0,0,2,0,0,0,0,1,1,1,1,0,0,1,0,1
www.bkagrosprayers.com,0,0,0,1,0,0,0,0,0,1,1,1,0,0,1,0,1
www.accsystemprblemhelp.site,0,0,0,1,0,0,0,0,1,1,1,1,0,1,1,1,1
www.imxprs.com,0,0,0,3,0,0,0,0,0,1,1,1,0,0,0,0,1
www.jmdpowertools.in,0,0,1,3,0,0,0,0,0,1,1,1,1,0,0,1,1
rebrand.ly,0,0,0,1,0,0,0,0,0,1,1,1,0,1,0,0,1
rohtolab.com,0,0,1,9,0,0,0,0,0,1,1,1,0,0,0,0,1
ge6lar.webwavecms.com,0,0,0,1,0,0,0,0,0,1,1,1,0,0,0,1,1
zasobygwp.pl,0,0,1,1,0,0,0,0,0,1,1,1,0,1,0,0,1
atlantabasecamp.com,0,0,1,3,0,0,0,0,0,1,1,1,0,1,1,1,1
notarius24.biz,0,0,1,14,0,0,0,0,0,1,1,1,1,0,0,0,1
www.maruei.com.br,0,0,0,1,0,0,0,0,0,1,1,1,0,0,0,0,1
aqarione.com,0,0,0,2,0,0,0,0,0,1,1,1,0,0,1,0,1
verifica-b-c-p.ma-rys.com,0,0,0,0,0,0,0,1,0,1,1,1,0,0,0,0,1
www.equalchances.org,0,0,1,4,0,0,0,0,0,1,1,1,0,0,0,0,1
amex.alert.account.logogistics.com.au,0,0,1,2,0,0,0,0,0,1,1,1,0,0,0,0,1
super-vote.ru,0,0,0,0,0,0,0,1,0,1,1,1,0,0,0,0,1
216.83.55.154,1,0,1,2,0,0,0,0,0,1,1,1,0,0,0,0,1
firebasestorage.googleapis.com,0,0,1,5,0,0,0,0,0,1,1,1,0,1,0,0,1
tamilradio5.eu,0,0,0,2,0,0,0,0,0,1,1,1,0,0,1,0,1
orthodoxfacts.org,0,0,1,7,0,0,0,0,0,1,1,1,0,0,0,0,1
mekrolog.kl.com.ua,0,0,0,0,0,0,0,0,0,1,1,1,1,0,0,0,1
www.crg.co.uk,0,0,1,5,0,0,0,0,0,1,1,1,1,0,0,0,1
usedcopiersaustin.com,0,0,1,4,0,0,0,0,0,1,1,1,1,1,0,0,1
www.therockacc.org,0,0,1,4,0,0,0,0,0,1,1,1,1,0,0,0,1
piano-tuning-how-to.com,0,0,1,7,0,0,0,1,0,1,1,1,0,0,1,0,1
igoh2o.net,0,0,0,0,0,0,0,0,0,1,1,1,0,0,0,0,1
agemcargo.com,0,1,1,3,0,0,0,0,0,1,1,1,0,0,0,0,1
www.turkmcse.com,0,0,0,2,0,0,0,0,0,1,1,1,0,0,0,0,1
www.itauchekinsecurity.com,0,0,0,1,0,0,0,0,0,1,1,1,1,0,0,0,1
tamilradio5.eu,0,0,0,3,0,0,0,0,0,1,1,1,0,0,0,1,1
storage.googleapis.com,0,0,1,2,0,0,0,0,0,1,1,1,0,0,0,1,1
www.kimclarkwriter.com,0,0,0,2,0,0,0,0,0,1,1,1,0,0,0,0,1
olampicoer.blogspot.com,0,0,0,3,0,0,0,0,0,1,1,1,0,0,1,0,1
paypal.co.uk.usertkdwcwf5rtv.settingsppup.com,0,0,0,0,0,0,0,0,0,1,1,1,1,0,0,0,1
vkstickerc.000webhostapp.com,0,0,0,0,0,0,0,0,1,1,1,1,0,0,0,0,1
jessenewhart.com,0,0,0,3,0,0,0,0,0,1,1,1,0,1,1,0,1
help.mac-us-111.live,0,0,0,0,0,0,0,1,0,1,1,1,0,1,0,0,1
www.webcoretic.com,0,0,1,7,0,0,0,0,0,1,1,1,1,0,0,0,1
myindiaone.com,0,0,1,5,0,0,0,0,0,1,1,1,0,0,0,0,1
fesondeby.com,0,0,0,2,0,0,0,0,0,1,1,1,0,0,1,1,1
www.stroymaster.dp.ua,0,0,0,0,0,0,0,0,0,1,1,1,0,0,1,0,1
mehreganprint.ir,0,0,1,5,0,0,0,0,0,1,1,1,0,0,0,0,1
corewellnesshawaii.com,0,0,0,2,0,0,0,0,0,1,1,1,0,0,0,0,1
sitevendasonline.com,0,0,0,2,0,0,0,0,0,1,1,1,0,1,0,1,1
amsder.com,0,0,0,1,0,0,0,0,0,1,1,1,0,1,0,0,1
spatialsys.com.ru,0,0,1,4,0,0,0,0,0,1,1,1,1,0,0,1,1
www.turkmcse.com,0,0,0,2,0,0,0,0,0,1,1,1,0,0,0,1,1
particulares.santander.totta-santa.info,0,0,0,0,0,0,0,1,0,1,1,1,0,0,0,0,1
vpgcompany.info,0,0,0,3,0,0,0,0,0,1,1,1,0,0,0,0,1
www.m-pa.it,0,0,1,5,0,0,0,1,0,1,1,1,0,0,0,0,1
47.90.0.38,1,0,0,2,0,0,0,0,0,1,1,1,0,0,0,0,1
xn--sparkass-i1a.connect-1412.de,0,0,1,2,0,0,0,1,0,1,1,1,0,0,0,0,1
ns.act-secure.com,0,0,0,2,0,0,0,1,0,1,1,1,0,0,0,0,1
stikkers.mcdir.ru,0,0,0,0,0,0,0,0,0,1,1,1,0,0,0,1,1
amazon.co.jp.lcmgo.com,0,0,0,0,0,0,0,0,0,1,1,1,0,0,0,0,1
nsp.vipshop.ru,0,0,0,0,0,0,0,0,0,1,1,1,0,0,0,1,1
delgadaygordo.com,0,0,0,2,0,0,0,0,0,1,1,1,0,0,1,0,1
ripe6.net,0,0,0,2,0,0,0,0,0,1,1,1,1,0,0,0,1
c1770209.ferozo.com,0,0,1,5,0,0,0,0,0,1,1,1,0,0,0,0,1
wheresuccessbegins.buzz,0,0,0,2,0,0,0,0,0,1,1,1,0,0,0,0,1
cnfindia.in,0,0,1,3,0,0,0,0,0,1,1,1,0,0,0,0,1
www.ausafritrade.com,0,0,1,6,0,0,0,0,0,1,1,1,0,0,0,0,1
u1037725.cp.regruhosting.ru,0,0,1,2,0,0,0,0,0,1,1,1,0,0,0,0,1
smprintingpress.com,0,1,1,2,0,0,0,0,0,1,1,1,0,0,0,1,1
aaekt.app.link,0,0,0,1,0,0,0,0,0,1,1,1,0,0,0,0,1
safetyconsultantehs.com,0,0,0,2,0,0,0,0,0,1,1,1,0,0,0,0,1
whatsappjoins.4dq.com,0,0,0,1,0,0,0,0,0,1,1,1,0,0,0,0,1
webkc.dede.go.th,0,0,0,3,0,0,0,0,0,1,1,1,1,0,0,0,1
kaizenpak.com,0,0,1,6,0,0,0,0,0,1,1,1,0,0,0,0,1
printerparts.co.ke,0,0,1,3,0,0,0,0,0,1,1,1,0,0,0,1,1
fb-recovery-10000076927-it.tk,0,0,1,1,0,0,0,1,1,1,1,1,0,0,0,0,1
news-ontime.com,0,0,1,3,0,0,0,1,0,1,1,1,1,0,0,0,1
prosxsiuser.myfreesites.net,0,0,0,0,0,0,0,0,0,1,1,1,1,0,0,1,1
google-apps.cz,0,0,0,0,0,0,0,1,0,1,1,1,0,1,0,0,1
cheaproomsvalencia.com,0,0,1,5,0,0,0,0,0,1,1,1,0,0,1,0,1
vafma.com,0,0,1,5,0,0,0,0,0,1,1,1,0,0,0,0,1
www.posterwalker.com.sg,0,0,1,7,0,0,0,0,0,1,1,1,1,1,0,0,1
storage.googleapis.com,0,0,1,2,0,0,0,0,0,1,1,1,0,0,0,0,1
signdomains.in,0,0,0,2,0,0,0,0,0,1,1,1,0,0,0,1,1
microsoft-renew.ddns.net,0,0,0,2,0,0,0,1,0,1,1,1,0,0,0,0,1
online.jimmyjohns.com,0,0,1,4,0,0,0,0,0,1,1,1,0,0,0,1,1
sialindia.com,0,0,0,4,0,0,0,0,0,1,1,1,0,0,0,0,1
starmak.com.tr,0,0,1,1,0,0,0,0,0,1,1,1,0,0,0,1,1
wriot-alternate.app.link,0,0,0,0,0,0,0,1,0,1,1,1,0,0,0,1,1
seecovalves.com,0,0,0,3,0,0,0,0,0,1,1,1,1,0,0,0,1
www.imeipro.info,0,0,0,1,0,0,0,0,0,1,1,1,0,1,0,1,1
amherstburghomehealth.ca,0,0,1,4,0,0,0,0,0,1,1,1,1,0,0,0,1
www.les-placards-en-folie.fr,0,0,1,5,0,0,0,1,0,1,1,1,1,0,0,0,1
hublaalikes.com,0,0,0,1,0,0,0,0,0,1,1,1,0,0,0,0,1
maiodasmaelike.com,0,0,1,2,0,0,0,0,0,1,1,1,1,0,1,0,1
paypal-express-checkout.danielschreurs.com,0,0,0,0,0,0,0,1,0,1,1,1,0,0,0,0,1
www.mysummercamps.com,0,1,1,5,1,0,0,0,0,1,1,1,0,0,0,0,1
esapcepro-org.com,0,0,1,4,0,0,0,1,0,1,1,1,0,0,0,0,1
www.citizenfinancialbank.com,0,0,0,2,0,0,0,0,0,1,1,1,0,0,0,0,1
storage.googleapis.com,0,0,1,2,0,0,0,0,0,1,1,1,0,0,0,0,1
rudiguvenlik.com,0,0,0,1,0,0,0,0,0,1,1,1,0,0,0,0,1
aksoydanismanlik.com,0,0,0,2,0,0,0,0,0,1,1,1,0,0,0,0,1
donieyuhuu05.getenjoyment.net,0,0,0,1,0,0,0,0,0,1,1,1,0,0,0,0,1
greatescapesworkshop.com,0,1,1,8,0,0,0,0,0,1,1,1,0,0,0,1,1
www.yoho.com.tw,0,0,0,2,0,0,0,0,0,1,1,1,0,1,0,0,1
eh-d8.papernom.com,0,0,1,1,0,0,0,1,0,1,1,1,0,0,0,0,1
usbank-link-mupyndtfft---com.illmickelsonbeats.com,0,0,1,1,0,0,0,1,0,1,1,1,0,0,0,0,1
inconfis.com,0,0,1,4,0,0,0,0,0,1,1,1,0,0,0,0,1
safgg34rfdfweqdas.epizy.com,0,0,0,1,0,0,0,0,0,1,1,1,0,0,1,0,1
www.itunes.losua.cn,0,0,1,2,0,0,0,0,0,1,1,1,0,1,0,0,1
rcone.kvhkosher.org,0,0,0,3,0,0,0,0,0,1,1,1,0,0,1,1,1
essentialshoppingmall.com,0,0,0,1,0,0,0,0,0,1,1,1,0,0,0,0,1
oncue1.com,0,0,0,1,0,0,0,0,0,1,1,1,0,0,1,0,1
whenandwheretravel.com,0,0,1,5,0,0,0,0,0,1,1,1,0,0,0,0,1
ishareweb.com,0,0,0,1,0,0,0,0,0,1,1,1,0,1,0,0,1
trydent.org,0,0,1,6,0,0,0,0,0,1,1,1,0,0,0,0,1
vmorescam.com,0,0,0,1,0,0,0,0,0,1,1,1,0,0,1,0,1
iwatchsystems.com,0,0,0,3,0,0,0,0,0,1,1,1,1,0,0,0,1
itmrs.com,0,0,0,3,0,0,0,0,0,1,1,1,1,0,0,0,1
storage.googleapis.com,0,0,1,2,0,0,0,0,0,1,1,1,0,0,0,1,1
webapp186332.ip-172-104-4-187.cloudezapp.io,0,0,1,6,0,0,0,1,0,1,1,1,0,0,1,0,1
zonasegurobetabcp.com,0,0,1,3,0,0,0,0,0,1,1,1,0,0,0,1,1
www.mtmonly.com,0,1,1,6,0,0,0,0,0,1,1,1,0,0,0,0,1
prettanike.com,0,0,0,3,0,0,0,0,0,1,1,1,0,0,0,0,1
forms.office.com,0,0,1,2,0,0,0,0,0,0,0,0,1,0,0,1,1
www.myphonereviews.com,0,0,1,3,0,0,0,0,0,1,1,1,0,0,1,1,1
art-sticker.fr,0,0,1,4,0,0,0,1,0,1,1,1,0,0,0,0,1
storage.googleapis.com,0,1,1,3,0,0,0,0,0,1,1,1,0,1,0,0,1
umconnectumt-my.sharepoint.com,0,0,1,5,0,0,0,1,0,1,1,1,0,0,0,0,1
yorkshire.es,0,0,0,1,0,0,0,0,0,1,1,1,1,0,0,1,1
mbmarquitectos.com.pe,0,0,0,2,0,0,0,0,0,1,1,1,1,0,0,0,1
www.papertalkative.org,0,0,1,4,0,0,0,0,0,1,1,1,1,0,0,1,1
53.com-id9533371.thoughtoholics.net,0,0,1,2,0,0,0,1,0,1,1,1,0,0,0,0,1
developsys.net,0,0,1,6,0,0,0,0,0,1,1,1,0,0,0,0,1
firebasestorage.googleapis.com,0,0,1,5,0,0,0,0,0,1,1,1,0,0,0,0,1
docs.google.com,0,0,1,5,0,0,0,0,0,0,0,0,0,0,0,0,1
1drv.ms,0,0,1,2,0,0,0,0,0,1,1,1,0,0,0,1,1
www.rbdnd.net,0,0,0,0,0,0,0,0,0,1,1,1,0,0,0,0,1
excelcarela.org,0,0,1,6,0,0,0,0,0,1,1,1,0,1,0,0,1
flythissim.com,0,0,0,1,0,0,0,0,0,1,1,1,0,0,0,1,1
ylivestore.com,0,0,0,1,0,0,0,0,0,1,1,1,0,0,0,0,1
axelhess.com,0,0,1,6,0,0,0,0,0,1,1,1,0,0,0,0,1
trbetasusgirisimiz.blogspot.com,0,0,0,0,0,0,0,0,0,1,1,1,1,0,0,0,1
informazioni.cloudaccess.host,0,0,1,3,0,0,0,0,0,1,1,1,0,0,1,0,1
espaceclientv1.fr,0,0,1,5,0,0,0,0,0,1,1,1,0,0,0,0,1
opsaviation.com,0,1,1,3,0,0,0,0,0,1,1,1,0,0,0,0,1
medellincannabis.co,0,0,0,2,0,0,0,0,0,1,1,1,1,0,0,0,1
apaseppol.com.br,0,0,0,2,0,0,0,0,0,1,1,1,1,1,0,0,1
03418f6.netsolhost.com,0,0,1,1,0,0,0,0,0,1,1,1,0,0,0,0,1
csgoflame.net,0,0,0,0,0,0,0,0,0,1,1,1,0,0,0,0,1
triathlonontario-my.sharepoint.com,0,0,1,5,0,0,0,1,0,1,1,1,0,0,1,0,1
mine0mine007.weebly.com,0,0,0,0,0,0,0,0,0,1,1,1,0,0,0,0,1
www.soyalejo.com,0,0,0,2,0,0,0,0,0,1,1,1,0,0,0,0,1
www.gueriniarmi.it,0,0,1,8,0,0,0,0,0,1,1,1,0,1,1,0,1
orlandoareavacations.orlandoareavacation.com,0,0,0,0,0,0,0,0,0,1,1,1,1,1,0,0,1
previa-dia-das-maes.com,0,0,1,2,0,0,0,1,0,1,1,1,0,0,1,1,1
www.absagh.com,0,0,0,1,0,0,0,0,0,1,1,1,0,0,0,0,1
cli.re,0,0,0,1,0,0,0,0,0,1,1,1,0,1,0,0,1
tavatavukculuk.com,0,0,1,5,0,0,0,0,0,1,1,1,0,0,0,0,1
tptelecom.it,0,0,1,6,0,0,0,0,0,1,1,1,0,0,0,0,1
www.whatsapps-invites.zzux.com,0,0,0,0,0,0,0,1,0,1,1,1,1,0,0,0,1
www.alpha-mail-server2.ddns.info,0,0,1,1,0,0,0,1,0,1,1,1,1,0,0,0,1
www.aomrottami.it,0,1,1,2,0,0,0,0,0,1,1,1,0,0,0,0,1
kinstationery.com,0,1,1,2,0,0,0,0,0,1,1,1,0,0,0,0,1
profinishmi.com,0,1,1,4,0,0,0,0,0,1,1,1,0,0,0,0,1
salomonpoland.pl,0,0,0,0,0,0,0,0,0,1,1,1,0,0,0,0,1
services.runescape.com-m.cc,0,0,0,0,0,0,0,1,0,1,1,1,0,0,0,0,1
resin3dprinterstore.com,0,1,1,0,0,0,0,0,0,1,1,1,0,0,0,0,1
www.rembousement-eformulaire-impots-gouv-fr.com,0,0,1,4,0,0,0,1,0,1,1,1,1,0,0,0,1
belizetourguides.com,0,0,1,13,0,0,0,0,0,1,1,1,1,0,0,1,1
bootnbonnet.org,0,0,1,7,0,0,0,0,0,1,1,1,0,0,0,0,1
www.decifra.com.br,0,0,1,3,0,0,0,0,0,1,1,1,0,0,0,0,1
sacaymorequite.wixsite.com,0,0,0,1,0,0,0,0,0,1,1,1,0,0,0,0,1
mail.in-elementum.nl,0,0,1,2,0,0,0,1,0,1,1,1,0,0,0,0,1
lynshirt.com,0,0,1,6,0,0,0,0,0,1,1,1,1,0,0,0,1
chaseinformation.duckdns.org,0,1,1,1,0,0,0,0,0,1,1,1,0,0,0,0,1
hepimizmeryemiz.com,0,0,1,5,0,0,0,0,0,1,1,1,0,1,0,0,1
rapline.hu,0,0,0,5,0,0,0,0,0,1,1,1,1,0,0,0,1
funetwork.tv,0,0,0,3,0,0,0,0,0,1,1,1,0,0,0,1,1
www.bimovia.com,0,0,1,3,0,0,0,0,0,1,1,1,0,0,0,0,1
wavesetholdings.com,0,0,0,2,0,0,0,0,0,1,1,1,0,0,0,0,1
www.kisa.link,0,0,0,1,0,0,0,0,0,1,1,1,1,0,0,0,1
ogrupobancolombia.com,0,0,0,1,0,0,0,0,0,1,1,1,0,0,0,1,1
www40.presentes-promocoes-premier.com,0,0,1,6,0,0,0,1,0,1,1,1,0,0,0,1,1
taijishentie.com,0,0,1,2,1,0,0,0,0,1,1,1,0,0,0,0,1
purifiedamericanroyals.com,0,0,0,2,0,0,0,0,0,1,1,1,0,0,0,1,1
greenworldlogistics.com,0,0,0,1,0,0,0,0,0,1,1,1,1,0,0,0,1
www.honeysaienterprises.com,0,1,1,4,0,0,0,0,0,1,1,1,0,0,0,0,1
quintascastaldi.com.br,0,0,0,2,0,0,0,0,0,1,1,1,0,0,1,0,1
aubootlegger.com,0,0,1,4,0,0,0,0,0,1,1,1,0,0,0,0,1
pixel.baltic-dragon.ru,0,0,0,2,0,0,0,1,0,1,1,1,0,0,0,0,1
kovolem.cz,0,0,1,1,0,0,0,0,0,1,1,1,0,0,1,0,1
ibtkar-tmuz.com,0,0,0,3,0,0,0,1,0,1,1,1,0,0,0,0,1
cococola.org,0,0,0,2,0,0,0,0,0,1,1,1,1,0,0,1,1
tachegandodiasdasmae.com,0,0,1,2,0,0,0,0,0,1,1,1,0,0,0,0,1
di448620c5wng.cloudfront.net,0,0,1,3,0,0,0,0,0,1,1,1,0,0,0,0,1
bcpzonasegurabetaviabcp3.com,0,0,0,1,0,0,0,0,0,1,1,1,0,0,0,0,1
hortipower.co.uk,0,0,1,5,0,0,0,0,0,1,1,1,0,0,1,0,1
brandedmikadotrousers.com,0,0,1,3,0,0,0,0,0,1,1,1,0,1,1,0,1
45.64.1.215,1,0,1,4,0,0,0,0,0,1,1,1,1,0,0,0,1
venturegroupit.com,0,0,1,3,0,0,0,0,0,1,1,1,0,1,0,0,1
www.cheaproomsvalencia.com,0,0,1,5,0,0,0,0,0,1,1,1,0,0,1,0,1
zoosummit.ru,0,0,1,4,0,0,0,0,0,1,1,1,0,0,0,0,1
recordingcardvirement.000webhostapp.com,0,0,0,0,0,0,0,0,1,1,1,1,0,0,0,0,1
shalompennington.com,0,0,0,0,0,0,0,0,0,1,1,1,0,0,0,0,1
5gigbucks.com,0,0,0,2,0,0,0,0,0,1,1,1,0,0,0,0,1
etswe.club,0,0,0,0,0,0,0,0,0,1,1,1,0,1,0,0,1
navyfederal-org.uc.r.appspot.com,0,0,1,1,0,0,0,1,0,1,1,1,1,0,0,0,1
pennysolvers.co.uk,0,0,1,2,0,0,0,0,0,1,1,1,0,0,0,0,1
sh199811.website.pl,0,0,1,4,0,0,0,0,0,1,1,1,1,0,0,0,1
tshirt-factory.eu,0,1,1,1,0,0,0,1,0,1,1,1,0,0,0,0,1
www.delpradoapartment.com,0,0,0,3,0,0,0,0,0,1,1,1,0,0,0,0,1
docs.google.com,0,0,1,5,0,0,0,0,0,0,0,0,0,0,0,0,1
thegastonhouse.com,0,0,0,1,0,0,0,0,0,1,1,1,0,0,1,0,1
fantacywedding.com,0,0,1,4,0,0,0,0,0,1,1,1,1,0,0,1,1
xurl.es,0,0,0,1,0,0,0,0,0,1,1,1,0,0,0,0,1
mtmonly.com,0,0,1,5,0,0,0,0,0,1,1,1,0,0,0,0,1
restaurantelabarquita.com,0,1,1,2,0,0,0,0,0,1,1,1,0,0,0,0,1
cheaproomsvalencia.com,0,0,1,5,0,0,0,0,0,1,1,1,0,0,1,0,1
acc-arubaaa.com,0,0,0,2,0,0,0,1,0,1,1,1,0,0,1,0,1
hoeverblack.com,0,0,1,0,0,0,0,0,0,1,1,1,0,0,0,0,1
team-update-informations.blogspot.com,0,0,0,0,0,0,0,1,0,1,1,1,1,0,0,0,1
depibellamonterrey.com,0,1,1,3,0,0,0,0,0,1,1,1,0,0,0,0,1
barbarahennelly.com,0,0,1,2,0,0,0,0,0,1,1,1,1,0,0,0,1
www.oaidioaa.com,0,0,1,5,0,0,0,0,0,1,1,1,0,1,0,1,1
betasus-giir.blogspot.com,0,0,0,0,0,0,0,1,0,1,1,1,1,0,0,0,1
www.amazon.co.jp.zoan.shop,0,0,0,0,0,0,0,0,0,1,1,1,0,1,0,1,1
castromonitoramento.com.br,0,0,0,2,0,0,0,0,0,1,1,1,0,0,0,0,1
firebasestorage.googleapis.com,0,0,1,5,0,0,0,0,0,1,1,1,1,0,1,0,1
mail.whistlers4hire.com,0,0,0,2,0,0,0,0,0,1,1,1,0,1,0,1,1
regiscoyne.com,0,0,1,1,0,0,0,0,0,1,1,1,0,0,0,1,1
khurramandcosolicitors.com,0,0,1,4,0,0,0,0,0,1,1,1,0,0,0,1,1
buggycarwash.com,0,0,0,3,0,0,0,0,0,1,1,1,0,0,0,1,1
alhaqimpex.com,0,0,0,2,0,0,0,0,0,1,1,1,0,1,0,0,1
178.159.36.172,1,0,1,5,0,0,0,0,0,1,1,1,0,0,0,0,1
pmasc.co.uk,0,0,0,4,0,0,0,0,0,1,1,1,0,0,0,0,1
email302.com,0,0,1,6,0,0,0,0,0,1,1,1,0,0,0,0,1
docusignemail1com1login1dropbox9com64bae2a51a5b3dropbox7com.mybabydeck.com,0,0,1,0,0,0,0,0,0,1,1,1,0,0,0,1,1
missionpick.com,0,0,1,4,0,0,0,0,0,1,1,1,0,0,0,0,1
sparkpassedecom.com,0,0,0,2,0,0,0,0,0,1,1,1,1,0,0,1,1
solutionsksa.com,0,0,1,4,0,0,0,0,0,1,1,1,0,0,0,1,1
twixar.me,0,0,0,1,0,0,0,0,0,1,1,1,1,0,0,0,1
www.umij.org,0,0,0,2,0,0,0,0,0,1,1,1,0,0,0,0,1
cbox.cf,0,0,1,5,0,0,0,0,1,1,1,1,0,0,0,0,1
bbcorretoradeseguros.com.br,0,0,0,0,0,0,0,0,0,1,1,1,0,0,1,0,1
art-sticker.fr,0,0,1,4,0,0,0,1,0,1,1,1,0,0,1,0,1
wikiform.org,0,0,0,2,0,0,0,0,0,1,1,1,0,0,0,0,1
alibaba.com.spatialsys.com.ru,0,0,1,3,0,0,0,0,0,1,1,1,0,0,0,1,1
itcitymm.com,0,0,1,5,0,0,0,0,0,1,1,1,0,0,0,0,1
rohtolab.com,0,0,1,9,0,0,0,0,0,1,1,1,0,0,0,1,1
mpequity.sharepoint.com,0,0,1,3,0,0,0,0,0,1,1,1,0,0,0,0,1
prettanike.com,0,0,0,3,0,0,0,0,0,1,1,1,1,0,0,0,1
educacion.rionegro.gov.ar,0,0,1,10,0,0,0,0,0,1,1,1,0,0,0,0,1
www.cooperativabetania.org,0,0,1,1,0,0,0,0,0,1,1,1,0,0,0,1,1
eu.attractionsdc.xyz,0,0,1,2,0,0,0,0,1,1,1,1,0,0,0,0,1
docs.google.com,0,0,1,5,0,0,0,0,0,0,0,0,0,0,0,0,1
vmorefraud.com,0,0,0,4,0,0,0,0,0,1,1,1,0,0,0,0,1
thebasementcompanylondon.co.uk,0,0,1,3,0,0,0,0,0,1,1,1,1,0,0,1,1
thelogodept.com,0,0,1,6,0,0,0,0,0,1,1,1,0,0,0,0,1
www.vadodaramarathon.com,0,0,1,6,0,0,0,0,0,1,1,1,0,0,0,1,1
acessosegurodigitalmn.joomla.com,0,0,1,1,0,0,0,0,0,1,1,1,1,0,1,0,1
ww1.prominentlygifts.loan,0,0,0,0,0,0,0,0,0,1,1,1,1,1,0,0,1
eve292929.dothome.co.kr,0,0,0,1,0,0,0,0,0,1,1,1,0,0,0,0,1
boanetbank.com,0,0,0,2,0,0,0,0,0,1,1,1,0,0,0,0,1
cafecitoperez.ivanidzakovic.com,0,0,1,6,0,0,0,0,0,1,1,1,0,1,0,0,1
civilcontractorsinmumbai.in,0,0,1,3,0,0,0,0,0,1,1,1,0,1,0,0,1
fashionphotographycourse.com,0,0,1,3,0,0,0,0,0,1,1,1,0,0,0,0,1
alergiaalpolen.com,0,0,1,3,0,0,0,0,0,1,1,1,0,1,0,1,1
subscriber.dsjfhus.com,0,0,0,0,0,0,0,0,0,1,1,1,0,1,0,0,1
www.openspace9915.com,0,0,1,3,0,0,0,0,0,1,1,1,1,0,1,0,1
centrodenutricionysaludltda.com,0,0,1,2,0,0,0,0,0,1,1,1,0,0,0,0,1
monsuwiproperties.com,0,0,1,5,0,0,0,0,0,1,1,1,0,0,0,1,1
susai.ro,0,0,1,7,0,0,0,0,0,1,1,1,0,0,0,1,1
cellidplus.com,0,0,0,4,0,0,0,0,0,1,1,1,0,0,0,1,1
izzylogz.nn.r.appspot.com,0,0,0,1,0,0,0,0,0,1,1,1,0,0,0,0,1
iptf.ir,0,0,1,4,0,0,0,0,0,1,1,1,0,0,0,1,1
oldschool-membership.com,0,0,1,2,0,0,0,1,0,1,1,1,0,0,0,0,1
www.evoketheculture.net,0,0,0,3,0,0,0,0,0,1,1,1,0,0,0,0,1
www.maio-em-promocoes.com,0,0,1,3,0,0,0,1,0,1,1,1,0,0,0,0,1
xfile-document2020.misconfused.org,0,0,0,0,0,0,0,1,0,1,1,1,0,0,1,0,1
locksmail.com,0,0,1,6,0,0,0,0,0,1,1,1,1,0,1,0,1
empirerealtycompany.com,0,0,1,4,0,0,0,0,0,1,1,1,0,1,0,0,1
fullthrottlebottles.com,0,0,0,2,0,0,0,0,0,1,1,1,1,0,0,0,1
www.ifeveraussies.com,0,1,1,2,0,0,0,0,0,1,1,1,0,0,0,0,1
www.joinngrubwa.itsaol.com,0,0,0,1,0,0,0,0,0,1,1,1,0,0,0,1,1
www.chinadryer.cn,0,0,0,1,0,0,0,0,0,1,1,1,0,0,0,0,1
delegatesinrwanda.com,0,0,0,1,0,0,0,0,0,1,1,1,0,0,0,0,1
coin-ex.ru,0,0,0,0,0,0,0,1,0,1,1,1,0,0,1,0,1
u1566201.ct.sendgrid.net,0,0,1,2,0,0,0,0,0,1,1,1,1,0,0,0,1
accessvascular.com,0,0,1,3,0,0,0,0,0,1,1,1,0,0,0,0,1
ctt.ec,0,0,0,1,0,0,0,0,0,1,1,1,0,0,0,0,1
spectralwirejewelry.com,0,0,1,4,0,0,0,0,0,1,1,1,0,0,0,0,1
po.do,0,0,0,1,0,0,0,0,0,1,1,1,0,0,0,0,1
www.sieck-kuehlsysteme.de,0,1,1,4,0,0,0,1,0,1,1,1,0,0,1,1,1
nordichairistanbul.com,0,0,0,2,0,0,0,0,0,1,1,1,0,0,0,0,1
www.ktpn.kalisz.pl,0,1,1,2,0,0,0,0,0,1,1,1,1,0,0,0,1
bank-of-america-secure00.dns05.com,0,0,1,2,0,0,0,1,0,1,1,1,0,0,0,0,1
chillzone.nick.de,0,0,1,5,0,0,0,0,0,1,1,1,1,0,0,0,1
join-groub-whatsapp34.25u.com,0,0,0,0,0,0,0,1,0,1,1,1,0,0,0,1,1
paypal.account.com.cuteideas.gr,0,0,1,1,0,0,0,0,0,1,1,1,1,0,0,0,1
www.paypalservicegifts.com,0,0,1,2,0,0,0,0,0,1,1,1,0,0,0,0,1
ehan.org,0,0,1,4,0,0,0,0,0,1,1,1,0,0,1,0,1
group.agriparts.kz,0,1,1,1,0,0,0,0,0,1,1,1,0,0,0,0,1
alaouiiii.blogspot.com,0,0,0,3,0,0,0,0,0,1,1,1,0,0,0,0,1
blauzac.com,0,0,0,1,0,0,0,0,0,1,1,1,0,0,1,0,1
firstbanktrust1.vmpxsites.com,0,0,0,0,0,0,0,0,0,1,1,1,0,0,0,0,1
seyllarabi.temp.swtest.ru,0,0,1,2,0,0,0,0,0,1,1,1,0,0,0,0,1
cafecitoperez.ivanidzakovic.com,0,0,1,6,0,0,0,0,0,1,1,1,0,0,0,0,1
bbfunding-my.sharepoint.com,0,0,1,5,0,0,0,1,0,1,1,1,1,0,0,1,1
lz5.1ee.myftpupload.com,0,0,1,2,0,0,0,0,0,1,1,1,0,0,1,0,1
storage.googleapis.com,0,0,0,2,0,0,0,0,0,1,1,1,1,0,0,0,1
www.mylinks.xyz,0,0,0,1,0,0,0,0,1,1,1,1,0,1,0,0,1
u.to,0,0,0,1,0,0,1,0,0,1,1,1,0,0,0,0,1
www.atefnet.com,0,0,1,7,0,0,0,0,0,1,1,1,0,1,0,0,1
securecuserver.co.uk,0,0,1,3,0,0,0,0,0,1,1,1,0,0,0,0,1
eislueqr.livedrive.com,0,0,1,2,0,0,0,0,0,1,1,1,0,0,0,0,1
www.i-m.mx,0,0,0,2,0,0,0,1,0,1,1,1,0,1,0,0,1
luxe-cyprus.com,0,0,0,1,0,0,0,1,0,1,1,1,0,0,1,0,1
gov.hmrc.apply-rebate.uk,0,0,0,0,0,0,0,1,0,1,1,1,0,0,1,0,1
ukbusinesstracker.com,0,0,1,4,0,0,0,0,0,1,1,1,0,0,0,0,1
validadispositivo.ddns.net:2020,0,0,0,1,0,0,0,0,0,1,1,1,0,1,0,0,1
mnotify.com,0,0,1,7,0,0,0,0,0,1,1,1,0,0,1,0,1
272101.com,0,0,0,0,0,0,0,0,0,1,1,1,1,0,0,0,1
cartoworld.co.ke,0,0,0,3,0,0,0,0,0,1,1,1,0,0,0,0,1
www.google.com,0,0,1,3,1,0,0,0,0,0,0,0,0,0,0,0,1
www.esteticaretiro.com,0,0,0,1,0,0,0,0,0,1,1,1,1,0,1,0,1
dipelnet.com.br,0,0,0,3,0,0,0,0,0,1,1,1,1,1,1,0,1
vasavivivahavedhika.com,0,0,1,3,0,0,0,0,0,1,1,1,0,0,0,0,1
abrildconsumidores.com,0,0,0,3,0,0,0,0,0,1,1,1,0,0,0,1,1
christophermadden.uk,0,0,0,3,0,0,0,0,0,1,1,1,0,0,0,0,1
www.therockacc.org,0,0,1,4,0,0,0,0,0,1,1,1,0,0,0,0,1
idealista012321pt-desbloquearaconta78444.xyz,0,0,0,0,0,0,0,1,1,1,1,1,1,0,0,0,1
bitnskins.com,0,0,1,2,1,0,0,0,0,1,1,1,0,1,1,0,1
www.amazon.de.signin.verification.openid.5935156.namnepara.tk,0,0,1,3,0,0,0,0,1,1,1,1,0,0,0,0,1
www.mgmsarl.com,0,0,0,1,0,0,0,0,0,1,1,1,0,0,0,0,1
uniclazz.joomla.com,0,0,1,2,0,0,0,0,0,1,1,1,0,0,1,1,1
pholavie.com,0,0,0,1,0,0,0,0,0,1,1,1,1,0,0,0,1
poste-italiane-pt.com,0,0,0,0,0,0,0,1,0,1,1,1,0,0,0,0,1
storage.googleapis.com,0,0,1,3,0,0,0,0,0,1,1,1,0,0,0,0,1
cartoes-caixa.com,0,0,0,0,0,0,0,1,0,1,1,1,0,0,0,0,1
www.jmdpowertools.in,0,0,1,3,0,0,0,0,0,1,1,1,0,1,0,0,1
www.officesetupsupport365.com,0,0,0,0,0,0,0,0,0,1,1,1,0,0,0,0,1
storage.googleapis.com,0,0,1,2,0,0,0,0,0,1,1,1,0,0,1,0,1
qwmj.weebly.com,0,0,0,0,0,0,0,0,0,1,1,1,0,0,1,0,1
s0htr.codesandbox.io,0,0,0,0,0,0,0,0,0,1,1,1,1,0,0,1,1
luminatti.com,0,0,0,2,0,0,0,0,0,1,1,1,0,0,0,0,1
paypalverifycentral.com,0,0,1,1,0,0,0,0,0,1,1,1,0,0,0,0,1
www.xtrixtviptv.com,0,0,1,1,0,0,0,0,0,1,1,1,0,0,0,0,1
hutoryanka.com.ua,0,0,1,5,0,0,0,0,0,1,1,1,1,0,0,0,1
taijishentie.com,0,0,1,2,0,0,0,0,0,1,1,1,1,0,0,1,1
www.anlanjiehostel.com,0,0,1,5,0,0,0,0,0,1,1,1,0,0,0,0,1
globalminiimplantday.com,0,0,1,4,0,0,0,0,0,1,1,1,0,0,0,0,1
starmak.com.tr,0,0,1,1,0,0,0,0,0,1,1,1,0,0,0,0,1
promocaodescontao.com,0,0,0,0,0,0,0,0,0,1,1,1,0,0,0,0,1
vipplusavlu.com,0,0,0,2,0,0,0,0,0,1,1,1,0,0,0,0,1
tennenaturephotography.com,0,0,0,1,0,0,0,0,0,1,1,1,1,0,0,0,1
infopublishersassociation.com,0,0,1,8,0,0,0,0,0,1,1,1,1,0,0,1,1
itcitymm.com,0,0,1,4,0,0,0,0,0,1,1,1,0,0,1,0,1
www.gerente-protecao.com,0,0,0,0,0,0,0,1,0,1,1,1,0,0,0,1,1
allstarlax.com,0,0,1,4,0,0,0,0,0,1,1,1,1,0,0,0,1
www.update.billing-eeuk.com,0,0,1,2,0,0,0,1,0,1,1,1,0,0,0,0,1
dataupdaterequired.site44.com,0,0,0,0,0,0,0,0,1,1,1,1,0,0,0,0,1
acega.com.sv,0,0,0,1,0,0,0,0,0,1,1,1,0,0,0,0,1
himanshusofttech.com,0,0,1,5,0,0,0,0,0,1,1,1,0,0,0,0,1
gordonng.com,0,0,0,1,0,0,0,0,0,1,1,1,0,0,0,0,1
www.sistemadeatualizacaautomaticoonline.tk,0,0,1,2,0,0,0,0,1,1,1,1,0,0,0,0,1
www.paxful.cam,0,0,0,1,0,0,0,0,0,1,1,1,1,0,0,0,1
contact-ee.com,0,0,0,2,0,0,0,1,0,1,1,1,1,0,0,0,1
mail.tgroot.nl,0,0,0,2,0,0,0,0,0,1,1,1,0,0,0,0,1
aurorabusinessunited.org,0,0,0,2,0,0,0,0,0,1,1,1,0,1,0,0,1
forms.office.com,0,0,1,2,0,0,0,0,0,0,0,0,0,0,0,0,1
tptelecom.it,0,0,1,9,0,0,0,0,0,1,1,1,0,0,0,0,1
seeannsave.com,0,0,1,11,0,0,0,0,0,1,1,1,0,0,0,0,1
rockysite.net,0,0,0,2,0,0,0,0,0,1,1,1,0,0,0,0,1
www.impsa.com.mx,0,0,0,2,0,0,0,0,0,1,1,1,1,0,0,0,1
cidadeweb.tv.br,0,0,1,2,0,0,0,0,0,1,1,1,0,0,1,0,1
delgadaygordo.com,0,0,1,2,0,0,0,0,0,1,1,1,0,0,1,0,1
vk.com,0,0,1,1,0,0,0,0,0,0,0,0,0,0,0,0,1
bcpzonasegurabeta.viabcp.com.joyinthemiddle.com,0,0,1,2,0,0,0,0,0,1,1,1,0,0,0,0,1
docs.google.com,0,0,1,5,0,0,0,0,0,0,0,0,0,1,0,0,1
desdeelamor.com,0,0,1,6,0,0,0,0,0,1,1,1,0,0,0,0,1
www.alianzacanina.com.mx,0,0,1,3,0,0,0,0,0,1,1,1,0,1,1,0,1
globallcom.df.r.appspot.com,0,0,0,1,0,0,0,0,0,1,1,1,0,0,0,1,1
docs.google.com,0,0,1,5,0,0,0,0,0,0,0,0,0,0,0,0,1
www.momos-ambachtelijkeijs.nl,0,0,1,5,0,0,0,1,0,1,1,1,1,0,0,0,1
auduboninstitute-my.sharepoint.com,0,0,1,5,0,0,0,1,0,1,1,1,0,0,0,0,1
itaucard.segmobionline.ml,0,0,1,5,0,0,0,0,1,1,1,1,0,0,0,0,1
civilcontractorsinmumbai.in,0,0,1,3,0,0,0,0,0,1,1,1,0,0,0,1,1
ekramuzzaman.com,0,0,1,3,0,0,0,0,0,1,1,1,0,0,1,1,1
e-grupobancolombia.com.co,0,0,1,2,0,0,0,1,0,1,1,1,0,0,0,0,1
sms-portaldesbloqueos.online,0,0,1,1,0,0,0,1,0,1,1,1,0,1,0,0,1
contractalerts.co.uk,0,0,0,0,0,0,0,0,0,1,1,1,1,1,0,0,1
cassandraleuthold.com,0,0,0,3,0,0,0,0,0,1,1,1,0,0,0,0,1
paypal-support-help-uk.com,0,0,0,0,0,0,0,1,0,1,1,1,0,0,1,0,1
web-net-pg.joomla.com,0,0,1,4,0,0,0,1,0,1,1,1,0,0,0,1,1
storage.googleapis.com,0,1,1,3,0,0,0,0,0,1,1,1,0,0,0,0,1
attttinmnwgyyatt.weebly.com,0,0,0,0,0,0,0,0,0,1,1,1,1,0,1,0,1
utechtextil.com.br,0,0,1,3,0,0,0,0,0,1,1,1,0,0,0,0,1
poonammishra.in,0,0,0,3,0,0,0,0,0,1,1,1,0,0,1,0,1
techmarketingbuffalo.com,0,0,1,1,0,0,0,0,0,1,1,1,1,0,1,0,1
www.budgetbots.com,0,1,1,3,0,0,0,0,0,1,1,1,0,0,0,0,1
infoseminarbisnis.com,0,0,0,1,0,0,0,0,0,1,1,1,0,0,1,0,1
cheaproomsvalencia.com,0,0,1,5,0,0,0,0,0,1,1,1,1,0,0,0,1
cupkaju.wz.sk,0,0,1,1,0,0,0,0,0,1,1,1,0,0,0,0,1
szinesgyongyok.hu,0,0,1,3,0,0,0,0,0,1,1,1,0,0,0,0,1
servicefactory.net,0,0,1,6,0,0,0,0,0,1,1,1,0,1,1,0,1
qubectravel.com,0,0,0,2,0,0,0,0,0,1,1,1,0,0,0,1,1
verfiayiosnmer.com,0,0,0,2,0,0,0,0,0,1,1,1,0,0,0,1,1
steamcommunitus.tk,0,0,0,1,0,0,0,0,1,1,1,1,0,1,0,0,1
licogi18.com.vn,0,0,1,2,1,0,0,0,0,1,1,1,0,0,0,0,1
starmak.com.tr,0,0,1,1,0,0,0,0,0,1,1,1,0,0,0,1,1
www.tptelecom.it,0,0,1,8,0,0,0,0,0,1,1,1,0,0,0,0,1
netorgft1541989-my.sharepoint.com,0,0,1,5,0,0,0,1,0,1,1,1,0,0,0,0,1
mazeadvokater-my.sharepoint.com,0,0,1,5,0,0,0,1,0,1,1,1,0,1,0,0,1
www.flightstoeurope.us,0,0,1,5,0,0,0,0,0,1,1,1,0,0,0,0,1
quarentenamagazine.com,0,0,1,2,0,0,0,0,0,1,1,1,0,0,0,0,1
www.viewrun.co.kr,0,0,1,6,0,0,0,0,0,1,1,1,1,0,1,0,1
peaceau.org,0,0,1,3,0,0,0,0,0,1,1,1,0,0,0,0,1
secureatt17.godaddysites.com,0,0,0,0,0,0,0,0,0,1,1,1,0,0,0,1,1
www.marcelo.it,0,0,1,5,0,0,0,0,0,1,1,1,0,0,0,1,1
tinyurl.com,0,0,0,1,0,0,1,0,0,1,1,1,0,1,0,0,1
ravinkondo.cloudaccess.host,0,0,0,1,0,0,0,0,0,1,1,1,1,0,0,0,1
gawvs.in,0,0,1,3,0,0,0,0,0,1,1,1,1,0,0,0,1
optus.harbornews.us,0,1,0,0,0,0,0,0,0,1,1,1,0,0,0,0,1
beyondstateofmind.com,0,0,1,4,0,0,0,0,0,1,1,1,0,0,0,0,1
click.pstmrk.it,0,0,1,6,0,0,0,0,0,1,1,1,0,0,0,1,1
abano5.ge,0,0,0,3,0,0,0,0,0,1,1,1,0,0,0,0,1
whatsappchat.zyns.com,0,0,0,0,0,0,0,0,0,1,1,1,0,0,1,0,1
www.rakuten.co.jp.supportaplicationcode13.jp-aplicatioebokendnslinfrntjopinjsoad3asfadum8.xyz,0,0,1,5,0,0,0,1,1,1,1,1,0,0,0,0,1
centraslcourierllc.com,0,0,1,4,0,0,0,0,0,1,1,1,0,0,0,1,1
playarprint.com,0,0,1,2,0,0,0,0,0,1,1,1,0,0,0,0,1
tny.im,0,0,0,1,0,0,0,0,0,1,1,1,0,0,0,0,1
sparkpassedecom.com,0,0,1,2,0,0,0,0,0,1,1,1,0,0,0,0,1
runtic.com.hr,0,0,0,1,0,0,0,0,0,1,1,1,0,0,0,0,1
secure.informations.ninjamarketingman.com,0,0,0,1,0,0,0,0,0,1,1,1,0,0,0,0,1
www.phoenixlocksmith-az.com,0,0,0,1,0,0,0,1,0,1,1,1,0,0,0,0,1
the100prosystems.com,0,0,1,8,0,0,0,0,0,1,1,1,0,0,1,0,1
ethpromo-giveaway.atspace.cc,0,0,0,0,0,0,0,1,0,1,1,1,0,0,0,0,1
ofetadaseman.com,0,0,0,2,0,0,0,0,0,1,1,1,1,1,0,1,1
nobleconsultants.net,0,0,1,2,1,0,0,0,0,1,1,1,0,0,0,0,1
kaizenpak.com,0,0,0,2,0,0,0,0,0,1,1,1,1,0,0,0,1
imagephoto-video.com,0,0,1,5,0,0,0,1,0,1,1,1,0,0,0,0,1
emojidictionary75d139b8243558347d778dafc4b938fe.dns-cloud.net,0,0,1,2,0,0,0,1,0,1,1,1,0,0,0,0,1
brighant.com,0,0,0,1,0,0,0,0,0,1,1,1,0,0,0,0,1
drive.google.com,0,0,1,4,0,0,0,0,0,0,0,0,0,0,0,0,1
ecoachinginternational.com,0,0,1,2,0,0,0,0,0,1,1,1,0,0,0,0,1
sygnifai.com,0,0,1,2,0,0,0,0,0,1,1,1,0,0,0,1,1
queenofsabaofficial.com,0,0,1,3,0,0,0,0,0,1,1,1,0,0,0,0,1
evoxhosting.com,0,0,1,5,0,0,0,0,0,1,1,1,0,1,0,0,1
icipedudu-my.sharepoint.com,0,0,1,5,0,0,0,1,0,1,1,1,0,0,0,0,1
desikilitmarket.com,0,0,1,4,0,0,0,0,0,1,1,1,0,0,1,1,1
genipaper.com,0,0,1,3,0,0,0,0,0,1,1,1,0,0,0,0,1
ixxi.com.mx,0,0,1,6,0,0,0,0,0,1,1,1,0,0,0,0,1
www.ulrc.go.ug,0,0,0,1,0,0,0,0,0,1,1,1,0,0,0,0,1
themehndidesigns.com,0,0,0,1,0,0,0,0,0,1,1,1,0,0,0,0,1
gogeohealth.net,0,0,0,3,0,0,0,0,0,1,1,1,0,0,1,0,1
fkpd.net,0,0,0,1,0,0,0,0,0,1,1,1,0,0,0,0,1
firebasestorage.googleapis.com,0,1,1,5,0,0,0,0,0,1,1,1,1,0,1,0,1
docs.google.com,0,0,1,5,0,0,0,0,0,0,0,0,0,0,0,0,1
cheaproomsvalencia.com,0,0,1,5,0,0,0,0,0,1,1,1,0,0,0,0,1
avenuebeautyla.com,0,0,1,9,0,0,0,0,0,1,1,1,0,0,0,1,1
knu.edu.af,0,1,1,10,0,0,0,0,0,1,1,1,0,0,0,0,1
gkjx168.com,0,0,1,1,0,0,0,0,0,1,1,1,0,0,0,0,1
thetopratedquadcopters.com,0,0,1,4,0,0,0,0,0,1,1,1,0,0,0,0,1
brasil-acesso.pagedemo.co,0,0,0,0,0,0,0,1,0,1,1,1,1,1,0,0,1
tptelecom.it,0,0,1,6,0,0,0,0,0,1,1,1,0,0,0,0,1
www.tptelecom.it,0,0,1,6,0,0,0,0,0,1,1,1,1,0,0,0,1
whatsapp-join.zyns.com,0,0,0,0,0,0,0,1,0,1,1,1,0,0,0,0,1
destaque40tena.com,0,0,1,2,0,0,0,0,0,1,1,1,0,0,1,0,1
khurramandcosolicitors.com,0,0,1,4,0,0,0,0,0,1,1,1,1,0,0,0,1
bizbizeturkiyenim.com,0,0,0,0,0,0,0,0,0,1,1,1,0,0,0,0,1
wetransfer-plus7.ml,0,0,0,1,0,0,0,1,1,1,1,1,1,0,0,1,1
eway.sm,0,0,0,2,0,0,0,0,0,1,1,1,0,1,0,0,1
maggiogateway.buzz,0,0,1,3,0,0,0,0,0,1,1,1,1,0,0,0,1
www.habbocreditosparati.blogspot.com,0,0,0,0,0,0,0,0,0,1,1,1,0,0,0,1,1
services.runescape.com-rss.me,0,0,1,2,0,0,0,1,0,1,1,1,0,0,0,0,1
skhmcb.ac.in,0,0,0,4,0,0,0,0,0,1,1,1,0,0,0,0,1
agroxford.com,0,1,1,1,0,0,0,0,0,1,1,1,0,0,0,1,1
comoliberarhuawei.com,0,0,0,4,0,0,0,0,0,1,1,1,1,0,1,0,1
voltzmc.com.br,0,0,1,4,0,0,0,0,0,1,1,1,0,0,0,0,1
www.autolikesfree.net,0,0,0,0,0,0,0,0,0,1,1,1,0,0,0,1,1
1drv.ms,0,0,1,2,0,0,0,0,0,1,1,1,0,0,1,0,1
www.decifra.com.br,0,0,1,3,0,0,0,0,0,1,1,1,0,0,1,0,1
lnkd.in,0,0,0,1,0,0,1,0,0,1,1,1,0,0,0,0,1
t.co,0,0,0,1,0,0,1,0,0,1,1,1,0,0,1,0,1
www.preeteshevents.com,0,0,1,4,0,0,0,0,0,1,1,1,1,1,1,0,1
americamega.net,0,0,1,2,0,0,0,0,0,1,1,1,0,0,0,0,1
aegisredmedia.com,0,0,1,6,0,0,0,0,0,1,1,1,0,0,0,0,1
www.tharschoolosian.org,0,0,1,4,0,0,0,0,0,1,1,1,0,0,1,0,1
amazon.co.jp.asedeg541we564h4wre56jne3r1s4hg5wre1h23er1j5r6ty4k6ry541k456.buzz,0,0,1,0,0,0,0,0,0,1,1,1,1,0,0,1,1
aquai.pl,0,0,1,7,0,0,0,0,0,1,1,1,0,0,0,0,1
mail.offerzforyou.com,0,0,0,0,0,0,0,0,0,1,1,1,0,0,0,0,1
drive.google.com,0,0,1,3,0,0,0,0,0,0,0,0,0,0,0,0,1
restaurantelabarquita.com,0,1,1,2,0,0,0,0,0,1,1,1,0,0,0,0,1
advonationusa.com,0,0,1,5,0,0,0,0,0,1,1,1,0,0,0,0,1
subscriber.fdgdfg5d.com,0,0,0,0,0,0,0,0,0,1,1,1,0,0,1,0,1
aldershvile.no,0,0,0,1,0,0,0,0,0,1,1,1,0,0,0,1,1
betasusgirisburasi5.blogspot.com,0,0,0,0,0,0,0,0,0,1,1,1,0,0,1,0,1
winavena.com,0,0,1,7,0,0,0,0,0,1,1,1,0,0,0,0,1
edwardinvestment.com,0,0,1,2,0,0,0,0,0,1,1,1,0,0,1,0,1
viccats.camcam.dns-cloud.net,0,0,1,3,0,0,0,1,0,1,1,1,0,0,0,0,1
ame-dia-das-maes.com,0,0,1,2,0,0,0,1,0,1,1,1,0,0,1,1,1
promohinotruck.com,0,1,1,5,0,0,0,0,0,1,1,1,0,0,0,0,1
www.hortipower.co.uk,0,0,1,5,0,0,0,0,0,1,1,1,0,0,1,0,1
enigreen.net,0,0,1,3,0,0,0,0,0,1,1,1,1,0,0,1,1
aroma-italiano.xyz,0,0,0,0,0,0,0,1,1,1,1,1,0,0,0,1,1
www.zonamasa.com,0,0,0,2,0,0,0,0,0,1,1,1,0,1,0,0,1
bbvavirtual.ga,0,0,0,1,0,0,0,0,1,1,1,1,0,0,0,1,1
mallika.biz,0,0,1,5,0,0,0,0,0,1,1,1,1,0,0,0,1
magazyn.allegro.secfence.lesavik.net,0,0,0,0,0,0,0,0,0,1,1,1,0,0,0,1,1
akilili.com,0,0,1,4,0,0,0,0,0,1,1,1,1,0,0,0,1
drive.google.com,0,0,1,4,0,0,0,0,0,0,0,0,0,0,0,1,1
www.hitsem.com,0,0,1,1,0,0,0,0,0,1,1,1,0,0,0,0,1
jppost-amu.com,0,0,0,1,0,0,0,1,0,1,1,1,0,0,0,0,1
snip.ly,0,0,0,1,0,0,0,0,0,1,1,1,0,0,0,1,1
cyracornser.com,0,0,1,2,0,0,0,0,0,1,1,1,1,1,0,0,1
code.jivosite.com,0,0,0,2,0,0,0,0,0,1,1,1,0,0,0,1,1
www.mychase-online.com,0,0,0,2,0,0,0,1,0,1,1,1,0,0,0,0,1
dailyexclusiveoffer.com,0,0,1,3,0,0,0,0,0,1,1,1,0,0,0,1,1
orientationinlaws.com,0,0,1,3,0,0,0,0,0,1,1,1,1,1,0,0,1
storage.googleapis.com,0,0,1,3,0,0,0,0,0,1,1,1,0,1,0,0,1
jcarmoeventos.com.br,0,0,1,4,0,0,0,0,0,1,1,1,1,0,0,1,1
www.ktpn.kalisz.pl,0,1,1,2,0,0,0,0,0,1,1,1,0,0,1,0,1
dpfoidspoifopdsifpoi.blogspot.com,0,0,0,0,0,0,0,0,0,1,1,1,1,0,0,0,1
palletsolutions.ca,0,0,1,3,0,0,0,0,0,1,1,1,0,0,0,1,1
trafftraff.com,0,0,1,2,0,0,0,0,0,1,1,1,1,0,0,0,1
alsapan-epi.com,0,0,0,4,0,0,0,1,0,1,1,1,0,0,0,0,1
omegadesigns.in,0,0,1,4,0,0,0,0,0,1,1,1,0,0,0,1,1
docs.google.com,0,0,1,5,0,0,0,0,0,0,0,0,0,0,0,1,1
dgbcobenefits-my.sharepoint.com,0,0,1,5,0,0,0,1,0,1,1,1,1,0,0,0,1
aegisredmedia.com,0,0,1,5,0,0,0,0,0,1,1,1,0,0,0,0,1
www.kisa.link,0,0,0,1,0,0,0,0,0,1,1,1,0,0,1,0,1
columbiaps-my.sharepoint.com,0,0,1,5,0,0,0,1,0,1,1,1,0,0,0,1,1
suraseyidova.com,0,0,0,2,0,0,0,0,0,1,1,1,0,0,0,1,1
exodus.io123782.ml,0,0,0,0,0,0,0,0,1,1,1,1,0,0,0,1,1
megamagaluon.com,0,0,0,1,0,0,0,0,0,1,1,1,1,0,1,1,1
integrityozonesolutions.com,0,0,1,4,0,0,0,0,0,1,1,1,1,1,0,0,1
ofertasparaconsumidor.com,0,0,1,2,0,0,0,0,0,1,1,1,0,1,0,0,1
www.ktpn.kalisz.pl,0,1,1,2,0,0,0,0,0,1,1,1,1,0,0,0,1
paypalp.ontraport.com,0,0,1,12,0,0,0,0,0,1,1,1,0,0,0,0,1
infopublishersassociation.com,0,0,1,8,0,0,0,0,0,1,1,1,0,0,0,1,1
sastaservices.com,0,0,1,2,0,0,0,0,0,1,1,1,1,0,0,0,1
docs.google.com,0,0,1,5,0,0,0,0,0,0,0,0,0,0,0,0,1
transport-trading.se,0,0,0,1,0,0,0,1,0,1,1,1,0,0,0,0,1
www.automationhub.pk,0,0,0,2,0,0,0,0,0,1,1,1,0,1,0,0,1
y9o5m.codesandbox.io,0,0,0,0,0,0,0,0,0,1,1,1,1,0,0,0,1
user-data-security-settings-support-account-rakuten.com,0,0,1,0,0,0,0,1,0,1,1,1,0,0,0,1,1
docs.google.com,0,0,1,5,0,0,0,0,0,0,0,0,0,0,0,0,1
livestudentccc-my.sharepoint.com,0,0,1,5,0,0,0,1,0,1,1,1,0,0,0,0,1
rockysite.net,0,0,0,2,0,0,0,0,0,1,1,1,1,0,0,0,1
spectometre.newimagefitness.net,0,0,1,4,0,0,0,0,0,1,1,1,0,0,0,0,1
keng.ml,0,0,0,3,0,0,0,0,1,1,1,1,1,0,0,0,1
kojd6.app.link,0,0,0,1,0,0,0,0,0,1,1,1,1,0,0,0,1
www.kisa.link,0,0,0,1,0,0,0,0,0,1,1,1,0,0,0,0,1
cecmultiservice.it,0,0,0,2,0,0,0,0,0,1,1,1,1,0,0,0,1
storage.googleapis.com,0,1,1,3,0,0,0,0,0,1,1,1,0,0,0,1,1
villasakuraubud.com,0,0,1,6,0,0,0,0,0,1,1,1,0,0,0,0,1
www.facebook-marketplace-item02939203823.karnaphuli.org,0,0,1,0,0,0,0,1,0,1,1,1,0,1,0,1,1
www.stolizaparketa.ru,0,1,1,7,0,0,0,0,0,1,1,1,0,0,0,0,1
docs.google.com,0,0,1,5,0,0,0,0,0,0,0,0,0,0,0,1,1
hamdamfoundation.org.pk,0,0,1,3,0,0,0,0,0,1,1,1,0,0,0,0,1
videosfacebook.today,0,0,1,2,0,0,0,0,0,1,1,1,0,0,0,1,1
forms.gle,0,0,0,1,0,0,0,0,0,1,1,1,0,0,0,0,1
sriutamahub.com,0,0,1,2,0,0,0,0,0,1,1,1,0,0,0,0,1
click.email.microsoftemail.com,0,0,1,0,0,0,0,0,0,1,1,1,0,0,1,0,1
advonationusa.com,0,0,1,5,0,0,0,0,0,1,1,1,0,0,0,0,1
binarybenliveload.com,0,0,1,3,0,0,0,0,0,1,1,1,0,0,0,1,1
accurateofes.com,0,0,0,2,0,0,0,0,0,1,1,1,0,0,0,1,1
dotpay.idpd.pl,0,0,1,1,0,0,0,0,0,1,1,1,0,0,0,0,1
espaceclientv1.fr,0,0,1,5,0,0,0,0,0,1,1,1,0,0,0,0,1
digiprobeindonesia.com,0,0,0,2,0,0,0,0,0,1,1,1,1,0,1,0,1
ouhsd-my.sharepoint.com,0,0,1,5,0,0,0,1,0,1,1,1,0,0,0,1,1
meduchet.com,0,0,1,6,0,0,0,0,0,1,1,1,0,1,0,0,1
www.pastimenangqq101.com,0,0,0,3,0,0,0,0,0,1,1,1,0,0,0,0,1
atendimento-sac-pg.joomla.com,0,0,0,2,0,0,0,1,0,1,1,1,0,0,0,0,1
app.box.com,0,0,1,2,0,0,0,0,0,1,1,1,1,0,0,0,1
www.dhlexpressmail.com,0,0,0,0,0,0,0,0,0,1,1,1,0,1,0,0,1
hrweb99.com,0,0,1,5,0,0,0,0,0,1,1,1,0,0,0,1,1
payment-isuessglobal.doncasterservicecentre.com.au,0,0,1,1,0,0,0,1,0,1,1,1,0,0,0,0,1
kupelis.com,0,0,1,8,0,0,0,0,0,1,1,1,0,0,1,0,1
623112j4j3.codesandbox.io,0,0,0,1,0,0,0,0,0,1,1,1,0,0,0,0,1
jdih.sambas.go.id,0,0,0,3,0,0,0,0,0,1,1,1,0,0,0,0,1
carandclassic.co.uk-enquiry-id-2172643.tilexhome.com,0,0,1,0,0,0,0,1,0,1,1,1,0,0,0,0,1
docs.google.com,0,0,1,5,0,0,0,0,0,0,0,0,0,0,0,0,1
fastplaying.com,0,0,0,0,0,0,0,0,0,1,1,1,0,0,0,0,1
www.paxful.com.transfer.boubit.com,0,0,0,0,0,0,0,0,0,1,1,1,0,0,0,0,1
whattsapp2020.ygto.com,0,0,0,0,0,0,0,0,0,1,1,1,0,0,0,0,1
www.testing-adjusting-balancing.com,0,0,1,2,0,0,0,1,0,1,1,1,1,0,0,0,1
betasus26.blogspot.com,0,0,0,0,0,0,0,0,0,1,1,1,0,0,0,0,1
fareast.qa,0,0,1,3,0,0,0,0,0,1,1,1,0,0,0,0,1
nebrot.dk,0,0,0,3,0,0,0,0,0,1,1,1,0,0,0,0,1
www.peruradiodigital.com,0,0,1,2,0,0,0,0,0,1,1,1,0,0,0,0,1
noreply2redirect2.site44.com,0,0,0,1,0,0,0,0,1,1,1,1,0,0,1,0,1
livestudentccc-my.sharepoint.com,0,0,1,5,0,0,0,1,0,1,1,1,0,0,0,0,1
elvin-trade.kz,0,0,1,5,0,0,0,1,0,1,1,1,0,0,0,1,1
alsapan-epi.com,0,0,0,3,0,0,0,1,0,1,1,1,0,0,0,0,1
playarprint.com,0,0,1,2,0,0,0,0,0,1,1,1,0,0,0,0,1
sloaneandhyde.com,0,0,0,3,0,0,0,0,0,1,1,1,0,0,0,0,1
dhl.export.dns-cloud.net,0,0,0,2,0,0,0,1,0,1,1,1,0,0,1,0,1
barcelona-court-5624.pancakeapps.com,0,0,1,1,0,0,0,1,0,1,1,1,0,0,0,0,1
activelogisticsltd.com,0,0,0,2,0,0,0,0,0,1,1,1,0,1,1,0,1
fareast.qa,0,0,1,3,0,0,0,0,0,1,1,1,0,0,0,0,1
cheaproomsvalencia.com,0,0,1,5,0,0,0,0,0,1,1,1,0,0,0,1,1
steampowered.codes,0,0,0,0,0,0,0,0,0,1,1,1,1,0,0,0,1
standbyyoucoaching.com,0,0,1,5,0,0,0,0,0,1,1,1,0,0,0,0,1
www.alpha-mail-server2.ddns.info,0,0,1,1,0,0,0,1,0,1,1,1,0,0,1,0,1
www.planwise.co.za,0,0,1,7,0,0,0,0,0,1,1,1,0,0,0,0,1
kushal308kumar.maskarea.com,0,0,1,3,0,0,0,0,0,1,1,1,0,0,0,0,1
plataformaeducativa.se.jalisco.gob.mx,0,0,1,3,0,0,0,0,0,1,1,1,0,0,0,0,1
oncopharma-ae.com,0,0,0,2,0,0,0,1,0,1,1,1,0,0,1,0,1
boraprafrentebra18k.com,0,0,0,2,0,0,0,0,0,1,1,1,0,1,0,1,1
dadaindah.my.id,0,0,0,1,0,0,0,0,0,1,1,1,0,0,0,1,1
split.to,0,0,0,1,0,0,0,0,0,1,1,1,0,0,0,0,1
knu.edu.af,0,1,1,10,0,0,0,0,0,1,1,1,0,1,0,1,1
wdestaques14.comprehojeegarante.com,0,0,1,5,0,0,0,0,0,1,1,1,0,0,0,0,1
awesomeorg.com,0,0,0,2,0,0,0,0,0,1,1,1,0,0,0,0,1
my-tee-shirt.com,0,0,0,1,0,0,0,1,0,1,1,1,0,0,0,0,1
ruasepicas.pt,0,0,1,1,0,0,0,0,0,1,1,1,1,0,0,0,1
www.nikki.center,0,0,0,2,0,0,0,0,0,1,1,1,0,0,0,1,1
4jv02.app.link,0,0,0,1,0,0,0,0,0,1,1,1,0,0,0,0,1
shopbundlebee.com,0,0,1,3,0,0,0,0,0,1,1,1,0,0,1,0,1
business-page.fb.realtor-item3289837532.com,0,0,0,0,0,0,0,1,0,1,1,1,0,0,0,1,1
csgotear.ru,0,0,0,0,0,0,0,0,0,1,1,1,0,0,0,0,1
ab453bbe-3b65-47cf-9eca-798689d971d5.htmlcomponentservice.com,0,0,1,1,0,0,0,1,0,1,1,1,0,0,0,0,1
emporio71.com.br,0,0,0,1,0,0,0,0,0,1,1,1,1,0,0,0,1
golfballsonline.com,0,0,1,3,0,0,0,0,0,1,1,1,0,0,0,0,1
sieck-kuehlsysteme.de,0,1,1,4,0,0,0,1,0,1,1,1,0,0,0,0,1
tylerdeveraux.com,0,0,0,3,0,0,0,0,0,1,1,1,0,0,0,0,1
crowleprimary-my.sharepoint.com,0,0,1,5,0,0,0,1,0,1,1,1,0,0,0,0,1
p3plvcpnl353719.prod.phx3.secureserver.net,0,0,1,4,0,0,0,0,0,1,1,1,0,0,1,0,1
itacardacesso.com,0,0,1,4,0,0,0,0,0,1,1,1,0,1,0,0,1
ig-always.000webhostapp.com,0,0,0,0,0,0,0,1,1,1,1,1,1,0,0,0,1
forms.office.com,0,0,1,2,0,0,0,0,0,0,0,0,0,0,0,0,1
forms.office.com,0,0,1,2,0,0,0,0,0,0,0,0,0,0,0,0,1
raido-global.ru,0,0,1,7,0,0,0,1,0,1,1,1,1,1,1,0,1
grabyourcode.com,0,0,0,3,0,0,0,0,0,1,1,1,1,0,0,1,1
joinngrubwa.itsaol.com,0,0,0,0,0,0,0,0,0,1,1,1,0,0,1,0,1
zohard.com,0,0,1,8,0,0,0,0,0,1,1,1,0,0,0,1,1
thetechssolutions.com,0,0,1,3,0,0,0,0,0,1,1,1,1,0,0,0,1
voipberry.com,0,0,0,2,0,0,0,0,0,1,1,1,0,0,0,0,1
zjgsyds.cn,0,0,1,1,1,0,0,0,0,1,1,1,0,0,0,0,1
vem-comprar.com,0,0,0,2,0,0,0,1,0,1,1,1,0,0,0,1,1
www.digitalmillionaires.com,0,0,0,1,0,0,0,0,0,1,1,1,0,0,0,0,1
golfballsonline.com,0,0,1,3,0,0,0,0,0,1,1,1,0,1,0,0,1
autoscout24.de-anfrage-id-729453.tilexhome.com,0,0,1,1,0,0,0,1,0,1,1,1,0,0,0,0,1
trck-earth.bluepype.com,0,0,1,3,0,0,0,1,0,1,1,1,1,0,1,0,1
toaletaeco.ro,0,0,0,1,0,0,0,0,0,1,1,1,0,0,0,0,1
u704893oyf.ha004.t.justns.ru,0,0,1,3,0,0,0,0,0,1,1,1,0,0,0,1,1
willchurchill.tv,0,1,1,5,0,0,0,0,0,1,1,1,0,0,0,0,1
pstratiinc.com,0,0,1,2,0,0,0,0,0,1,1,1,0,0,0,0,1
eliotecae-my.sharepoint.com,0,0,1,5,0,0,0,1,0,1,1,1,0,0,0,0,1
event.on24.com,0,0,1,4,0,0,0,0,0,1,1,1,0,0,0,0,1
curlboxman.com,0,0,1,2,0,0,0,0,0,1,1,1,0,0,0,1,1
sites.google.com,0,0,0,2,0,0,0,0,0,0,0,0,0,1,1,0,1
betasus20213.blogspot.com,0,0,0,0,0,0,0,0,0,1,1,1,1,0,0,1,1
doz.tode.cz,0,0,0,0,0,0,0,0,0,1,1,1,1,1,0,0,1
ingresovirtualcr.com,0,0,0,1,0,0,0,0,0,1,1,1,0,0,1,0,1
waeax.club,0,0,0,0,0,0,0,0,0,1,1,1,0,0,1,0,1
viccats.camcam.dns-cloud.net,0,0,1,3,0,0,0,1,0,1,1,1,0,0,0,1,1
37.187.92.190,1,0,1,10,0,0,0,0,0,1,1,1,0,0,0,0,1
supperbelle.com,0,0,0,1,0,0,0,0,0,1,1,1,0,0,0,0,1
otimosdescontos.com,0,0,0,1,0,0,0,0,0,1,1,1,1,0,0,1,1
alps-mfg.com,0,0,0,3,0,0,0,1,0,1,1,1,1,0,0,0,1
www.samcool.org,0,0,1,1,0,0,0,0,0,1,1,1,0,0,1,0,1
profelectrik.ru,0,0,1,4,0,0,0,0,0,1,1,1,0,0,0,0,1
verzeichnisse.creatorlink.net,0,0,0,0,0,0,0,0,0,1,1,1,0,0,0,0,1
gilleslekeu.com,0,0,0,2,0,0,0,0,0,1,1,1,1,0,0,0,1
kaizenpak.com,0,0,0,2,0,0,0,0,0,1,1,1,0,0,0,1,1
bit.ly,0,0,0,1,0,0,1,0,0,1,1,1,0,0,0,0,1
cellidplus.com,0,0,1,5,0,0,0,0,0,1,1,1,0,0,1,0,1
www.123formbuilder.com,0,0,0,1,0,0,0,0,0,1,1,1,1,0,0,0,1
pekersigorta.com,0,0,0,2,0,0,0,0,0,1,1,1,0,0,0,1,1
ingbancoservice.tumblr.com,0,0,0,0,0,0,0,0,0,0,0,0,0,0,0,0,1
www.hortipower.co.uk,0,0,1,5,0,0,0,0,0,1,1,1,0,1,0,0,1
www.jerka.co.za,0,0,1,5,0,0,0,0,0,1,1,1,0,0,0,0,1
cwmrc.org,0,0,0,2,0,0,0,0,0,1,1,1,0,1,0,0,1
bit.ly,0,0,0,1,0,0,1,0,0,1,1,1,0,1,0,0,1
www.chhotumaharaj.com,0,0,1,7,0,0,0,0,0,1,1,1,0,0,0,0,1
63.250.33.127,1,0,0,1,0,0,0,0,0,1,1,1,0,0,0,0,1
grupothunder.com.br,0,0,1,7,0,0,0,0,0,1,1,1,0,0,1,0,1
arshermeneutica.org,0,0,1,6,0,0,0,0,0,1,1,1,0,0,0,1,1
millionsacademy.com,0,0,0,1,0,0,0,0,0,1,1,1,0,0,0,0,1
docs.google.com,0,0,1,5,0,0,0,0,0,0,0,0,0,0,0,0,1
beetleart.com.tr,0,0,0,2,0,0,0,0,0,1,1,1,0,1,0,0,1
wholesalemsms.club,0,0,0,2,0,0,0,0,0,1,1,1,0,0,1,0,1
78.143.96.35,1,0,1,3,0,0,0,0,0,1,1,1,0,0,1,0,1
norcaltc-my.sharepoint.com,0,0,1,5,0,0,0,1,0,1,1,1,0,0,0,0,1
asinter.cl,0,0,0,2,0,0,0,0,0,1,1,1,1,1,1,0,1
vocalesuivresms.wixsite.com,0,0,0,1,0,0,0,0,0,1,1,1,0,0,0,0,1
hotelmerina.com,0,0,0,2,0,0,0,0,0,1,1,1,0,0,1,0,1
greenpoint.art.br,0,0,1,4,0,0,0,0,0,1,1,1,0,0,0,0,1
videosfacebook.today,0,0,1,2,0,0,0,0,0,1,1,1,0,0,0,0,1
hairfairly.com,0,0,0,3,0,0,0,0,0,1,1,1,1,0,1,0,1
outlookhelpdeskk.creatorlink.net,0,0,0,0,0,0,0,0,0,1,1,1,0,0,0,0,1
resin3dprinterstore.com,0,1,1,1,0,0,0,0,0,1,1,1,0,0,0,0,1
faceb0ok-securitty-dept.com,0,0,0,1,0,0,0,1,0,1,1,1,0,0,1,0,1
protourssoccer.com,0,0,1,6,0,0,0,0,0,1,1,1,0,0,0,0,1
smart-advertisement.com,0,0,1,4,0,0,0,1,0,1,1,1,0,0,1,0,1
emailmarketing.locaweb.com.br,0,0,1,4,0,0,0,0,0,1,1,1,1,0,0,0,1
elomo.ro,0,0,1,5,0,0,0,0,0,1,1,1,0,0,1,1,1
worldativelion.my-free.website,0,0,0,0,0,0,0,1,0,1,1,1,0,0,0,0,1
donplitka.in.ua,0,0,1,6,0,0,0,0,0,1,1,1,0,1,0,0,1
serviceunit3.myfreesites.net,0,0,0,0,0,0,0,0,0,1,1,1,0,0,1,0,1
bcpzonasegurabetavia.sbcp.info,0,0,1,0,0,0,0,0,0,1,1,1,0,0,0,0,1
ruymatz.com.br,0,0,1,3,1,0,0,0,0,1,1,1,0,0,0,0,1
mercadotecniaic.com,0,0,1,3,0,0,0,0,0,1,1,1,1,0,0,0,1
bit.ly,0,0,0,1,0,0,1,0,0,1,1,1,0,0,0,0,1
diagnosticandstatisticalmanual.org,0,0,1,5,0,0,0,0,0,1,1,1,1,0,0,0,1
trioeletricotwister.com.br,0,0,0,1,0,0,0,0,0,1,1,1,0,0,0,0,1
chat-whatsapp-grub.freetcp.com,0,0,0,0,0,0,0,1,0,1,1,1,0,0,0,0,1
smiles.al-wed.com,0,0,0,1,0,0,0,1,0,1,1,1,0,0,0,0,1
marufulislam.com,0,0,1,3,0,0,0,0,0,1,1,1,0,0,0,1,1
c1770209.ferozo.com,0,0,1,4,0,0,0,0,0,1,1,1,0,0,0,0,1
778002991822.com,0,0,0,2,0,0,0,0,0,1,1,1,0,0,0,1,1
menon.org.gr,0,0,0,1,0,0,0,0,0,1,1,1,0,0,1,1,1
poligrafiapias.com,0,0,1,2,0,0,0,0,0,1,1,1,0,0,0,0,1
travelingwithdee.com,0,0,1,4,0,0,0,0,0,1,1,1,0,0,0,0,1
kvsrogurgaon.in,0,0,0,3,0,0,0,0,0,1,1,1,0,0,0,0,1
resieacoea.ml,0,1,1,3,0,0,0,0,1,1,1,1,0,0,1,0,1
www.samducksports.com,0,0,1,4,0,0,0,0,0,1,1,1,0,0,0,0,1
amv.org.mx,0,0,0,3,0,0,0,0,0,1,1,1,1,0,0,1,1
franquinjijecreateursde.afterlivre.com,0,0,1,1,0,0,0,0,0,1,1,1,0,0,0,0,1
prueba.pantoanima.es,0,0,1,4,0,0,0,0,0,1,1,1,0,0,0,1,1
www.xtrixtviptv.com,0,0,1,1,0,0,0,0,0,1,1,1,0,1,0,0,1
nsp.biz.ua,0,0,0,1,0,0,0,0,0,1,1,1,0,0,1,0,1
forms.office.com,0,0,1,2,0,0,0,0,0,0,0,0,0,0,0,0,1
medexsc-my.sharepoint.com,0,0,1,5,0,0,0,1,0,1,1,1,0,0,0,0,1
paris-lane-6515.pancakeapps.com,0,0,0,0,0,0,0,1,0,1,1,1,0,0,1,0,1
vpscouriers.com,0,0,1,5,0,0,0,0,0,1,1,1,0,1,0,0,1
www.reddotarms.com,0,0,0,2,0,0,0,0,0,1,1,1,1,0,0,0,1
taumiq.com,0,0,1,3,0,0,0,0,0,1,1,1,0,0,0,0,1
car-debate.com,0,0,1,2,0,0,0,1,0,1,1,1,0,0,0,1,1
fareast.qa,0,0,1,3,0,0,0,0,0,1,1,1,0,0,0,1,1
bootnbonnet.org,0,0,1,7,0,0,0,0,0,1,1,1,1,0,1,1,1
u718633rwt.ha004.t.justns.ru,0,0,0,3,0,0,0,0,0,1,1,1,0,0,0,0,1
vk-polis.000webhostapp.com,0,0,0,0,0,0,0,1,1,1,1,1,0,0,0,0,1
dropbox-com.dropbox.lilyskitchen.skyfencenet.com,0,0,1,0,0,0,0,1,0,1,1,1,0,0,0,1,1
woodpoindo.com,0,0,1,3,0,0,0,0,0,1,1,1,0,0,0,1,1
taxionpanama.com,0,0,0,2,0,0,0,0,0,1,1,1,0,0,0,0,1
poverau.joomla.com,0,0,0,3,0,0,0,0,0,1,1,1,0,0,1,0,1
www.grubbwhatsapp.dns04.com,0,0,0,1,0,0,0,0,0,1,1,1,0,0,0,0,1
lynshirt.com,0,0,1,6,0,0,0,0,0,1,1,1,0,0,0,0,1
hamt.jp,0,0,1,7,0,0,0,0,0,1,1,1,0,0,0,0,1
sucursalvirtualpersonas.info,0,0,0,0,0,0,0,0,0,1,1,1,0,0,0,0,1
drive.google.com,0,0,1,4,0,0,0,0,0,0,0,0,0,0,0,1,1
secure.runescape.com-un.ru,0,0,1,2,0,0,0,1,0,1,1,1,1,0,0,0,1
elvin-trade.kz,0,0,1,4,0,0,0,1,0,1,1,1,1,0,0,0,1
venha-conferir-super-liquidacao.shop,0,0,1,1,1,0,0,1,0,1,1,1,0,0,1,0,1
playarprint.com,0,0,1,2,0,0,0,0,0,1,1,1,0,0,0,0,1
www.apple.com.hxsra.cn,0,0,0,1,0,0,0,0,0,1,1,1,0,1,0,0,1
www.expressshippers.net,0,0,0,1,0,0,0,0,0,1,1,1,0,0,0,0,1
visualizzamovimenti.com,0,0,0,1,0,0,0,0,0,1,1,1,0,0,0,0,1
mnstuff.com,0,0,0,3,0,0,0,0,0,1,1,1,0,0,0,0,1
www.kisa.link,0,0,0,1,0,0,0,0,0,1,1,1,0,0,0,0,1
sppiscina.com,0,0,0,0,0,0,0,0,0,1,1,1,0,0,0,0,1
singlets.co,0,0,0,2,0,0,0,0,0,1,1,1,0,1,1,0,1
bestcasual.ru,0,0,0,1,0,0,0,0,0,1,1,1,1,0,1,0,1
instagram-com-bil0hg4mr-igshid-z6crh5onjpb.ru,0,0,0,0,0,0,0,1,0,1,1,1,0,0,0,0,1
reurl.cc,0,0,0,1,0,0,0,0,0,1,1,1,0,1,0,0,1
www.yoho.com.tw,0,0,1,4,0,0,0,0,0,1,1,1,0,0,0,0,1
earlystickgraft.com,0,0,1,2,0,0,0,0,0,1,1,1,0,0,1,0,1
ladycavendishdiary.com,0,0,0,3,0,0,0,0,0,1,1,1,1,0,0,0,1
mail.beloinox.pl,0,0,0,1,0,0,0,0,0,1,1,1,1,0,0,0,1
1drv.ms,0,0,1,2,0,0,0,0,0,1,1,1,0,1,1,0,1
slotsmaxbet.net,0,0,0,1,0,0,0,0,0,1,1,1,0,1,0,1,1
cwmrc.org,0,0,0,2,0,0,0,0,0,1,1,1,0,0,0,0,1
www.universidadeinternacional.com,0,0,1,3,0,0,0,0,0,1,1,1,0,0,0,0,1
sportbeclick.com,0,0,1,5,0,0,0,0,0,1,1,1,0,0,0,0,1
tounyou11.com,0,0,0,1,0,0,0,0,0,1,1,1,0,0,0,0,1
khammouane.gov.la,0,0,0,1,0,0,0,0,0,1,1,1,0,0,0,0,1
pay-pal-deutschland.zxc301.com,0,0,0,1,0,0,0,1,0,1,1,1,0,0,0,1,1
www.mjairport.com,0,0,0,3,0,0,0,0,0,1,1,1,0,0,0,0,1
joul.co.kr,0,0,0,4,0,0,0,0,0,1,1,1,0,0,0,0,1
www.hitsem.com,0,0,1,1,0,0,0,0,0,1,1,1,0,0,0,0,1
bankline.itau-seguranca.icu,0,0,0,1,0,0,0,1,0,1,1,1,0,0,0,1,1
mh7dkvpu.myutilitydomain.com,0,0,1,2,0,0,0,0,0,1,1,1,0,0,0,1,1
mysait-my.sharepoint.com,0,0,1,5,0,0,0,1,0,1,1,1,0,0,0,0,1
app.box.com,0,0,1,2,0,0,0,0,0,1,1,1,1,0,0,1,1
www.newlifebiblechurch.org,0,0,0,2,0,0,0,0,0,1,1,1,0,0,1,0,1
afandoublu.gr,0,0,1,4,0,0,0,0,0,1,1,1,0,0,0,0,1
pecasdecozinha.com,0,0,1,2,0,0,0,0,0,1,1,1,0,0,0,0,1
instagram.google-safety.de,0,0,0,0,0,0,0,1,0,1,1,1,0,0,1,0,1
vanillacheckcard.com,0,0,0,0,0,0,0,0,0,1,1,1,0,0,1,0,1
sac24hrs.com,0,0,0,2,0,0,0,0,0,1,1,1,0,0,0,1,1
fbwat.ch,0,0,0,1,0,0,0,0,0,1,1,1,0,0,0,0,1
clever-bhabha.netlify.app,0,0,0,0,0,0,0,1,0,1,1,1,0,0,0,1,1
wpdevmm.com,0,0,0,6,0,0,0,0,0,1,1,1,0,1,0,0,1
augusthus.com.br,0,0,0,1,0,0,0,0,0,1,1,1,0,0,0,0,1
101.0.81.153,1,0,0,3,0,0,0,0,0,1,1,1,1,1,0,0,1
yourfitnesscorner.com,0,0,1,9,0,0,0,0,0,1,1,1,0,0,0,0,1
sftp.usin.com,0,0,0,0,0,0,0,0,0,1,1,1,1,0,0,0,1
cheaproomsvalencia.com,0,0,1,5,0,0,0,0,0,1,1,1,0,0,0,0,1
lakinshore.buzz,0,0,0,2,0,0,0,0,0,1,1,1,0,0,0,0,1
lucidfestival.com,0,0,1,5,0,0,0,0,0,1,1,1,0,0,0,0,1
leilaolocaliza.com,0,0,0,1,0,0,0,0,0,1,1,1,1,0,0,0,1
drive.google.com,0,0,1,4,0,0,0,0,0,0,0,0,0,0,0,0,1
fj1gh.app.link,0,0,0,1,0,0,0,0,0,1,1,1,0,0,0,1,1
alaynagider.blogcu.com,0,0,0,0,0,0,0,0,0,1,1,1,0,0,0,0,1
www.chericartercounseling.com,0,0,1,3,0,0,0,0,0,1,1,1,0,0,0,0,1
squads.com.au,0,0,0,2,0,0,0,0,0,1,1,1,0,1,0,0,1
microfinancesoft.nn.r.appspot.com,0,0,0,1,0,0,0,0,0,1,1,1,1,0,0,0,1
smsenligne.myfreesites.net,0,0,0,0,0,0,0,0,0,1,1,1,0,0,0,0,1
limited-authflow.com,0,0,0,0,0,0,0,1,0,1,1,1,0,0,0,0,1
betindianasports.com,0,0,1,3,0,0,0,0,0,1,1,1,0,0,0,0,1
betasuscom.blogspot.com,0,0,0,0,0,0,0,0,0,1,1,1,0,0,0,1,1
t.co,0,0,0,1,0,0,1,0,0,1,1,1,0,0,0,0,1
didierpajot.com,0,0,0,1,1,0,0,0,0,1,1,1,0,0,0,1,1
fotoblad.com,0,0,0,4,0,0,0,0,0,1,1,1,0,0,0,0,1
siamtur.com,0,0,1,8,0,0,0,0,0,1,1,1,1,0,0,0,1
app.box.com,0,0,1,2,0,0,0,0,0,1,1,1,0,0,1,0,1
krasn.arkadak.sarmo.ru,0,0,0,1,0,0,0,0,0,1,1,1,0,0,0,1,1
www.u708953pu8.ha004.t.justns.ru,0,0,1,2,0,0,0,0,0,1,1,1,0,0,1,0,1
docs.google.com,0,0,1,5,0,0,0,0,0,0,0,0,0,0,0,0,1
lum4.com,0,0,0,2,0,0,0,0,0,1,1,1,0,0,1,0,1
www.bootnbonnet.org,0,0,1,7,0,0,0,0,0,1,1,1,0,0,1,1,1
usedexcavators.com.au,0,0,0,1,0,0,0,0,0,1,1,1,0,0,0,0,1
www.gcspolk.com,0,0,1,4,0,0,0,0,0,1,1,1,1,0,0,0,1
storage.googleapis.com,0,0,1,2,0,0,0,0,0,1,1,1,0,0,0,0,1
livestudentccc-my.sharepoint.com,0,0,1,5,0,0,0,1,0,1,1,1,0,1,1,0,1
cameragirl.dev.timelabs.ru,0,0,0,2,0,0,0,0,0,1,1,1,0,0,0,1,1
hwtswecy.livedrive.com,0,0,1,2,0,0,0,0,0,1,1,1,0,0,1,0,1
sfght534t23qrewsa.rf.gd,0,0,0,1,0,0,0,0,0,1,1,1,0,0,0,1,1
ams-business-7.hostwindsdns.com,0,0,1,2,0,0,0,1,0,1,1,1,0,0,0,0,1
mudanzassuarez.com,0,0,0,2,0,0,0,0,0,1,1,1,0,0,0,0,1
alohafind.com,0,0,1,1,0,0,0,0,0,1,1,1,0,0,1,0,1
monsuwiproperties.com,0,0,0,1,0,0,0,0,0,1,1,1,0,0,0,0,1
civilcontractorsinmumbai.in,0,0,1,3,0,0,0,0,0,1,1,1,1,0,1,0,1
newcalling.blob.core.windows.net,0,0,1,2,0,0,0,0,0,1,1,1,0,0,0,0,1
www.geraldasbradas.web7611.kinghost.net,0,0,0,0,0,0,0,0,0,1,1,1,1,0,0,0,1
jhairshop.fr,0,0,0,3,0,0,0,0,0,1,1,1,1,0,1,0,1
icipedudu-my.sharepoint.com,0,0,1,7,0,0,0,1,0,1,1,1,0,0,0,0,1
connectionbradesco.ddns.net,0,0,0,0,0,0,0,0,0,1,1,1,0,1,0,0,1
karenyauphotography.com,0,1,1,3,0,0,0,0,0,1,1,1,1,0,0,0,1
fidelltycapitalonline.com,0,0,1,3,0,0,0,0,0,1,1,1,0,0,0,0,1
www.account-security-information.maquinariahb.com,0,0,1,0,0,0,0,1,0,1,1,1,0,0,0,0,1
www.hortipower.co.uk,0,0,1,5,0,0,0,0,0,1,1,1,0,1,1,0,1
loansmumbai.com,0,0,1,3,0,0,0,0,0,1,1,1,0,0,0,0,1
glueturn.nn.r.appspot.com,0,0,1,1,0,0,0,0,0,1,1,1,0,1,0,0,1
www.grupprontalgaming.25u.com,0,0,0,1,0,0,0,0,0,1,1,1,0,0,1,0,1
www.east38.com,0,0,1,3,0,0,0,0,0,1,1,1,0,0,0,1,1
zohard.com,0,0,1,8,0,0,0,0,0,1,1,1,0,0,0,0,1
www.bancodobrasilempresarial.com,0,0,0,0,0,0,0,0,0,1,1,1,0,0,1,0,1
docs.google.com,0,0,1,5,0,0,0,0,0,0,0,0,0,0,0,1,1
lynkos.com.br,0,0,1,2,0,0,0,0,0,1,1,1,0,0,0,1,1
saudeproturb.com,0,0,1,2,0,0,0,0,0,1,1,1,0,0,0,0,1
www.atefnet.com,0,0,1,4,0,0,0,0,0,1,1,1,0,1,0,0,1
mail.speedy.com.pk,0,0,1,4,0,0,0,0,0,1,1,1,0,0,0,1,1
quantgbo.lviv.ua,0,0,1,11,0,0,0,0,0,1,1,1,0,0,0,0,1
www.mailcontrol.com,0,0,1,2,0,0,0,0,0,1,1,1,0,0,0,1,1
sohinteg.com,0,0,0,0,0,0,0,0,0,1,1,1,0,0,0,0,1
inversionesgini.com,0,0,1,3,0,0,0,0,0,1,1,1,0,0,0,0,1
c1770209.ferozo.com,0,0,1,4,0,0,0,0,0,1,1,1,1,0,0,0,1
thanhlytot.com,0,0,0,3,0,0,0,0,0,1,1,1,0,0,1,0,1
thatgiftedgal.com,0,0,0,2,0,0,0,0,0,1,1,1,0,1,0,0,1
0442d60.wcomhost.com,0,0,1,2,0,0,0,0,0,1,1,1,0,0,1,0,1
paypal-notif.gq,0,0,0,2,0,0,0,1,1,1,1,1,0,0,0,0,1
www.wearegames.es,0,0,0,1,0,0,0,0,0,1,1,1,0,0,0,0,1
hltps-wwv-bancoripley-cl.publicidadtechtre.com,0,0,1,1,0,0,0,1,0,1,1,1,0,1,1,0,1
hafezmusic.ir,0,0,1,4,0,0,0,0,0,1,1,1,0,0,0,0,1
dawanasaiacademy.in,0,0,1,5,0,0,0,0,0,1,1,1,0,0,1,0,1
forms.office.com,0,0,1,2,0,0,0,0,0,0,0,0,1,0,0,1,1
caal.cl,0,0,1,10,0,0,0,0,0,1,1,1,0,0,0,0,1
verticalintl.com,0,0,1,3,0,0,0,0,0,1,1,1,0,0,0,0,1
auslaufen.com,0,0,1,3,0,0,0,0,0,1,1,1,0,1,1,1,1
thejobnewsupdate.com,0,0,1,5,0,0,0,0,0,1,1,1,0,1,1,0,1
lojaxgrowup.com,0,0,1,6,0,0,0,0,0,1,1,1,0,0,0,0,1
123456bet.com,0,0,0,3,0,0,0,0,0,1,1,1,0,1,0,0,1
gomerodeng.temp.swtest.ru,0,0,0,1,0,0,0,0,0,1,1,1,0,0,1,0,1
xip.li,0,0,0,1,0,0,0,0,0,1,1,1,0,0,0,1,1
thegioisport.com,0,0,1,2,0,0,0,0,0,1,1,1,0,0,0,0,1
microsft-suppoting.dns.army,0,0,0,2,0,0,0,1,0,1,1,1,0,0,1,0,1
amidabuli.com,0,0,0,0,0,0,0,0,0,1,1,1,0,1,0,0,1
betasus332.blogspot.com,0,0,0,0,0,0,0,0,0,1,1,1,0,1,0,0,1
playarprint.com,0,0,1,2,0,0,0,0,0,1,1,1,0,0,0,1,1
mysp.ac,0,0,0,1,0,0,0,0,0,1,1,1,0,0,0,1,1
split.to,0,0,0,1,0,0,0,0,0,1,1,1,0,0,0,1,1
sua-vida-melhor-aqui.com,0,0,1,2,0,0,0,1,0,1,1,1,1,0,0,0,1
paypal.co.uk.userx6dv4s7z67t.settingsppup.com,0,0,1,1,0,0,0,0,0,1,1,1,0,0,0,0,1
pentagonconsultants.in,0,0,1,2,0,0,0,0,0,1,1,1,0,1,1,0,1
www.topcrackdownload.com,0,0,0,2,0,0,0,0,1,1,1,1,0,0,0,1,1
cardata-invoices.com,0,0,0,1,0,0,0,1,0,1,1,1,0,0,1,0,1
printerparts.co.ke,0,0,1,3,0,0,0,0,0,1,1,1,0,0,0,0,1
cap114.fr,0,0,0,1,0,0,0,0,0,1,1,1,1,0,0,0,1
falconxworld.com,0,0,1,6,0,0,0,0,0,1,1,1,0,0,0,1,1
league0flegends0lgz3m.000webhostapp.com,0,0,0,0,0,0,0,0,1,1,1,1,1,0,0,0,1
jra-automacao.com.br,0,0,1,3,0,0,0,1,0,1,1,1,0,0,1,0,1
spectralwirejewelry.com,0,0,1,5,0,0,0,0,0,1,1,1,0,0,0,0,1
2b87a39fe5ef08875af9edab331f7589.accesscam.org,0,0,1,1,0,0,0,0,0,1,1,1,0,0,0,0,1
cheaproomsvalencia.com,0,0,1,5,0,0,0,0,0,1,1,1,1,0,0,1,1
firebasestorage.googleapis.com,0,1,1,5,0,0,0,0,0,1,1,1,0,0,0,0,1
secure.runescape.com-en.ru,0,0,1,2,0,0,0,1,0,1,1,1,0,0,0,0,1
623112j4j3.codesandbox.io,0,0,0,1,0,0,0,0,0,1,1,1,0,0,0,0,1
1drv.ms,0,0,1,2,0,0,0,0,0,1,1,1,0,0,0,0,1
argag.com,0,0,1,2,0,0,0,0,0,1,1,1,0,0,0,0,1
netorgft971973-my.sharepoint.com,0,0,1,5,0,0,0,1,0,1,1,1,0,0,1,0,1
use.ge,0,0,0,1,0,0,0,0,0,1,1,1,0,0,0,0,1
www.nicolacirilli.it,0,1,1,1,0,0,0,0,0,1,1,1,0,0,1,1,1
changetanzania.org,0,0,0,2,0,0,0,0,0,1,1,1,0,0,0,0,1
docs.google.com,0,0,1,5,0,0,0,0,0,0,0,0,0,0,0,0,1
tennenaturephotography.com,0,0,0,1,0,0,0,0,0,1,1,1,1,0,1,1,1
wirereach53.com,0,0,1,4,0,0,0,0,0,1,1,1,0,0,0,1,1
labyrinthtanning.com,0,0,0,2,0,0,0,0,0,1,1,1,1,0,1,0,1
click.email.microsoftemail.com,0,0,1,0,0,0,0,0,0,1,1,1,0,0,1,0,1
prefabbricatipanozzo.it,0,0,1,5,0,0,0,0,0,1,1,1,0,0,0,0,1
realestate-page.us.alapinta.com,0,0,0,0,0,0,0,1,0,1,1,1,0,0,0,0,1
managechamp.com,0,0,1,11,0,0,0,0,0,1,1,1,0,1,0,0,1
tpv63.net,0,0,1,2,0,0,0,0,0,1,1,1,0,1,0,0,1
fitnessrace.com,0,0,0,3,0,0,0,0,0,1,1,1,1,0,0,0,1
ecoachinginternational.com,0,0,1,2,0,0,0,0,0,1,1,1,0,0,0,0,1
www.imcreator.com,0,0,1,2,0,0,0,0,0,1,1,1,1,0,0,1,1
www.geoenergia.net,0,0,0,1,0,0,0,0,0,1,1,1,0,0,0,0,1
cartoworld.co.ke,0,0,0,3,0,0,0,0,0,1,1,1,1,0,0,0,1
latamtest.cingodesarrollos.com.ar,0,0,0,1,0,0,0,0,0,1,1,1,0,1,0,0,1
hitsem.com,0,0,1,1,0,0,0,0,0,1,1,1,1,0,0,0,1
www.store.vps.exoret.com,0,0,0,0,0,0,0,0,0,1,1,1,0,0,0,0,1
rongbachkim.tv,0,0,0,2,0,0,0,0,0,1,1,1,0,0,0,1,1
fvmng.com,0,1,1,1,0,0,0,0,0,1,1,1,0,1,0,0,1
johnfinchpartnership.com,0,0,1,2,0,0,0,0,0,1,1,1,0,0,1,0,1
akilili.com,0,0,1,4,0,0,0,0,0,1,1,1,1,0,1,1,1
mnotify.com,0,0,1,7,0,0,0,0,0,1,1,1,1,0,0,0,1
revenueemployementinterac.com,0,0,1,5,0,0,0,0,0,1,1,1,0,1,0,0,1
fareast.qa,0,0,1,3,0,0,0,0,0,1,1,1,0,0,0,1,1
yarlstudio.com,0,0,0,2,0,0,0,0,0,1,1,1,1,0,1,0,1
dazzlespread53.com,0,0,1,6,0,0,0,0,0,1,1,1,0,0,1,0,1
forms.office.com,0,0,1,2,0,0,0,0,0,0,0,0,0,0,0,0,1
thesamjain.com,0,0,1,5,0,0,0,0,0,1,1,1,1,1,0,0,1
innovativemobilephonemarketing.com,0,0,0,1,0,0,0,0,0,1,1,1,1,0,0,0,1
paypal-loginupdate.viewdns.net,0,0,0,0,0,0,0,1,0,1,1,1,0,1,0,0,1
shriswaminarayanmission.org,0,0,1,2,0,0,0,0,0,1,1,1,0,0,0,1,1
oralco.co,0,0,1,5,0,0,0,0,0,1,1,1,0,0,0,0,1
mace-paris.com,0,0,1,7,0,0,0,1,0,1,1,1,0,0,0,1,1
colegiodosardao.org,0,0,1,7,0,0,0,0,0,1,1,1,0,0,0,0,1
leadershipauthoritypro.com,0,0,1,3,0,0,0,0,0,1,1,1,1,0,0,0,1
environaquatech.com,0,0,1,4,0,0,0,0,0,1,1,1,0,0,1,0,1
www.topzouzanawxcompany.org,0,0,1,3,0,0,0,0,1,1,1,1,0,0,1,0,1
itaucard.segmobionline.ml,0,0,0,1,0,0,0,0,1,1,1,1,1,0,0,1,1
forms.office.com,0,0,1,2,0,0,0,0,0,0,0,0,1,0,0,0,1
nasih-network.com,0,0,1,4,0,0,0,1,0,1,1,1,0,0,0,0,1
www.officiel-dofus.com,0,0,0,0,0,0,0,1,0,1,1,1,0,0,1,0,1
investmongolia.top,0,0,0,3,0,0,0,0,1,1,1,1,1,0,0,0,1
hrdept.networkhostdocument.club,0,0,0,0,0,0,0,0,0,1,1,1,0,0,0,0,1
www.deshstore.com,0,0,0,2,0,0,0,0,0,1,1,1,0,0,0,0,1
www.webloginnavigator-dewebkonto.cloud,0,0,1,3,0,0,0,1,0,1,1,1,0,0,0,0,1
ogrupobancolombia.com,0,0,1,2,0,0,0,0,0,1,1,1,1,0,0,0,1
trustveda.com,0,0,1,5,0,0,0,0,0,1,1,1,0,0,0,0,1
www.checkinitausecurity.com,0,0,0,1,0,0,0,0,0,1,1,1,0,1,0,0,1
profmetal.by,0,0,0,5,0,0,0,0,0,1,1,1,0,0,0,0,1
www.donplitka.in.ua,0,0,1,5,0,0,0,0,0,1,1,1,1,0,1,0,1
telalmakkah.com,0,0,0,3,0,0,0,0,0,1,1,1,1,0,0,0,1
portoengenharia.net,0,0,1,3,0,0,0,0,0,1,1,1,0,0,0,0,1
www.diablodev.com,0,0,1,5,0,0,0,0,0,1,1,1,0,0,1,0,1
abdulrdawood.com,0,0,0,2,0,0,0,0,0,1,1,1,0,0,0,0,1
elgabalawy.com,0,0,0,1,0,0,0,0,0,1,1,1,0,0,0,0,1
economyfurnace-my.sharepoint.com,0,0,1,5,0,0,0,1,0,1,1,1,0,1,1,1,1
165.22.103.235,1,0,0,1,0,0,0,0,0,1,1,1,0,0,0,0,1
kitmaravilhosoparamamaepresenteie.com,0,0,1,2,0,0,0,0,0,1,1,1,0,0,0,1,1
c1781279.ferozo.com,0,0,0,3,0,0,0,0,0,1,1,1,0,0,0,0,1
ltaucard.com,0,0,0,2,0,0,0,0,0,1,1,1,0,0,0,0,1
paypal.fr.service.web-security.login.submit.flannelmouth.com,0,0,1,0,0,0,0,1,0,1,1,1,0,0,0,0,1
www.floorsdirectltd.co.uk,0,0,0,2,0,0,0,0,0,1,1,1,1,1,0,0,1
c1511482.ferozo.com,0,0,0,4,0,0,0,0,0,1,1,1,0,0,1,0,1
itcitymm.com,0,0,1,5,0,0,0,0,0,1,1,1,1,0,0,0,1
blendedbylove.com,0,0,0,1,0,0,0,0,0,1,1,1,1,0,0,0,1
www.bombayelectricstore.com,0,0,1,3,0,0,0,0,0,1,1,1,0,0,0,0,1
odd-job-places.000webhostapp.com,0,0,0,0,0,0,0,1,1,1,1,1,1,0,0,0,1
yourfitnesscorner.com,0,0,1,9,0,0,0,0,0,1,1,1,0,0,0,0,1
mivingrelocationservices.info,0,0,0,0,0,0,0,0,0,1,1,1,0,0,0,1,1
www.cachesistemas.com.br,0,0,0,2,0,0,0,0,0,1,1,1,0,0,1,0,1
auslaufen.com,0,0,1,3,0,0,0,0,0,1,1,1,0,0,0,0,1
cnsenxiang.com,0,0,0,2,0,0,0,0,0,1,1,1,0,0,0,0,1
www.appindia.co.in,0,0,1,6,0,0,0,0,0,1,1,1,0,0,0,0,1
delgadaygordo.com,0,0,0,2,0,0,0,0,0,1,1,1,0,0,0,0,1
paypal.com.service-verification.id65416598.quranlanguage.com,0,0,1,3,0,0,0,1,0,1,1,1,0,0,0,0,1
obuwiesalomon.pl,0,0,0,0,0,0,0,0,0,1,1,1,0,0,0,0,1
playarprint.com,0,0,1,2,0,0,0,0,0,1,1,1,0,0,0,0,1
bwe8.byethost12.com,0,0,0,1,0,0,0,0,0,1,1,1,0,0,0,0,1
greenpoint.art.br,0,0,1,4,0,0,0,0,0,1,1,1,0,0,1,0,1
admzonc.kiju.com.cn,0,0,0,0,0,0,0,0,0,1,1,1,0,1,0,0,1
ppayppal.ipq.co,0,0,0,3,0,0,0,0,0,1,1,1,0,1,0,0,1
www.sieck-kuehlsysteme.de,0,1,1,4,0,0,0,1,0,1,1,1,0,0,0,1,1
www.aludagoglichidze.ge,0,0,0,1,0,0,0,0,0,1,1,1,0,0,0,1,1
groupabamcolombiaweb.com,0,0,0,0,0,0,0,0,0,1,1,1,0,0,0,0,1
algotextil.com.br,0,0,0,0,0,0,0,0,0,1,1,1,0,0,1,0,1
www.hw591.com,0,0,0,0,0,0,0,0,0,1,1,1,0,0,1,0,1
stolizaparketa.ru,0,1,1,7,0,0,0,0,0,1,1,1,0,0,0,0,1
kalayekhabeyas.ir,0,0,1,8,0,0,0,0,0,1,1,1,0,0,0,1,1
bicicentroslezama.com,0,0,1,3,0,0,0,0,0,1,1,1,0,0,0,0,1
investingdojo.icu,0,0,0,2,0,0,0,0,0,1,1,1,0,0,0,0,1
jjj.snprobbx.pbz.r.de.a2ip.ru,0,0,0,1,0,0,0,0,0,1,1,1,0,0,0,0,1
valeexpressa.com,0,0,0,2,0,0,0,0,0,1,1,1,0,0,0,0,1
proviamocosamanca.it,0,0,1,3,0,0,0,0,0,1,1,1,0,0,0,0,1
personaszonasegvra1bnonline.com,0,0,0,2,0,0,0,0,0,1,1,1,0,0,0,1,1
vmorefraud.com,0,0,0,2,0,0,0,0,0,1,1,1,0,0,0,0,1
honeysaienterprises.com,0,1,1,4,0,0,0,0,0,1,1,1,1,0,0,0,1
secure.runescape.com-en.ru,0,0,1,2,0,0,0,1,0,1,1,1,0,0,1,0,1
waytoketo.com,0,0,1,4,0,0,0,0,0,1,1,1,0,0,1,0,1
wildpridesafaris.com,0,0,0,2,0,0,0,0,0,1,1,1,0,0,0,1,1
www.courgeon-immobilier.fr,0,0,1,6,0,0,0,1,0,1,1,1,0,0,0,0,1
headphonestyles.buzz,0,0,0,3,0,0,0,0,0,1,1,1,0,0,0,0,1
www.turkmcse.com,0,0,0,2,0,0,0,0,0,1,1,1,0,0,0,0,1
ayogabungdigrupwa121.000webhostapp.com,0,0,0,0,0,0,0,0,1,1,1,1,0,0,0,0,1
jenniferzima323.com,0,0,0,3,0,0,0,0,0,1,1,1,0,0,0,0,1
9m.no,0,0,0,1,0,0,0,0,0,1,1,1,0,0,0,0,1
wuarface.ru:443,0,0,0,0,0,0,0,0,0,1,1,1,0,0,0,0,1
pinnerx.com,0,0,1,2,0,0,0,0,0,1,1,1,1,0,0,0,1
urbanmeisters.ovh,0,0,1,6,0,0,0,0,0,1,1,1,0,0,0,0,1
in-artroom.ru,0,1,1,2,0,0,0,1,0,1,1,1,0,0,0,0,1
www.paxful.cam,0,0,0,1,0,0,0,0,0,1,1,1,0,0,1,0,1
theingredients.net,0,0,0,2,0,0,0,0,0,1,1,1,0,0,0,1,1
elearningytecnologia.com,0,1,1,3,0,0,0,0,0,1,1,1,0,0,1,0,1
notarius24.biz,0,0,1,14,0,0,0,0,0,1,1,1,0,0,0,0,1
www.entraegypt.com,0,0,0,1,0,0,0,0,0,1,1,1,0,0,0,0,1
belshop.fitcurves.org,0,0,0,1,0,0,0,0,0,1,1,1,1,0,0,1,1
nhomkinhlongxuyen.com,0,0,1,8,0,0,0,0,0,1,1,1,1,0,0,0,1
bodegalatinacorp-my.sharepoint.com,0,0,1,5,0,0,0,1,0,1,1,1,0,0,0,0,1
docs.google.com,0,0,1,5,0,0,0,0,0,0,0,0,0,0,1,0,1
ee-mobilebillinfo.com,0,0,0,0,0,0,0,1,0,1,1,1,0,1,0,1,1
www.verificacaoitau.com,0,0,0,0,0,0,0,0,0,1,1,1,0,0,0,0,1
tradoauc.com,0,0,0,4,0,0,0,0,0,1,1,1,0,0,0,0,1
decompress323.ga,0,0,1,2,0,0,0,0,1,1,1,1,0,1,0,0,1
seg-dispositivo.com,0,0,0,1,0,0,0,1,0,1,1,1,0,0,0,0,1
burkestar.com,0,1,1,5,0,0,0,0,0,1,1,1,1,0,0,0,1
www.qualityconstructionenterprisesllc.com,0,0,1,2,0,0,0,0,0,1,1,1,0,0,0,0,1
wdestaques11.em-qualquer-lugar.shop,0,0,1,5,0,0,0,1,0,1,1,1,1,0,0,0,1
ripenesseffective.co.za,0,0,0,4,0,0,0,0,0,1,1,1,0,0,0,1,1
budigam.budi01.me,0,0,0,0,0,0,0,0,0,1,1,1,0,0,0,0,1
southcountyclassified.com,0,0,1,5,0,0,0,0,0,1,1,1,0,0,1,0,1
2fa.bthei.com,0,0,0,2,0,0,0,0,0,1,1,1,0,1,0,0,1
dropshippingmart.com,0,0,0,3,0,0,0,0,0,1,1,1,0,0,0,1,1
saldao-das-maes.com,0,0,0,2,0,0,0,1,0,1,1,1,0,1,1,0,1
avisobcp.com,0,0,0,1,0,0,0,0,0,1,1,1,0,0,0,0,1
barogaleria.com,0,1,1,5,0,0,0,0,0,1,1,1,0,0,0,1,1
paypal.com.secure.information.vineyardadvice.com,0,0,1,1,0,0,0,0,0,1,1,1,0,0,0,0,1
evnt.com.br,0,0,1,10,0,0,0,0,0,1,1,1,0,0,1,1,1
hmp.me,0,0,0,1,0,0,0,0,0,1,1,1,0,0,0,1,1
cheaproomsvalencia.com,0,0,1,5,0,0,0,0,0,1,1,1,0,0,0,1,1
drive.google.com,0,0,1,4,0,0,0,0,0,0,0,0,0,0,0,0,1
locksmail.com,0,0,1,7,0,0,0,0,0,1,1,1,0,0,0,1,1
docs.google.com,0,0,1,7,0,0,0,0,0,0,0,0,0,1,0,0,1
bit-x.ru,0,0,0,0,0,0,0,1,0,1,1,1,0,0,0,1,1
tcmedia.pt,0,0,1,2,0,0,0,0,0,1,1,1,1,0,0,0,1
ukbusinessdaily.com,0,0,1,4,0,0,0,0,0,1,1,1,0,0,0,1,1
c1511482.ferozo.com,0,0,0,4,0,0,0,0,0,1,1,1,0,0,0,0,1
atefnet.com,0,0,1,4,0,0,0,0,0,1,1,1,1,0,0,1,1
2d02cb2388.nxcli.net,0,0,1,3,0,0,0,0,0,1,1,1,0,0,1,0,1
attach6119bgz.myratesale.com,0,0,0,0,0,0,0,0,0,1,1,1,0,0,0,0,1
skinponkits.club,0,0,0,1,0,0,0,0,0,1,1,1,0,0,0,1,1
www.amiesaerxcss.com,0,0,0,0,0,0,0,0,0,1,1,1,0,0,0,0,1
www.sanromedio.org,0,0,0,4,0,0,0,0,0,1,1,1,1,0,1,1,1
nordcity.by,0,0,0,2,0,0,0,0,0,1,1,1,0,0,0,1,1
u.to,0,0,0,1,0,0,1,0,0,1,1,1,0,1,0,0,1
paypal-test.projektumfeld.de,0,0,0,0,0,0,0,1,0,1,1,1,0,1,0,0,1
hamt.jp,0,0,1,8,0,0,0,0,0,1,1,1,0,0,0,0,1
mapeigroup-my.sharepoint.com,0,0,1,5,0,0,0,1,0,1,1,1,0,0,0,0,1
dev.nortoncommercial.com.gowpsite.com,0,0,1,3,0,0,0,0,0,1,1,1,0,0,0,0,1
ithinkpink.in,0,0,1,5,0,0,0,0,0,1,1,1,0,1,0,1,1
marantoptions.com.au,0,0,0,1,0,0,0,0,0,1,1,1,0,0,1,0,1
aprenderparaser.com.br,0,0,0,1,0,0,0,0,0,1,1,1,0,0,0,0,1
esapcepro-org.com,0,0,1,4,0,0,0,1,0,1,1,1,0,0,0,0,1
193.35.48.23,1,0,1,1,0,0,0,0,0,1,1,1,0,0,0,0,1
cwmrc.org,0,0,0,2,0,0,0,0,0,1,1,1,0,0,0,1,1
www.danielescivoli.it,0,0,1,2,0,0,0,0,0,1,1,1,0,0,0,0,1
db.mailtrackpro.com,0,0,1,3,0,0,0,0,0,1,1,1,0,0,0,0,1
blog.cellprofiler.org,0,1,1,1,0,0,0,0,0,1,1,1,0,0,0,0,1
www.pcsvet.si,0,0,1,5,0,0,0,0,0,1,1,1,0,0,0,0,1
www.courgeon-immobilier.fr,0,0,1,6,0,0,0,1,0,1,1,1,0,0,0,0,1
stolizaparketa.ru,0,0,1,6,0,0,0,0,0,1,1,1,0,0,0,0,1
docs.google.com,0,0,1,5,0,0,0,0,0,0,0,0,0,0,0,0,1
a2plvcpnl308307.prod.iad2.secureserver.net,0,0,1,4,0,0,0,0,0,1,1,1,0,0,0,0,1
kbagro.co.th,0,0,0,0,0,0,0,0,0,1,1,1,0,0,0,1,1
free.mymapsexpress.com,0,0,1,1,0,0,0,0,0,1,1,1,0,1,0,0,1
www.med-practic.com,0,0,1,5,0,0,0,1,0,1,1,1,0,0,0,0,1
innoaura.com,0,0,0,3,0,0,0,0,0,1,1,1,0,1,0,0,1
bank-of-america-secure00.dns05.com,0,0,1,4,0,0,0,1,0,1,1,1,0,1,1,1,1
customer-ebay.com,0,0,1,5,0,0,0,1,0,1,1,1,0,0,0,1,1
hrweb99.com,0,0,1,6,0,0,0,0,0,1,1,1,0,0,0,0,1
wilstv.com,0,0,1,4,0,0,0,0,0,1,1,1,0,0,0,0,1
everestwebdevelopment.com,0,0,1,3,0,0,0,0,0,1,1,1,1,1,0,1,1
hamdamfoundation.org.pk,0,0,1,2,0,0,0,0,0,1,1,1,0,0,0,0,1
bd-times.com,0,0,1,8,0,0,0,1,0,1,1,1,0,0,0,0,1
www.capital-it.eu,0,0,0,2,0,0,0,1,0,1,1,1,1,0,1,0,1
nectaribate.com.br,0,0,0,3,0,0,0,0,0,1,1,1,0,1,0,0,1
cap114.fr,0,0,0,1,0,0,0,0,0,1,1,1,0,1,0,0,1
i-ta.cc,0,0,0,0,0,0,0,1,0,1,1,1,0,0,0,0,1
sempreaberto.com.br,0,0,0,4,0,0,0,0,0,1,1,1,0,0,1,0,1
flrstmet.com,0,0,0,1,0,0,0,0,0,1,1,1,1,0,0,0,1
batumi.net,0,0,0,3,0,0,0,0,0,1,1,1,1,1,0,0,1
mandan.com.tr,0,0,0,2,0,0,0,0,0,1,1,1,0,0,0,0,1
bethesdaalur.org,0,0,0,3,0,0,0,0,0,1,1,1,0,0,0,0,1
u.nu,0,0,0,1,0,0,0,0,0,1,1,1,0,0,0,0,1
chuffinspace.org,0,0,1,2,0,0,0,0,0,1,1,1,0,0,0,0,1
fountainofhope.com,0,0,0,3,0,0,0,0,0,1,1,1,1,0,0,0,1
civilcontractorsinmumbai.in,0,0,1,3,0,0,0,0,0,1,1,1,0,1,1,0,1
drive.google.com,0,0,1,4,0,0,0,0,0,0,0,0,0,0,0,0,1
advonationusa.com,0,0,1,6,0,0,0,0,0,1,1,1,0,0,0,0,1
okletsbuy.com,0,0,0,2,0,0,0,0,0,1,1,1,0,0,0,1,1
forms.office.com,0,0,1,2,0,0,0,0,0,0,0,0,1,0,0,0,1
emailsettings.webflow.io,0,0,0,0,0,0,0,0,0,1,1,1,0,0,0,0,1
forms.office.com,0,0,1,2,0,0,0,0,0,0,0,0,0,0,0,0,1
www.centec-am.com.br,0,1,1,4,0,0,0,1,0,1,1,1,0,0,1,0,1
www.turkmcse.com,0,0,0,2,0,0,0,0,0,1,1,1,0,0,0,0,1
customerr-loginn.amazonn.com.aksesupdatesverify09.com,0,0,1,2,0,0,0,1,0,1,1,1,0,0,1,0,1
docs.google.com,0,0,1,5,0,0,0,0,0,0,0,0,0,0,0,0,1
stholidays.com.np,0,0,0,2,0,0,0,0,0,1,1,1,0,1,0,1,1
www.kebepxinh.vn,0,1,1,3,0,0,0,0,0,1,1,1,0,0,1,0,1
usbank-link-mupyndtfft---com.illmickelsonbeats.com,0,0,1,1,0,0,0,1,0,1,1,1,0,0,0,0,1
muz.so,0,0,0,1,0,0,0,0,0,1,1,1,0,0,0,0,1
thechristianreferralnetwork.com,0,0,1,3,0,0,0,0,0,1,1,1,0,0,0,0,1
telligentmasonry-my.sharepoint.com,0,0,1,5,0,0,0,1,0,1,1,1,0,0,0,0,1
www.jeffersonsgroup.com,0,0,0,2,0,0,0,0,0,1,1,1,0,0,0,1,1
159.65.133.234,1,0,1,5,0,0,0,0,0,1,1,1,0,0,0,1,1
sethsbananacam.com,0,0,1,3,0,0,0,0,0,1,1,1,0,0,1,0,1
mmagaluofertashj.com,0,0,0,1,0,0,0,0,0,1,1,1,0,0,0,0,1
strpservingdash.com,0,0,1,3,0,0,0,0,0,1,1,1,0,1,0,0,1
snapchat.account.com.mx,0,0,0,0,0,0,0,0,0,1,1,1,1,0,0,0,1
ken.kulaklikdergisi.com,0,1,1,1,0,0,0,0,0,1,1,1,0,0,0,0,1
alzahrani-online.com,0,0,1,3,0,0,0,1,0,1,1,1,0,0,0,0,1
www.ulrc.go.ug,0,0,0,1,0,0,0,0,0,1,1,1,1,0,1,0,1
dearmomimokay.com,0,0,1,3,0,0,0,0,0,1,1,1,1,0,0,0,1
validadispositivo.ddns.net:2020,0,0,0,1,0,0,0,0,0,1,1,1,0,1,0,0,1
sabatcucina.com.br,0,0,0,1,0,0,0,0,0,1,1,1,0,0,0,0,1
arrowsurfandsport.com,0,0,1,3,0,0,0,0,0,1,1,1,0,0,0,0,1
www.floorsdirectltd.co.uk,0,0,0,2,0,0,0,0,0,1,1,1,1,0,0,0,1
minagi.org,0,0,0,4,0,0,0,0,0,1,1,1,0,0,0,0,1
huntsvillelistings.buzz,0,0,0,3,0,0,0,0,0,1,1,1,1,0,0,0,1
u1026085.cp.regruhosting.ru,0,0,1,2,0,0,0,0,0,1,1,1,0,0,0,0,1
www.bimovia.com,0,0,1,3,0,0,0,0,0,1,1,1,0,0,0,0,1
skgfiltration.com,0,0,0,2,0,0,0,0,0,1,1,1,0,0,0,0,1
lz5.1ee.myftpupload.com,0,0,1,2,0,0,0,0,0,1,1,1,0,0,0,0,1
orangeetmoi.fr-assurancev1.cf,0,0,1,2,0,0,0,1,1,1,1,1,0,0,0,0,1
thelogodept.com,0,0,1,6,0,0,0,0,0,1,1,1,0,0,0,1,1
coinfail.top,0,0,0,0,0,0,0,0,1,1,1,1,0,0,1,0,1
rastreomoderno.com,0,0,1,4,0,0,0,0,0,1,1,1,0,0,1,1,1
seireshd.com,0,0,0,0,0,0,0,0,0,1,1,1,0,0,0,0,1
duluxshop.lk,0,0,1,3,0,0,0,0,0,1,1,1,0,0,0,0,1
www.diablodev.com,0,0,0,1,0,0,0,0,0,1,1,1,0,0,0,1,1
www.toquedsol.com,0,0,1,7,0,0,0,0,0,1,1,1,1,0,0,0,1
209.99.16.16,1,0,1,4,0,0,0,0,0,1,1,1,1,0,0,0,1
secure.runescape.rs-p.xyz,0,0,0,0,0,0,0,1,1,1,1,1,1,0,1,0,1
realchef.com.au,0,0,1,6,0,0,0,0,0,1,1,1,1,0,0,0,1
b5hz.jammyads.com,0,0,1,1,0,0,0,0,0,1,1,1,0,0,0,0,1
forms.office.com,0,0,1,2,0,0,0,0,0,0,0,0,0,0,0,0,1
i-ta.cc,0,1,1,1,0,0,0,1,0,1,1,1,0,0,0,0,1
bethesdaalur.org,0,0,0,3,0,0,0,0,0,1,1,1,0,1,0,1,1
www.mtmonly.com,0,1,1,6,0,0,0,0,0,1,1,1,0,0,0,0,1
night-kingdom.mysteria.cz,0,0,1,1,0,0,0,1,0,1,1,1,1,0,0,1,1
odishainfo.in,0,0,0,1,0,0,0,0,0,1,1,1,0,0,0,0,1
bestconferenceline.com,0,0,1,2,0,0,0,0,0,1,1,1,1,1,0,0,1
server7online.com,0,0,1,2,0,0,0,0,0,1,1,1,1,1,1,0,1
laurelmine.xyz,0,0,0,1,0,0,0,0,1,1,1,1,1,0,0,0,1
tweedy-light.000webhostapp.com,0,0,0,1,0,0,0,1,1,1,1,1,0,0,1,1,1
c1770209.ferozo.com,0,0,0,4,0,0,0,0,0,1,1,1,1,0,0,0,1
loveslife.biz,0,0,0,0,0,0,0,0,0,1,1,1,0,0,0,1,1
three.gb-uk.co.uk,0,0,0,2,0,0,0,1,0,1,1,1,0,1,0,0,1
ch.net2care.com,0,0,0,2,1,0,0,0,0,1,1,1,0,0,0,0,1
livenmitac-my.sharepoint.com,0,0,1,5,0,0,0,1,0,1,1,1,0,0,0,0,1
reservaspersonalenlinea.com,0,0,0,2,0,0,0,0,0,1,1,1,1,0,0,0,1
35.188.36.185,1,0,0,3,0,0,0,0,0,1,1,1,0,0,0,0,1
elpla.pl,0,0,0,3,0,0,0,0,0,1,1,1,0,0,0,0,1
yuhfdwesaa.appspot.com,0,0,0,0,0,0,0,0,0,1,1,1,1,0,0,1,1
ouraring-my.sharepoint.com,0,0,1,5,0,0,0,1,0,1,1,1,0,0,0,1,1
mereliverystables.com,0,0,1,4,0,0,0,0,0,1,1,1,0,1,0,0,1
zohard.com,0,0,1,8,0,0,0,0,0,1,1,1,0,0,0,0,1
www.justlookapp.com,0,0,1,7,0,0,0,0,0,1,1,1,0,1,0,0,1
secure.runescape.com-scure.live,0,0,0,0,0,0,0,1,0,1,1,1,0,0,0,0,1
www.bimovia.com,0,0,1,4,0,0,0,0,0,1,1,1,0,0,0,1,1
gkjx168.com,0,0,0,1,0,0,0,0,0,1,1,1,1,1,0,0,1
facebook.com.triumphhomes.co.uk,0,0,0,0,0,0,0,0,0,1,1,1,1,0,0,0,1
www.goldsilverboutique.com,0,0,1,3,0,0,0,0,0,1,1,1,0,0,0,1,1
wheresuccessbegins.buzz,0,0,0,2,0,0,0,0,0,1,1,1,1,0,0,0,1
visitor.constantcontact.com,0,0,1,3,0,0,0,0,0,1,1,1,1,0,0,0,1
filetransfer.io,0,0,0,2,0,0,0,0,0,1,1,1,1,0,0,0,1
nab.secured-onlinebanking.verify-ib.co,0,0,0,1,0,0,0,1,0,1,1,1,1,1,0,0,1
assine.jcdigital.com.br,0,0,0,1,0,0,0,0,0,1,1,1,0,0,0,0,1
ronhommelfotografie.nl,0,0,0,1,0,0,0,0,0,1,1,1,1,0,0,0,1
51jianli.cn,0,0,1,1,0,0,0,0,0,1,1,1,0,0,0,0,1
eiepl.com,0,0,0,4,0,0,0,0,0,1,1,1,0,0,0,0,1
aprenderparaser.com.br,0,0,0,1,0,0,0,0,0,1,1,1,0,0,0,0,1
tokokainbandung.com,0,0,1,10,0,0,0,0,0,1,1,1,0,0,0,1,1
verfiayiosnmer.com,0,0,0,2,0,0,0,0,0,1,1,1,0,0,1,0,1
mail.www-avilto.ru,0,0,0,0,0,0,0,1,0,1,1,1,0,0,0,0,1
ltaucardrenovacao.unaux.com,0,0,0,0,0,0,0,0,0,1,1,1,0,0,0,0,1
tpnm.info,0,0,0,3,0,0,0,0,0,1,1,1,0,0,1,0,1
xxx.getit12.com,0,0,0,0,0,0,0,0,0,1,1,1,0,0,0,0,1
ytco.in,0,0,0,2,0,0,0,0,0,1,1,1,0,0,0,0,1
houseoftiresbcs.com,0,0,0,4,0,0,0,0,0,1,1,1,0,0,0,1,1
onroads.co.in,0,0,0,4,0,0,0,0,0,1,1,1,0,0,1,1,1
urlz.fr,0,0,0,1,0,0,0,0,0,1,1,1,0,0,0,0,1
www.planwise.co.za,0,0,1,7,0,0,0,0,0,1,1,1,0,0,0,0,1
klsjdlfkjqslfkjsdlkfjldsfjldsf.blogspot.com,0,0,0,0,0,0,0,0,0,1,1,1,0,0,0,0,1
bit-x.ru,0,0,0,0,0,0,0,1,0,1,1,1,1,0,0,1,1
email.veromailer.com,0,0,1,2,0,0,0,0,0,1,1,1,1,0,0,1,1
class.britishonline.co,0,0,1,4,0,0,0,0,0,1,1,1,0,0,0,0,1
app.help-recovery-pages.my.id,0,0,1,0,0,0,0,1,0,1,1,1,0,1,0,0,1
infopublishersassociation.com,0,0,1,8,0,0,0,0,0,1,1,1,0,0,0,0,1
www.mintubrar.com,0,0,1,3,0,0,0,0,0,1,1,1,0,0,0,1,1
meduchet.com,0,0,1,7,0,0,0,0,0,1,1,1,0,1,0,0,1
mr-statucki.com,0,0,1,5,0,0,0,1,0,1,1,1,0,0,0,0,1
firebasestorage.googleapis.com,0,0,1,5,0,0,0,0,0,1,1,1,0,1,0,1,1
8leap.com,0,0,1,4,0,0,0,0,0,1,1,1,0,0,1,0,1
t.co,0,0,0,1,0,0,1,0,0,1,1,1,0,0,0,0,1
betasusgiris2.blogspot.com,0,0,0,0,0,0,0,0,0,1,1,1,1,0,0,0,1
www.iarp.org.in,0,0,0,2,0,0,0,0,0,1,1,1,0,0,0,0,1
acessoriamente.com,0,0,0,1,0,0,0,0,0,1,1,1,0,0,0,0,1
esgcommercialbrokers.com,0,0,0,1,0,0,0,0,0,1,1,1,0,0,0,0,1
sites.google.com,0,0,0,2,0,0,0,0,0,0,0,0,0,0,0,0,1
rediractionid547012016089540218057.blogspot.com,0,0,1,0,0,0,0,0,0,1,1,1,0,0,0,0,1
cobrodesa.com,0,0,1,3,0,0,0,0,0,1,1,1,0,0,0,0,1
villasakuraubud.com,0,0,1,6,0,0,0,0,0,1,1,1,0,1,0,0,1
soude-masi.firebaseapp.com,0,0,0,0,0,0,0,1,0,1,1,1,1,0,0,0,1
betasussgiris.blogspot.com,0,0,0,0,0,0,0,0,0,1,1,1,0,0,0,0,1
fareast.qa,0,0,1,3,0,0,0,0,0,1,1,1,0,0,0,0,1
newlimeco-my.sharepoint.com,0,0,1,4,0,0,0,1,0,1,1,1,0,0,0,0,1
adnet8.com,0,0,1,2,0,0,0,0,0,1,1,1,0,0,0,0,1
waspsstore.com,0,0,0,2,0,0,0,0,0,1,1,1,0,0,1,0,1
americanas.app.semanadasofertas.shop,0,0,1,0,1,0,0,0,0,1,1,1,1,0,0,0,1
www.pharmacyhelpcenter.com,0,0,1,5,0,0,0,0,0,1,1,1,1,0,0,0,1
kalayekhabeyas.ir,0,0,1,8,0,0,0,0,0,1,1,1,0,0,0,1,1
wintouch.ir,0,0,0,1,0,0,0,0,0,1,1,1,0,0,0,0,1
f.px1.co,0,0,0,0,0,0,0,0,0,1,1,1,0,0,0,0,1
email302.com,0,0,1,6,0,0,0,0,0,1,1,1,0,0,0,0,1
1drv.ms,0,0,0,2,0,0,0,0,0,1,1,1,0,0,0,0,1
trovainfluencer.com,0,0,1,8,1,0,0,0,0,1,1,1,0,0,0,0,1
www.rishtapao.com,0,0,1,6,0,0,0,0,0,1,1,1,0,0,0,0,1
tny.sh,0,0,0,1,0,0,0,0,0,1,1,1,0,0,0,1,1
pugsberacas.com,0,0,1,5,0,0,0,0,0,1,1,1,0,0,0,0,1
central-de-vendas.com,0,0,1,2,0,0,0,1,0,1,1,1,0,1,0,0,1
plusmarcas.com,0,0,1,5,0,0,0,0,0,1,1,1,0,0,0,0,1
moodle.ncirl.ie,0,0,0,2,0,0,0,0,0,1,1,1,1,0,0,0,1
forms.office.com,0,0,1,2,0,0,0,0,0,0,0,0,0,1,1,1,1
www.yetpack.com,0,0,1,4,0,0,0,0,0,1,1,1,0,1,0,0,1
clinicavirgenasunta.com,0,0,0,1,0,0,0,0,0,1,1,1,0,0,0,0,1
lightandlight.in,0,1,1,10,0,0,0,0,0,1,1,1,1,0,0,0,1
waspsstore.com,0,0,0,2,0,0,0,0,0,1,1,1,1,0,0,0,1
giveawayszone.gq,0,0,0,0,0,0,0,0,1,1,1,1,0,0,0,0,1
shopbundlebee.com,0,0,1,3,0,0,0,0,0,1,1,1,1,0,0,0,1
www.yoho.com.tw,0,0,1,3,0,0,0,0,0,1,1,1,0,0,0,0,1
joinchatgrupwhatsapp31.mrbonus.com,0,0,0,0,0,0,0,0,0,1,1,1,0,0,0,0,1
southcountyclassified.com,0,0,1,5,0,0,0,0,0,1,1,1,0,0,0,1,1
pestlorinc.net,0,0,0,1,0,0,0,0,0,1,1,1,0,0,0,0,1
staffandfaculty.my-free.website,0,0,0,0,0,0,0,1,0,1,1,1,0,0,0,0,1
facebook--rayanj.repl.co,0,0,0,0,0,0,0,1,0,1,1,1,0,0,0,0,1
michelleconnollylpc.com,0,0,1,4,0,0,0,0,0,1,1,1,0,0,0,1,1
a1kz.jammyads.com,0,0,1,1,0,0,0,0,0,1,1,1,0,0,0,0,1
secure.runescape.com-un.ru,0,0,1,2,0,0,0,1,0,1,1,1,0,0,0,0,1
dhl.export.dns-cloud.net,0,0,0,2,0,0,0,1,0,1,1,1,1,0,0,1,1
www.pevs-spb.ru,0,0,1,5,0,0,0,1,0,1,1,1,0,0,0,0,1
soo.gd,0,0,0,1,0,0,0,0,0,1,1,1,0,0,0,0,1
www.cobrodesa.com,0,0,0,3,0,0,0,0,0,1,1,1,1,0,0,0,1
netorgft3927858-my.sharepoint.com,0,0,1,5,0,0,0,1,0,1,1,1,0,0,0,0,1
comoliberarhuawei.com,0,0,0,4,0,0,0,0,0,1,1,1,1,0,0,0,1
uldkh.weblium.site,0,0,0,0,0,0,0,0,1,1,1,1,1,0,0,0,1
monovative-my.sharepoint.com:443,0,0,1,5,0,0,0,1,0,1,1,1,1,0,0,0,1
secure.runescape.com-as.ru,0,0,0,0,0,0,0,1,0,1,1,1,0,0,0,0,1
secure.runescape.rs-runescape.fun,0,0,0,0,0,0,0,1,0,1,1,1,1,0,0,0,1
lyrapuspa.quantumresign.com,0,0,0,3,0,0,0,0,0,1,1,1,0,0,0,0,1
sites.google.com,0,0,0,2,0,0,0,0,0,0,0,0,0,0,0,0,1
www.deshstore.com,0,0,0,1,0,0,0,0,0,1,1,1,0,1,0,1,1
fareast.qa,0,0,1,3,0,0,0,0,0,1,1,1,0,0,0,1,1
www.reginout.com,0,0,1,2,0,0,0,0,0,1,1,1,0,0,1,0,1
iptf.ir,0,0,1,4,0,0,0,0,0,1,1,1,1,0,0,0,1
atualizacao-de-emergencia.tk,0,0,1,4,0,0,0,1,1,1,1,1,0,0,1,0,1
autismtts.com,0,0,0,3,0,0,0,0,0,1,1,1,0,0,0,0,1
c1511482.ferozo.com,0,0,1,4,0,0,0,0,0,1,1,1,0,0,0,0,1
paypalp.ontraport.com,0,0,1,12,0,0,0,0,0,1,1,1,0,0,0,0,1
71zhuan.com,0,1,1,1,0,0,0,0,0,1,1,1,1,0,0,0,1
psicoinspire.com.br,0,0,0,1,0,0,0,0,0,1,1,1,0,0,0,0,1
estilocouros.com.br,0,0,1,6,0,0,0,0,0,1,1,1,0,0,0,0,1
